"Album","Word","Meaning","PartOfSpeech","Pronunciation","Example_English","Example_Vietnamese"
"ETS-LC-1","wait in line","xếp hàng chờ","verb","/weɪt ɪn laɪn/","Customers had to wait in line for over an hour.","Khách hàng phải xếp hàng chờ hơn một giờ."
"ETS-LC-1","wipe off","lau sạch, xóa sạch","verb","/waɪp ɔːf/","She used a cloth to wipe off the table.","Cô ấy dùng khăn để lau sạch bàn."
"ETS-LC-1","throw away","vứt bỏ","verb","/θroʊ əˈweɪ/","Please throw away your trash after the meal.","Vui lòng vứt rác sau bữa ăn."
"ETS-LC-1","shovel","xúc bằng xẻng","verb","/ˈʃʌv.əl/","Workers are shoveling snow off the walkway.","Công nhân đang xúc tuyết khỏi lối đi."
"ETS-LC-1","rearrange","sắp xếp lại","verb","/ˌriː.əˈreɪndʒ/","They had to rearrange the chairs before the event.","Họ phải sắp xếp lại ghế trước sự kiện."
"ETS-LC-1","vehicle","phương tiện di chuyển","noun","/ˈviː.ə.kəl/","The parking lot was full of delivery vehicles.","Bãi đỗ xe đầy các xe giao hàng."
"ETS-LC-1","rack","giá đỡ đồ vật","noun","/ræk/","She placed the files on the top rack.","Cô ấy đặt các tài liệu lên giá trên cùng."
"ETS-LC-1","stack","xếp chồng gọn gàng","verb","/stæk/","They stacked the boxes in the storage room.","Họ đã xếp các hộp trong phòng lưu trữ."
"ETS-LC-1","sweep","quét dọn","verb","/swiːp/","The worker is sweeping the floor near the entrance.","Người lao công đang quét sàn gần lối vào."
"ETS-LC-1","material","vật liệu","noun","/məˈtɪr.i.əl/","The materials are stored in the supply room.","Vật liệu được lưu trữ trong phòng vật tư."
"ETS-LC-1","mostly","phần lớn, chủ yếu","adverb","/ˈmoʊst.li/","The staff is mostly composed of interns.","Nhân viên chủ yếu là thực tập sinh."
"ETS-LC-1","tenant","người thuê nhà","noun","/ˈten.ənt/","Each tenant is responsible for keeping their unit clean.","Mỗi người thuê chịu trách nhiệm giữ gìn căn hộ của mình sạch sẽ."
"ETS-LC-1","vendor","nhà cung cấp","noun","/ˈven.dɚ/","The company signed a contract with a new vendor.","Công ty đã ký hợp đồng với một nhà cung cấp mới."
"ETS-LC-1","maintenance","sự bảo trì, bảo dưỡng","noun","/ˈmeɪn.tən.əns/","Elevators are closed due to scheduled maintenance.","Thang máy tạm ngừng do bảo trì theo lịch."
"ETS-LC-1","personnel","nhân sự","noun","/ˌpɝː.sənˈel/","The company hired additional personnel for the project.","Công ty tuyển thêm nhân sự cho dự án."
"ETS-LC-1","division","bộ phận trong tổ chức","noun","/dɪˈvɪʒ.ən/","He works in the sales division at headquarters.","Anh ấy làm việc tại bộ phận bán hàng ở trụ sở chính."
"ETS-LC-1","corridor","hành lang","noun","/ˈkɔrɪdɔr/","He hurried down the hotel corridor, anxious to reach his room in time.","Anh vội vã đi qua hành lang khách sạn, lo lắng sẽ đến phòng đúng giờ."
"ETS-LC-1","achieve","đạt được","verb","/əˈtʃiːv/","She worked tirelessly to achieve her target sales for the quarter.","Cô làm việc không mệt mỏi để đạt được chỉ tiêu doanh số cho quý."
"ETS-LC-1","turn out","diễn ra, phát triển theo cách nhất định","phrasal verb","/tɜːrn aʊt/","Despite the rain, the event turned out a huge success.","Mặc dù trời mưa, sự kiện vẫn thành công vang dội."
"ETS-LC-1","available","có sẵn","adjective","/əˈveɪləbl/","The data is available online for researchers to review.","Dữ liệu có sẵn trực tuyến để các nhà nghiên cứu xem xét."
"ETS-LC-1","prototype","nguyên mẫu","noun","/ˈproʊtətaɪp/","Engineers unveiled a prototype of the next-generation smartphone.","Các kỹ sư đã công bố nguyên mẫu của điện thoại thông minh thế hệ tiếp theo."
"ETS-LC-1","nominate","đề cử ai cho vị trí hoặc giải thưởng","verb","/ˈnɑːməneɪt/","She was nominated for the employee of the year award.","Cô được đề cử cho giải nhân viên của năm."
"ETS-LC-1","organize","sắp xếp","verb","/ˈɔːrɡənaɪz/","The assistant helped organize the documents for the meeting.","Trợ lý đã giúp sắp xếp tài liệu cho cuộc họp."
"ETS-LC-1","prescription","đơn thuốc","noun","/prɪˈskrɪpʃən/","The pharmacist filled my prescription within ten minutes.","Dược sĩ đã chuẩn bị đơn thuốc của tôi trong vòng mười phút."
"ETS-LC-1","fund-raiser","buổi gây quỹ","noun","/ˈfʌndˌreɪ.zɚ/","The company held a fund-raiser to support local schools.","Công ty tổ chức một buổi gây quỹ để hỗ trợ các trường học địa phương."
"ETS-LC-1","merchandise","hàng hóa","noun","/ˈmɜːrtʃəndaɪs/","The store displayed new merchandise on the front shelves.","Cửa hàng trưng bày hàng hóa mới ở kệ phía trước."
"ETS-LC-1","accounting","kế toán","noun","/əˈkaʊntɪŋ/","She studied accounting before joining the finance department.","Cô đã học kế toán trước khi gia nhập phòng tài chính."
"ETS-LC-1","invoice","hóa đơn","noun","/ˈɪnvɔɪs/","Please submit the invoice by the end of the week.","Vui lòng nộp hóa đơn trước cuối tuần."
"ETS-LC-1","authorize","cấp phép chính thức","verb","/ˈɔːθəraɪz/","Only managers are authorized to approve overtime requests.","Chỉ các quản lý mới được phép phê duyệt yêu cầu làm thêm giờ."
"ETS-LC-1","uneventful","không có sự kiện đặc biệt, bình lặng","adj","/ˌʌnɪˈventfl/","The trip was long but uneventful, with no delays or problems.","Chuyến đi dài nhưng yên ả, không có trục trặc hay sự cố."
"ETS-LC-1","behind schedule","chậm tiến độ","preposition","/bɪˈhaɪnd ˈskedʒuːl/","The project is currently behind schedule due to supply delays.","Dự án hiện đang chậm tiến độ do trì hoãn nguồn cung."
"ETS-LC-1","hospitality","sự hiếu khách","noun","/ˌhɑːspɪˈtæləti/","We appreciated the warm hospitality during our business trip.","Chúng tôi trân trọng sự hiếu khách nồng hậu trong chuyến công tác."
"ETS-LC-1","meteorology","khí tượng học","noun","/ˌmiːtiəˈrɑːlədʒi/","He studied meteorology to become a weather forecaster.","Anh ấy học khí tượng học để trở thành người dự báo thời tiết."
"ETS-LC-1","absent","vắng mặt","adj","/ˈæbsənt/","The manager was absent during the client meeting.","Người quản lý đã vắng mặt trong cuộc họp với khách hàng."
"ETS-LC-1","stamp","tem thư","noun","/stæmp/","He placed the stamp on the top-right corner of the envelope.","Anh ấy dán tem vào góc trên bên phải của phong bì."
"ETS-LC-1","retirement","nghỉ hưu","noun","/rɪˈtaɪərmənt/","He saved regularly to prepare for his retirement.","Anh ấy tiết kiệm thường xuyên để chuẩn bị cho việc nghỉ hưu."
"ETS-LC-1","demonstrate","chứng minh, hướng dẫn cách làm hoặc hoạt động của cái gì đó","verb","/ˈdemənstreɪt/","The technician demonstrated how to operate the new copier.","Kỹ thuật viên đã hướng dẫn cách vận hành máy photocopy mới."
"ETS-LC-1","compact","nhỏ gọn, tiết kiệm không gian","adj","/ˈkɑːmpækt/","The hotel room was compact but had everything we needed.","Phòng khách sạn nhỏ gọn nhưng có đầy đủ mọi thứ chúng tôi cần."
"ETS-LC-1","registration","quá trình đăng ký","noun","/ˌredʒɪˈstreɪʃən/","Online registration is required to attend the workshop.","Cần đăng ký trực tuyến để tham gia hội thảo."
"ETS-LC-1","reduction","giảm giá, giảm bớt","noun","/rɪˈdʌkʃən/","The store offered a price reduction on selected items.","Cửa hàng giảm giá cho một số mặt hàng được chọn."
"ETS-LC-1","ingredient","nguyên liệu","noun","/ɪnˈɡriː.di.ənt/","The chef always uses fresh ingredients to prepare meals.","Đầu bếp luôn sử dụng nguyên liệu tươi để chuẩn bị bữa ăn."
"ETS-LC-1","entirely","hoàn toàn, trọn vẹn","adverb","/ɪnˈtaɪr.li/","The success of the plan depends entirely on teamwork.","Thành công của kế hoạch hoàn toàn phụ thuộc vào làm việc nhóm."
"ETS-LC-1","investigation","cuộc điều tra","noun","/ɪnˌves.təˈɡeɪ.ʃən/","The company launched an investigation into the data breach.","Công ty đã mở cuộc điều tra về việc rò rỉ dữ liệu."
"ETS-LC-1","lack","sự thiếu hụt","noun","/læk/","The project failed due to a lack of funding.","Dự án thất bại do thiếu nguồn tài trợ."
"ETS-LC-1","lack","thiếu, không có","verb","/læk/","Many employees lack the skills required for the role.","Nhiều nhân viên thiếu các kỹ năng cần thiết cho vị trí này."
"ETS-LC-1","qualified","đủ trình độ","adj","/ˈkwɑː.lə.faɪd/","Only qualified candidates will be considered for the role.","Chỉ những ứng viên đủ trình độ mới được xem xét cho vị trí này."
"ETS-LC-1","preference","sự ưu tiên, sở thích hơn","noun","/ˈpref.ər.əns/","We give preference to applicants with relevant experience.","Chúng tôi ưu tiên các ứng viên có kinh nghiệm liên quan."
"ETS-LC-1","negotiate","đàm phán để đạt thỏa thuận","verb","/nəˈɡoʊ.ʃi.eɪt/","The manager is negotiating a new contract with suppliers.","Quản lý đang đàm phán hợp đồng mới với các nhà cung cấp."
"ETS-LC-1","oversee","giám sát","verb","/ˌoʊ.vɚˈsiː/","He was hired to oversee the entire construction project.","Anh ấy được thuê để giám sát toàn bộ dự án xây dựng."
"ETS-LC-1","description","bản mô tả đặc điểm","noun","/dɪˈskrɪp.ʃən/","The job description outlines all the key responsibilities.","Bản mô tả công việc nêu rõ tất cả trách nhiệm chính."
"ETS-LC-1","merger","sát nhập","noun","/ˈmɝː.dʒɚ/","The merger created one of the largest firms in the industry.","Vụ sáp nhập tạo ra một trong những công ty lớn nhất ngành."
"ETS-LC-1","assignment","nhiệm vụ được giao","noun","/əˈsaɪn.mənt/","She completed the assignment before the deadline.","Cô ấy hoàn thành nhiệm vụ trước hạn chót."
"ETS-LC-1","out of service","không hoạt động","adj","/aʊt əv ˈsɝː.vɪs/","The elevator is currently out of service for maintenance.","Thang máy hiện không hoạt động để bảo trì."
"ETS-LC-1","mention","đề cập","verb","/ˈmen.ʃən/","He didn’t mention the delay during the meeting.","Anh ấy không đề cập đến sự chậm trễ trong cuộc họp."
"ETS-LC-1","initiative","sáng kiến","noun","/ɪˈnɪʃ.ə.tɪv/","The company launched a new initiative to reduce waste.","Công ty đã khởi động một sáng kiến mới nhằm giảm chất thải."
"ETS-LC-1","avoid","tránh né, không làm hoặc gặp phải điều gì","verb","/əˈvɔɪd/","Please avoid using your phone during the session.","Vui lòng tránh sử dụng điện thoại trong suốt buổi họp."
"ETS-LC-1","certification","giấy chứng nhận chính thức","noun","/ˌsɝː.t̬ə.fəˈkeɪ.ʃən/","Applicants must show proof of certification.","Ứng viên phải xuất trình bằng chứng về chứng nhận."
"ETS-LC-1","annual","hàng năm","adj","/ˈæn.ju.əl/","The company holds an annual meeting with shareholders.","Công ty tổ chức cuộc họp thường niên với các cổ đông."
"ETS-LC-1","donor","người quyên góp","noun","/ˈdoʊ.nɚ/","Each donor received a thank-you letter from the charity.","Mỗi người quyên góp đều nhận được thư cảm ơn từ tổ chức từ thiện."
"ETS-LC-1","unfortunately","đáng tiếc","adverb","/ʌnˈfɔːr.tʃən.ət.li/","Unfortunately, the item is currently out of stock.","Thật không may, mặt hàng này hiện đã hết hàng."
"ETS-LC-1","remove","lấy đi, loại bỏ","verb","/rɪˈmuːv/","Please remove your belongings from the aisle.","Vui lòng dời đồ đạc của bạn khỏi lối đi."
"ETS-LC-1","glance","nhìn thoáng qua","verb","/ɡlæns/","She glanced at her phone during the meeting.","Cô ấy liếc nhìn điện thoại trong cuộc họp."
"ETS-LC-1","assign","giao nhiệm vụ","verb","/əˈsaɪn/","The manager assigned tasks to each team member.","Quản lý đã phân công nhiệm vụ cho từng thành viên trong nhóm."
"ETS-LC-1","press conference","buổi họp báo","noun","/ˈpres ˌkɑːn.fɚ.əns/","The CEO held a press conference to address the issue.","Giám đốc điều hành tổ chức họp báo để giải quyết vấn đề."
"ETS-LC-1","crucial","cực kỳ quan trọng","adj","/ˈkruː.ʃəl/","Timing is crucial for the success of the project.","Thời điểm là yếu tố then chốt cho sự thành công của dự án."
"ETS-LC-1","assemble","tập hợp hoặc lắp ráp lại","verb","/əˈsem.bəl/","The team assembled in the conference room at 9 a.m.","Nhóm đã tập hợp tại phòng họp lúc 9 giờ sáng."
"ETS-LC-1","opportunity","cơ hội","noun","/ˌɑː.pɚˈtuː.nə.t̬i/","This internship offers a great opportunity for growth.","Thực tập này mang lại cơ hội tuyệt vời để phát triển."
"ETS-LC-1","capacity","khả năng chứa đựng hoặc năng lực làm việc","noun","/kəˈpæs.ə.t̬i/","The venue has a seating capacity of 500 people.","Địa điểm có sức chứa 500 chỗ ngồi."
"ETS-LC-1","adjacent to","nằm kế bên, gần với","preposition","/əˈdʒeɪ.sənt tu/","The cafeteria is located adjacent to the main lobby.","Căng tin nằm kế bên sảnh chính."
"ETS-LC-1","designated","được chỉ định cho mục đích cụ thể","adj","/ˈdez.ɪɡ.neɪ.t̬ɪd/","Please use the designated area for smoking.","Vui lòng sử dụng khu vực được chỉ định để hút thuốc."
"ETS-LC-1","alternate","luân phiên, thay phiên","adj","/ˈɔːl.tɚ.nət/","We will meet on alternate Mondays for the project.","Chúng ta sẽ họp vào các ngày thứ Hai cách tuần cho dự án."
"ETS-LC-1","feature","bao gồm đặc điểm nổi bật","verb","/ˈfiː.tʃɚ/","The brochure features all the new product updates.","Tờ rơi giới thiệu tất cả các cập nhật sản phẩm mới."
"ETS-LC-1","proceeds","tiền thu được","noun","/ˈproʊ.siːdz/","All proceeds from the event will go to charity.","Toàn bộ tiền thu được từ sự kiện sẽ được quyên góp cho từ thiện."
"ETS-LC-1","refreshments","đồ ăn nhẹ và đồ uống tại sự kiện","noun","/rɪˈfreʃ.mənts/","Light refreshments will be served after the seminar.","Đồ ăn nhẹ sẽ được phục vụ sau buổi hội thảo."
"ETS-LC-1","refer to","đề cập đến","verb","/rɪˈfɝː tu/","The speaker referred to last year’s report in his talk.","Diễn giả đã đề cập đến báo cáo năm ngoái trong bài nói."
"ETS-LC-1","guest speaker","diễn giả khách mời","noun","/ɡest ˈspiː.kɚ/","We invited a guest speaker to share insights on leadership.","Chúng tôi mời một diễn giả khách mời chia sẻ về lãnh đạo."
"ETS-LC-1","uncover","phát hiện, tiết lộ điều bị che giấu","verb","/ʌnˈkʌ.vɚ/","The audit uncovered several accounting errors.","Cuộc kiểm toán đã phát hiện một số lỗi kế toán."
"ETS-LC-1","intricate","phức tạp, nhiều chi tiết nhỏ","adj","/ˈɪn.trə.kət/","The design on the fabric is extremely intricate.","Thiết kế trên vải cực kỳ phức tạp."
"ETS-LC-1","revise","xem lại và chỉnh sửa","verb","/rɪˈvaɪz/","Please revise the document before submission.","Vui lòng chỉnh sửa tài liệu trước khi nộp."
"ETS-LC-1","commemorate","tưởng nhớ, kỷ niệm","verb","/kəˈmem.ə.reɪt/","A ceremony was held to commemorate the founding of the company.","Một buổi lễ được tổ chức để kỷ niệm ngày thành lập công ty."
"ETS-LC-1","association","hiệp hội hoặc mối liên hệ giữa người, nhóm","noun","/əˌsoʊ.siˈeɪ.ʃən/","She is a member of a professional association.","Cô ấy là thành viên của một hiệp hội chuyên ngành."
"ETS-LC-2","insert","đưa vào, đặt vào trong","verb","/ɪnˈsɝːt/","Please insert your card into the machine.","Vui lòng đưa thẻ của bạn vào máy."
"ETS-LC-2","arrange","sắp xếp","verb","/əˈreɪndʒ/","They arranged the chairs in a circle.","Họ đã sắp xếp các ghế thành vòng tròn."
"ETS-LC-2","discard","vứt bỏ","verb","/dɪˈskɑːrd/","Please discard any outdated materials.","Vui lòng vứt bỏ mọi tài liệu lỗi thời."
"ETS-LC-2","empty","làm trống, lấy hết đồ bên trong ra","verb","/ˈemp.ti/","She emptied the trash bin before leaving.","Cô ấy đã đổ thùng rác trước khi rời đi."
"ETS-LC-2","scatter","rải rác, phân tán nhiều hướng","verb","/ˈskæt̬.ɚ/","Leaves were scattered across the walkway.","Lá rơi rải rác khắp lối đi."
"ETS-LC-2","canopy","mái che hoặc vòm phủ bên trên","noun","/ˈkæn.ə.pi/","A canopy was set up to protect guests from the sun.","Một mái che đã được dựng lên để bảo vệ khách khỏi nắng."
"ETS-LC-2","display","trưng bày để mọi người thấy","verb","/dɪˈspleɪ/","The store displays its newest products near the entrance.","Cửa hàng trưng bày sản phẩm mới nhất gần lối vào."
"ETS-LC-2","budget","ngân sách","noun","/ˈbʌdʒ.ɪt/","The department submitted its annual budget for approval.","Phòng ban đã nộp ngân sách hàng năm để phê duyệt."
"ETS-LC-2","main branch","chi nhánh chính","noun","/meɪn bræntʃ/","You can submit your application at the main branch.","Bạn có thể nộp đơn tại chi nhánh chính."
"ETS-LC-2","appointment","cuộc hẹn chính thức","noun","/əˈpɔɪnt.mənt/","I have a dental appointment at 3 p.m.","Tôi có cuộc hẹn nha sĩ lúc 3 giờ chiều."
"ETS-LC-2","stop by","ghé qua","verb","/stɑːp baɪ/","I'll stop by your office after lunch.","Tôi sẽ ghé qua văn phòng bạn sau bữa trưa."
"ETS-LC-2","make it","đến nơi hoặc hoàn thành đúng lúc","verb","/meɪk ɪt/","I can’t make it to the meeting tomorrow.","Tôi không thể tham dự cuộc họp ngày mai."
"ETS-LC-2","fill the position","tuyển dụng cho vị trí trống","verb","/fɪl ðə pəˈzɪʃ.ən/","We are looking to fill the position by next month.","Chúng tôi đang tìm người để lấp vào vị trí này trong tháng tới."
"ETS-LC-2","innovative","mang tính đổi mới, sáng tạo","adj","/ˈɪn.ə.veɪ.t̬ɪv/","The company is known for its innovative solutions.","Công ty nổi tiếng với các giải pháp đổi mới."
"ETS-LC-2","feature","đặc điểm nổi bật","noun","/ˈfiː.tʃɚ/","The main feature of the phone is its long battery life.","Tính năng chính của điện thoại là pin dùng lâu."
"ETS-LC-2","revise","xem lại và chỉnh sửa","verb","/rɪˈvaɪz/","Please revise the proposal before the meeting.","Vui lòng chỉnh sửa đề xuất trước buổi họp."
"ETS-LC-2","warranty","bảo hành","noun","/ˈwɔːr.ən.t̬i/","The product comes with a one-year warranty.","Sản phẩm đi kèm với bảo hành một năm."
"ETS-LC-2","property","bất động sản hoặc tài sản sở hữu","noun","/ˈprɑː.pɚ.t̬i/","The company recently purchased a new property downtown.","Công ty vừa mua một bất động sản mới ở trung tâm thành phố."
"ETS-LC-2","confirmation","sự xác nhận","noun","/ˌkɑːn.fɚˈmeɪ.ʃən/","You will receive a confirmation email after booking.","Bạn sẽ nhận được email xác nhận sau khi đặt chỗ."
"ETS-LC-2","avoid","tránh né, không gặp phải","verb","/əˈvɔɪd/","We recommend taking alternate routes to avoid traffic.","Chúng tôi khuyên bạn nên đi đường khác để tránh tắc nghẽn."
"ETS-LC-2","electrical failure","sự cố điện","noun","/ɪˈlek.trɪ.kəl ˈfeɪ.ljɚ/","The system shut down due to an electrical failure.","Hệ thống đã tắt do sự cố điện."
"ETS-LC-2","occur","xảy ra, diễn ra","verb","/əˈkɝː/","The problem occurred during the final test.","Sự cố xảy ra trong quá trình kiểm tra cuối cùng."
"ETS-LC-2","unavailable","không có sẵn","adj","/ˌʌn.əˈveɪ.lə.bəl/","The manager is currently unavailable for calls.","Người quản lý hiện không thể nhận cuộc gọi."
"ETS-LC-2","incorrect","sai, không đúng","adj","/ˌɪn.kəˈrekt/","The form was returned due to incorrect information.","Mẫu đơn bị trả lại do thông tin sai."
"ETS-LC-2","absolutely","hoàn toàn, chắc chắn","adverb","/ˈæb.sə.luːt.li/","The manager said the decision was absolutely final.","Quản lý nói rằng quyết định là hoàn toàn cuối cùng."
"ETS-LC-2","acquire","đạt được, giành được điều gì đó","verb","/əˈkwaɪɚ/","The company acquired a smaller competitor last year.","Công ty đã mua lại một đối thủ nhỏ hơn vào năm ngoái."
"ETS-LC-2","significant","đáng kể, quan trọng","adj","/sɪɡˈnɪf.ə.kənt/","There was a significant increase in sales last quarter.","Doanh số đã tăng đáng kể trong quý vừa qua."
"ETS-LC-2","restoration","sự phục hồi, sửa chữa lại trạng thái ban đầu","noun","/ˌres.təˈreɪ.ʃən/","The building is closed for restoration work.","Tòa nhà đang đóng cửa để phục hồi."
"ETS-LC-2","stunning","đẹp mắt, ấn tượng mạnh","adj","/ˈstʌn.ɪŋ/","The venue offers a stunning view of the city skyline.","Địa điểm này có tầm nhìn tuyệt đẹp ra đường chân trời thành phố."
"ETS-LC-2","unveil","tiết lộ, công bố lần đầu","verb","/ʌnˈveɪl/","The company will unveil its new product next week.","Công ty sẽ ra mắt sản phẩm mới vào tuần tới."
"ETS-LC-2","anniversary","ngày kỷ niệm","noun","/ˌæn.əˈvɝː.sɚ.i/","They celebrated the company’s 20th anniversary.","Họ đã kỷ niệm 20 năm thành lập công ty."
"ETS-LC-2","informal","không trang trọng, thân mật, thoải mái","adj","/ɪnˈfɔːr.məl/","The meeting was kept informal to encourage open discussion.","Cuộc họp được giữ không trang trọng để khuyến khích thảo luận cởi mở."
"ETS-LC-2","pharmaceutical","liên quan đến dược phẩm","adj","/ˌfɑːr.məˈsuː.t̬ɪ.kəl/","The pharmaceutical industry is heavily regulated.","Ngành dược phẩm được quản lý chặt chẽ."
"ETS-LC-2","manufacturer","nhà sản xuất","noun","/ˌmæn.jəˈfæk.tʃɚ.ɚ/","The manufacturer guarantees all its products.","Nhà sản xuất đảm bảo tất cả sản phẩm của họ."
"ETS-LC-2","mandatory","bắt buộc","adj","/ˈmæn.də.tɔːr.i/","Attendance at the safety training is mandatory.","Việc tham gia buổi huấn luyện an toàn là bắt buộc."
"ETS-LC-2","entire","toàn bộ","adj","/ɪnˈtaɪr/","The entire staff attended the meeting.","Toàn bộ nhân viên đã tham dự cuộc họp."
"ETS-LC-2","funding","tài trợ","noun","/ˈfʌn.dɪŋ/","The project received government funding last year.","Dự án đã nhận được tài trợ từ chính phủ vào năm ngoái."
"ETS-LC-2","extend","mở rộng hoặc gia hạn","verb","/ɪkˈstend/","The hotel agreed to extend our reservation by one day.","Khách sạn đã đồng ý gia hạn đặt chỗ thêm một ngày."
"ETS-LC-2","assistance","sự giúp đỡ, hỗ trợ","noun","/əˈsɪs.təns/","Please contact us if you need further assistance.","Vui lòng liên hệ nếu bạn cần thêm hỗ trợ."
"ETS-LC-2","apply for","nộp đơn xin","verb","/əˈplaɪ fɔːr/","She applied for a position in the marketing department.","Cô ấy đã nộp đơn xin vào vị trí ở bộ phận marketing."
"ETS-LC-2","grant","khoản trợ cấp","noun","/ɡrænt/","The university received a grant for renewable energy research.","Trường đại học đã nhận được khoản trợ cấp cho nghiên cứu năng lượng tái tạo."
"ETS-LC-2","segment","phân khúc","noun","/ˈseɡ.mənt/","The market was divided into different customer segments.","Thị trường được chia thành các phân khúc khách hàng khác nhau."
"ETS-LC-2","state-of-the-art","hiện đại nhất, tiên tiến nhất","adj","/ˌsteɪt.əv.ðiːˈɑːrt/","The office is equipped with state-of-the-art technology.","Văn phòng được trang bị công nghệ hiện đại nhất."
"ETS-LC-2","athlete","vận động viên","noun","/ˈæθ.liːt/","The athlete broke the national record in the final race.","Vận động viên đã phá kỷ lục quốc gia trong cuộc đua chung kết."
"ETS-LC-2","compete","cạnh tranh","verb","/kəmˈpiːt/","Several companies are competing for the contract.","Nhiều công ty đang cạnh tranh để giành được hợp đồng."
"ETS-LC-2","delighted","vui mừng, hài lòng","adj","/dɪˈlaɪ.t̬ɪd/","We are delighted to announce the opening of our new branch.","Chúng tôi rất vui mừng thông báo khai trương chi nhánh mới."
"ETS-LC-2","institute","viện nghiên cứu hoặc đào tạo","noun","/ˈɪn.stə.tuːt/","The institute focuses on environmental research.","Viện này tập trung vào nghiên cứu môi trường."
"ETS-LC-2","initiative","sáng kiến","noun","/ɪˈnɪʃ.ə.t̬ɪv/","The city launched a new recycling initiative.","Thành phố đã khởi động một sáng kiến tái chế mới."
"ETS-LC-2","preserve","bảo tồn, giữ gìn khỏi hư hại hoặc biến mất","verb","/prɪˈzɝːv/","The organization works to preserve historical buildings.","Tổ chức này làm việc để bảo tồn các tòa nhà lịch sử."
"ETS-LC-2","allocate","phân bổ cho mục đích cụ thể","verb","/ˈæl.ə.keɪt/","The budget was allocated to various departments.","Ngân sách được phân bổ cho các phòng ban khác nhau."
"ETS-LC-2","preliminary","sơ bộ, ban đầu","adj","/prɪˈlɪm.ə.ner.i/","The preliminary report shows promising results.","Báo cáo sơ bộ cho thấy kết quả đầy hứa hẹn."
"ETS-LC-2","findings","phát hiện nghiên cứu","noun","/ˈfaɪn.dɪŋz/","The findings of the survey were presented at the conference.","Các phát hiện của cuộc khảo sát đã được trình bày tại hội nghị."
"ETS-LC-2","forecasting","dự báo tương lai dựa trên dữ liệu hiện tại","noun","/ˈfɔːr.kæs.tɪŋ/","Accurate forecasting helps companies prepare for market changes.","Dự báo chính xác giúp các công ty chuẩn bị cho sự thay đổi của thị trường."
"ETS-LC-2","customize","tùy chỉnh theo nhu cầu","verb","/ˈkʌs.tə.maɪz/","You can customize your account settings anytime.","Bạn có thể tùy chỉnh cài đặt tài khoản của mình bất cứ lúc nào."
"ETS-LC-2","transplant","cấy ghép hoặc chuyển vật từ nơi này sang nơi khác","verb","/ˈtræns.plænt/","The patient underwent a successful heart transplant.","Bệnh nhân đã trải qua ca ghép tim thành công."
"ETS-LC-2","variety","sự đa dạng, nhiều loại khác nhau","noun","/vəˈraɪ.ə.t̬i/","The store offers a wide variety of office supplies.","Cửa hàng cung cấp nhiều loại đồ dùng văn phòng khác nhau."
"ETS-LC-2","resident","cư dân","noun","/ˈrez.ə.dənt/","Only city residents are eligible for this discount.","Chỉ cư dân thành phố mới đủ điều kiện nhận ưu đãi này."
"ETS-LC-2","promotion","sự thăng chức hoặc chương trình khuyến mãi","noun","/prəˈmoʊ.ʃən/","The company launched a promotion for its new product.","Công ty đã tung ra chương trình khuyến mãi cho sản phẩm mới."
"ETS-LC-2","fill out","điền vào mẫu đơn","verb","/fɪl aʊt/","Please fill out the registration form before the deadline.","Vui lòng điền vào mẫu đăng ký trước thời hạn."
"ETS-LC-2","receipt","biên lai xác nhận thanh toán","noun","/rɪˈsiːt/","Keep your receipt in case you need to return the item.","Giữ lại biên lai phòng khi bạn cần trả lại hàng."
"ETS-LC-2","engage","tham gia hoặc thu hút sự chú ý","verb","/ɪnˈɡeɪdʒ/","The speaker tried to engage the audience with questions.","Diễn giả cố gắng thu hút khán giả bằng các câu hỏi."
"ETS-LC-2","reside","sống tại, cư trú","verb","/rɪˈzaɪd/","He currently resides in a quiet neighborhood.","Anh ấy hiện đang sống ở một khu phố yên tĩnh."
"ETS-LC-2","stimulation","sự kích thích phát triển","noun","/ˌstɪm.jəˈleɪ.ʃən/","The new program provides mental stimulation for seniors.","Chương trình mới cung cấp sự kích thích tinh thần cho người cao tuổi."
"ETS-LC-2","representative","người đại diện","noun","/ˌrep.rɪˈzen.tə.t̬ɪv/","A company representative will attend the trade show.","Đại diện công ty sẽ tham dự hội chợ thương mại."
"ETS-LC-2","permission","sự cho phép","noun","/pɚˈmɪʃ.ən/","You need written permission to access this area.","Bạn cần sự cho phép bằng văn bản để vào khu vực này."
"ETS-LC-2","certified","được chứng nhận","adj","/ˈsɝː.t̬ə.faɪd/","Only certified technicians can operate this machine.","Chỉ kỹ thuật viên được chứng nhận mới được vận hành máy này."
"ETS-LC-2","determine","quyết định hoặc xác định điều gì đó","verb","/dɪˈtɝː.mɪn/","The manager will determine the schedule next week.","Quản lý sẽ quyết định lịch trình vào tuần tới."
"ETS-LC-2","upcoming","sắp tới","adj","/ˈʌpˌkʌm.ɪŋ/","The upcoming event has attracted a lot of attention.","Sự kiện sắp tới đã thu hút rất nhiều sự chú ý."
"ETS-LC-2","dependable","đáng tin cậy","adj","/dɪˈpen.də.bəl/","She is a dependable employee who always meets deadlines.","Cô ấy là nhân viên đáng tin cậy, luôn hoàn thành đúng hạn."
"ETS-LC-2","reminder","lời nhắc","noun","/rɪˈmaɪn.dɚ/","You’ll receive a reminder before the appointment.","Bạn sẽ nhận được lời nhắc trước cuộc hẹn."
"ETS-LC-2","surrounding","xung quanh","adj","/səˈraʊn.dɪŋ/","The surrounding buildings were damaged in the storm.","Các tòa nhà xung quanh bị hư hại trong cơn bão."
"ETS-LC-2","opposition","sự phản đối hoặc đối lập","noun","/ˌɑː.pəˈzɪʃ.ən/","The proposal faced strong opposition from employees.","Đề xuất vấp phải sự phản đối mạnh mẽ từ nhân viên."
"ETS-LC-2","adjust","điều chỉnh","verb","/əˈdʒʌst/","You can adjust the seat height by turning this knob.","Bạn có thể điều chỉnh độ cao ghế bằng cách xoay núm này."
"ETS-LC-2","durable","bền, sử dụng lâu dài","adj","/ˈdʊr.ə.bəl/","These boots are made from durable materials.","Đôi giày này được làm từ vật liệu bền chắc."
"ETS-LC-2","rave review","đánh giá rất tích cực","noun","/reɪv rɪˈvjuː/","The restaurant received rave reviews from critics.","Nhà hàng nhận được nhiều đánh giá tích cực từ các nhà phê bình."
"ETS-LC-2","nutrition","dinh dưỡng","noun","/nuːˈtrɪʃ.ən/","Proper nutrition is essential for maintaining good health.","Dinh dưỡng hợp lý rất cần thiết để duy trì sức khỏe tốt."
"ETS-LC-2","justify","biện minh hoặc đưa ra lý do hợp lý","verb","/ˈdʒʌs.tə.faɪ/","The manager tried to justify the additional expenses.","Người quản lý cố gắng biện minh cho các chi phí phát sinh."
"ETS-LC-2","criticize","chỉ trích, phê bình","verb","/ˈkrɪt̬.ɪ.saɪz/","Customers criticized the restaurant for poor service.","Khách hàng đã chỉ trích nhà hàng vì dịch vụ kém."
"ETS-LC-2","inconvenience","sự bất tiện, phiền toái","noun","/ˌɪn.kənˈviːn.jəns/","We apologize for the inconvenience caused by the delay.","Chúng tôi xin lỗi vì sự bất tiện do sự chậm trễ gây ra."
"ETS-LC-2","anticipate","mong đợi, dự đoán điều gì xảy ra","verb","/ænˈtɪs.ə.peɪt/","We anticipate increased sales during the holiday season.","Chúng tôi dự đoán doanh số sẽ tăng trong mùa lễ."
"ETS-LC-3","remove","loại bỏ, dọn đi, lấy ra khỏi nơi nào đó","verb","/rɪˈmuːv/","Please remove your shoes before entering.","Vui lòng tháo giày trước khi vào."
"ETS-LC-3","spill","làm đổ, làm tràn chất lỏng","verb/noun","/spɪl/","Be careful not to spill the coffee.","Cẩn thận kẻo làm đổ cà phê."
"ETS-LC-3","railing","lan can hoặc hàng rào chắn","noun","/ˈreɪ.lɪŋ/","He leaned on the railing while waiting.","Anh ấy tựa vào lan can trong khi chờ đợi."
"ETS-LC-3","arrange","sắp xếp","verb","/əˈreɪndʒ/","They arranged the chairs in a circle.","Họ sắp xếp ghế thành vòng tròn."
"ETS-LC-3","out of stock","hết hàng","phrase","/aʊt əv stɒk/","The item is currently out of stock.","Mặt hàng này hiện đang hết hàng."
"ETS-LC-3","be scheduled to","được lên lịch làm gì vào thời gian cụ thể","phrase","/biː ˈʃed.juːld tuː/","The flight is scheduled to depart at 8 PM.","Chuyến bay được lên lịch cất cánh lúc 8 giờ tối."
"ETS-LC-3","require","yêu cầu, đòi hỏi","verb","/rɪˈkwaɪər/","The job requires strong communication skills.","Công việc đòi hỏi kỹ năng giao tiếp tốt."
"ETS-LC-3","charge","tính phí; khoản phí phải trả","verb/noun","/tʃɑːrdʒ/","They charge $10 for delivery.","Họ tính phí $10 cho việc giao hàng."
"ETS-LC-3","supervisor","người giám sát","noun","/ˈsuː.pə.vaɪ.zər/","Please contact your supervisor for approval.","Vui lòng liên hệ với người giám sát để được phê duyệt."
"ETS-LC-3","harvest","thu hoạch mùa màng","verb/noun","/ˈhɑː.vɪst/","Farmers harvest the crops in autumn.","Nông dân thu hoạch mùa màng vào mùa thu."
"ETS-LC-3","demonstration","sự trình diễn hoặc biểu tình","noun","/ˌdem.ənˈstreɪ.ʃən/","The chef gave a cooking demonstration.","Đầu bếp đã trình diễn nấu ăn."
"ETS-LC-3","prefer","thích hơn, ưu tiên hơn","verb","/prɪˈfɜːr/","I prefer tea to coffee.","Tôi thích trà hơn cà phê."
"ETS-LC-3","aisle","lối đi giữa các hàng","noun","/aɪl/","Please keep the aisle clear.","Vui lòng giữ lối đi thông thoáng."
"ETS-LC-3","officially","một cách chính thức","adverb","/əˈfɪʃ.əl.i/","The event officially starts at 10 a.m.","Sự kiện chính thức bắt đầu lúc 10 giờ sáng."
"ETS-LC-3","sign a contract","ký hợp đồng","phrase (verb)","/saɪn ə ˈkɒn.trækt/","We signed a contract with the supplier.","Chúng tôi đã ký hợp đồng với nhà cung cấp."
"ETS-LC-3","donate","quyên góp, ủng hộ","verb","/ˈdəʊ.neɪt/","They donated money to the charity.","Họ đã quyên góp tiền cho tổ chức từ thiện."
"ETS-LC-3","foundation","nền tảng hoặc tổ chức từ thiện","noun","/faʊnˈdeɪ.ʃən/","The foundation supports education.","Tổ chức từ thiện hỗ trợ giáo dục."
"ETS-LC-3","organization","tổ chức","noun","/ˌɔː.ɡən.aɪˈzeɪ.ʃən/","The organization helps homeless people.","Tổ chức này giúp người vô gia cư."
"ETS-LC-3","expand","mở rộng","verb","/ɪkˈspænd/","The company plans to expand overseas.","Công ty dự định mở rộng ra nước ngoài."
"ETS-LC-3","create","tạo ra","verb","/kriˈeɪt/","This app was created by a student.","Ứng dụng này được tạo ra bởi một sinh viên."
"ETS-LC-3","application","đơn ứng tuyển hoặc ứng dụng","noun","/ˌæp.ləˈkeɪ.ʃən/","The job application is due tomorrow.","Đơn xin việc đến hạn vào ngày mai."
"ETS-LC-3","registration","sự đăng ký","noun","/ˌredʒ.ɪˈstreɪ.ʃən/","Online registration is available.","Đăng ký trực tuyến có sẵn."
"ETS-LC-3","participant","người tham gia","noun","/pɑːˈtɪs.ɪ.pənt/","Each participant will receive a certificate.","Mỗi người tham gia sẽ nhận được chứng chỉ."
"ETS-LC-3","impressive","ấn tượng","adjective","/ɪmˈpres.ɪv/","She gave an impressive performance.","Cô ấy đã thể hiện một màn trình diễn ấn tượng."
"ETS-LC-3","turnout","số người tham dự","noun","/ˈtɜːn.aʊt/","There was a large turnout at the event.","Có rất nhiều người tham dự sự kiện."
"ETS-LC-3","certainly","chắc chắn, dĩ nhiên","adverb","/ˈsɜː.tən.li/","I will certainly help you.","Tôi chắc chắn sẽ giúp bạn."
"ETS-LC-3","variety","sự đa dạng","noun","/vəˈraɪ.ə.ti/","The store offers a variety of goods.","Cửa hàng cung cấp nhiều loại hàng hóa."
"ETS-LC-3","streamline","tinh giản, sắp xếp hợp lý","verb","/ˈstriːm.laɪn/","We need to streamline our workflow.","Chúng ta cần sắp xếp lại quy trình làm việc cho hợp lý."
"ETS-LC-3","specific","cụ thể, rõ ràng","adjective","/spəˈsɪf.ɪk/","Can you be more specific?","Bạn có thể nói cụ thể hơn không?"
"ETS-LC-3","executive","giám đốc điều hành","noun","/ɪɡˈzek.jə.tɪv/","She is a senior executive in the company.","Cô ấy là giám đốc cấp cao trong công ty."
"ETS-LC-3","administrative","thuộc về hành chính","adjective","/ədˈmɪn.ɪ.strə.tɪv/","She handles administrative tasks.","Cô ấy xử lý các công việc hành chính."
"ETS-LC-3","investment","sự đầu tư","noun","/ɪnˈvest.mənt/","They made a big investment in real estate.","Họ đã đầu tư lớn vào bất động sản."
"ETS-LC-3","cost estimate","dự toán chi phí","noun","/kɒst ˈes.tɪ.meɪt/","We need a cost estimate before starting the project.","Chúng ta cần một dự toán chi phí trước khi bắt đầu dự án."
"ETS-LC-3","revise","xem lại, sửa đổi","verb","/rɪˈvaɪz/","She had to revise the report.","Cô ấy phải sửa lại báo cáo."
"ETS-LC-3","unfortunately","thật không may","adverb","/ʌnˈfɔː.tʃən.ət.li/","Unfortunately, we missed the train.","Thật không may, chúng tôi đã lỡ chuyến tàu."
"ETS-LC-3","appointment","cuộc hẹn","noun","/əˈpɔɪnt.mənt/","I have a dentist appointment at 3 PM.","Tôi có hẹn với nha sĩ lúc 3 giờ chiều."
"ETS-LC-3","instruction","hướng dẫn","noun","/ɪnˈstrʌk.ʃən/","Follow the instruction carefully.","Làm theo hướng dẫn một cách cẩn thận."
"ETS-LC-3","rack","giá đỡ","noun","/ræk/","He placed the files on the rack.","Anh ấy đặt tài liệu lên giá."
"ETS-LC-3","adjust","điều chỉnh","verb","/əˈdʒʌst/","You can adjust the height of the chair.","Bạn có thể điều chỉnh độ cao của ghế."
"ETS-LC-3","determine","xác định","verb","/dɪˈtɜː.mɪn/","We need to determine the cause of the problem.","Chúng ta cần xác định nguyên nhân của vấn đề."
"ETS-LC-3","reasonable","hợp lý","adjective","/ˈriː.zən.ə.bəl/","The price is reasonable.","Giá cả hợp lý."
"ETS-LC-3","production","sự sản xuất","noun","/prəˈdʌk.ʃən/","The factory increased its production.","Nhà máy đã tăng sản lượng."
"ETS-LC-3","prototype","nguyên mẫu","noun","/ˈprəʊ.tə.taɪp/","They tested the prototype of the new phone.","Họ đã thử nghiệm nguyên mẫu điện thoại mới."
"ETS-LC-3","persuade","thuyết phục","verb","/pəˈsweɪd/","She persuaded him to join the team.","Cô ấy đã thuyết phục anh ấy tham gia đội."
"ETS-LC-3","inexpensive","rẻ, không đắt","adjective","/ˌɪn.ɪkˈspen.sɪv/","This hotel is clean and inexpensive.","Khách sạn này sạch sẽ và rẻ."
"ETS-LC-3","assemble","lắp ráp, tập hợp","verb","/əˈsem.bəl/","The workers assembled the machine.","Công nhân đã lắp ráp máy móc."
"ETS-LC-3","issue","vấn đề / phát hành","noun/verb","/ˈɪʃ.uː/","There was an issue with the delivery.","Có vấn đề với việc giao hàng."
"ETS-LC-3","evaluate","đánh giá","verb","/ɪˈvæl.ju.eɪt/","They are evaluating the proposal.","Họ đang đánh giá đề xuất."
"ETS-LC-3","head over to","đi đến","phrasal verb","/hed ˈəʊ.və tuː/","I’ll head over to the office now.","Tôi sẽ đến văn phòng ngay bây giờ."
"ETS-LC-3","accountant","người làm kế toán","noun","/əˈkaʊn.tənt/","The accountant reviewed the financial report.","Kế toán đã xem xét báo cáo tài chính."
"ETS-LC-3","take care of","chăm sóc, xử lý","phrasal verb","/teɪk keə əv/","I’ll take care of the problem.","Tôi sẽ xử lý vấn đề."
"ETS-LC-3","retirement","nghỉ hưu","noun","/rɪˈtaɪə.mənt/","He is planning for his retirement.","Anh ấy đang lên kế hoạch nghỉ hưu."
"ETS-LC-3","celebrate","ăn mừng, tổ chức lễ hội","verb","/ˈsel.ə.breɪt/","We celebrated her promotion with a party.","Chúng tôi đã tổ chức tiệc mừng thăng chức cho cô ấy."
"ETS-LC-3","former","trước đây, cũ","adjective","/ˈfɔː.mə/","She is a former employee of the company.","Cô ấy là nhân viên cũ của công ty."
"ETS-LC-3","colleague","đồng nghiệp","noun","/ˈkɒl.iːɡ/","I discussed the issue with my colleague.","Tôi đã thảo luận vấn đề với đồng nghiệp."
"ETS-LC-3","distribute","phân phát, phân phối","verb","/dɪˈstrɪb.juːt/","They distributed the brochures at the event.","Họ đã phát tờ rơi tại sự kiện."
"ETS-LC-3","urgent","khẩn cấp","adjective","/ˈɜː.dʒənt/","He had to deal with an urgent matter.","Anh ấy phải xử lý một việc khẩn cấp."
"ETS-LC-3","fully equipped","được trang bị đầy đủ","adjective phrase","/ˈfʊl.i ɪˈkwɪpt/","The kitchen is fully equipped.","Nhà bếp được trang bị đầy đủ."
"ETS-LC-3","capability","khả năng","noun","/ˌkeɪ.pəˈbɪl.ə.ti/","The machine has the capability to process data quickly.","Máy có khả năng xử lý dữ liệu nhanh chóng."
"ETS-LC-3","novelty","sự mới lạ","noun","/ˈnɒv.əl.ti/","The novelty of the idea attracted investors.","Sự mới lạ của ý tưởng đã thu hút các nhà đầu tư."
"ETS-LC-3","in time","kịp lúc","phrase","/ɪn taɪm/","He arrived just in time for the meeting.","Anh ấy đến vừa kịp lúc cho cuộc họp."
"ETS-LC-3","notification","thông báo","noun","/ˌnəʊ.tɪ.fɪˈkeɪ.ʃən/","You will receive a notification by email.","Bạn sẽ nhận được một thông báo qua email."
"ETS-LC-3","qualified","đủ điều kiện, đủ năng lực","adjective","/ˈkwɒl.ɪ.faɪd/","She is highly qualified for the job.","Cô ấy rất đủ điều kiện cho công việc này."
"ETS-LC-3","procedure","thủ tục","noun","/prəˈsiː.dʒər/","You must follow the correct procedure.","Bạn phải tuân theo đúng thủ tục."
"ETS-LC-3","investigate","điều tra","verb","/ɪnˈves.tɪ.ɡeɪt/","The police are investigating the case.","Cảnh sát đang điều tra vụ án."
"ETS-LC-3","alert","cảnh giác, chú ý","noun/verb/adjective","/əˈlɜːt/","He was alert to the danger.","Anh ấy cảnh giác với mối nguy hiểm."
"ETS-LC-3","go over","xem lại, kiểm tra lại","phrasal verb","/ɡəʊ ˈəʊ.vər/","Let's go over the report together.","Chúng ta hãy xem lại báo cáo cùng nhau."
"ETS-LC-3","affordable","giá cả phải chăng","adjective","/əˈfɔː.də.bəl/","This hotel is affordable and comfortable.","Khách sạn này có giá cả phải chăng và thoải mái."
"ETS-LC-3","dedication","sự cống hiến","noun","/ˌded.ɪˈkeɪ.ʃən/","Her dedication to work is admirable.","Sự cống hiến của cô ấy cho công việc thật đáng ngưỡng mộ."
"ETS-LC-3","operate","vận hành, điều hành","verb","/ˈɒp.ər.eɪt/","The machine operates efficiently.","Máy hoạt động hiệu quả."
"ETS-LC-3","obtain","đạt được, lấy được","verb","/əbˈteɪn/","You need to obtain permission.","Bạn cần có được sự cho phép."
"ETS-LC-3","open house","ngày mở cửa","noun phrase","/ˌəʊ.pən ˈhaʊs/","We're holding an open house this Saturday.","Chúng tôi tổ chức ngày mở cửa vào thứ Bảy này."
"ETS-LC-3","frequent","thường xuyên","adjective / verb","/ˈfriː.kwənt/","He is a frequent visitor.","Anh ấy là khách đến thường xuyên."
"ETS-LC-3","commercial","thuộc về thương mại","adjective / noun","/kəˈmɜː.ʃəl/","This area is for commercial use.","Khu vực này dành cho mục đích thương mại."
"ETS-LC-3","landscaping","cảnh quan, làm vườn","noun","/ˈlænd.skeɪ.pɪŋ/","The landscaping is beautiful.","Cảnh quan rất đẹp."
"ETS-LC-3","productivity","năng suất","noun","/ˌprɒd.ʌkˈtɪv.ə.ti/","We need to improve productivity.","Chúng ta cần cải thiện năng suất."
"ETS-LC-3","vary","thay đổi, dao động","verb","/ˈveə.ri/","Prices vary depending on the size.","Giá cả thay đổi tùy theo kích cỡ."
"ETS-LC-3","grant","trợ cấp / cấp quyền","noun / verb","/ɡrɑːnt/","He received a research grant.","Anh ấy nhận được trợ cấp nghiên cứu."
"ETS-LC-3","concourse","sảnh lớn, quảng trường","noun","/ˈkɒŋ.kɔːs/","We met at the main concourse.","Chúng tôi gặp nhau ở sảnh chính."
"ETS-LC-3","nutritional","thuộc về dinh dưỡng","adjective","/njuːˈtrɪʃ.ən.əl/","Nutritional value is important.","Giá trị dinh dưỡng rất quan trọng."
"ETS-LC-4","glance at","liếc nhìn","phrasal verb","/ɡlɑːns æt/","She glanced at her watch.","Cô ấy liếc nhìn đồng hồ."
"ETS-LC-4","wipe off","lau sạch","phrasal verb","/waɪp ɒf/","Please wipe off the table.","Làm ơn lau sạch bàn."
"ETS-LC-4","examine","kiểm tra, xem xét","verb","/ɪɡˈzæm.ɪn/","The doctor examined the patient.","Bác sĩ kiểm tra bệnh nhân."
"ETS-LC-4","float","trôi, lơ lửng trên mặt nước","verb","/fləʊt/","The boat floated on the water.","Chiếc thuyền trôi trên mặt nước."
"ETS-LC-4","in the distance","ở xa","phrase","/ɪn ðə ˈdɪs.təns/","We saw the mountains in the distance.","Chúng tôi nhìn thấy những ngọn núi ở đằng xa."
"ETS-LC-4","supplier","nhà cung cấp","noun","/səˈplaɪ.ər/","We changed our food supplier.","Chúng tôi đã đổi nhà cung cấp thực phẩm."
"ETS-LC-4","reservation","đặt chỗ","noun","/ˌrez.əˈveɪ.ʃən/","I made a dinner reservation.","Tôi đã đặt chỗ ăn tối."
"ETS-LC-4","comfortable","thoải mái","adjective","/ˈkʌm.fə.tə.bəl/","The sofa is very comfortable.","Chiếc ghế sofa rất thoải mái."
"ETS-LC-4","certificate","chứng chỉ, giấy chứng nhận","noun","/səˈtɪf.ɪ.kət/","She received a certificate of achievement.","Cô ấy nhận được chứng chỉ thành tích."
"ETS-LC-4","renovate","cải tạo, nâng cấp","verb","/ˈren.ə.veɪt/","They plan to renovate the old building.","Họ dự định cải tạo tòa nhà cũ."
"ETS-LC-4","expedited delivery","giao hàng nhanh","noun phrase","/ˈek.spə.daɪ.tɪd dɪˈlɪv.ər.i/","We offer expedited delivery for urgent orders.","Chúng tôi cung cấp dịch vụ giao hàng nhanh cho đơn gấp."
"ETS-LC-4","pursue","theo đuổi","verb","/pəˈsjuː/","She decided to pursue a career in law.","Cô ấy quyết định theo đuổi sự nghiệp luật."
"ETS-LC-4","job fair","hội chợ việc làm","noun","/ˈdʒɒb feə/","I attended a job fair to find employment.","Tôi tham gia hội chợ việc làm để tìm việc."
"ETS-LC-4","inspiring","truyền cảm hứng","adjective","/ɪnˈspaɪə.rɪŋ/","Her speech was truly inspiring.","Bài phát biểu của cô ấy thật sự truyền cảm hứng."
"ETS-LC-4","look over","xem qua, kiểm tra","phrasal verb","/lʊk ˈəʊ.vər/","Please look over the document before signing.","Hãy xem qua tài liệu trước khi ký."
"ETS-LC-4","nearby","gần đó","adverb/adjective","/ˌnɪəˈbaɪ/","There is a bank nearby.","Có một ngân hàng gần đây."
"ETS-LC-4","significant","đáng kể, quan trọng","adjective","/sɪɡˈnɪf.ɪ.kənt/","There was a significant increase in sales.","Doanh số đã tăng đáng kể."
"ETS-LC-4","suspend","đình chỉ, tạm dừng","verb","/səˈspend/","The service has been suspended temporarily.","Dịch vụ đã bị tạm dừng."
"ETS-LC-4","particular","cụ thể, đặc biệt","adjective","/pəˈtɪk.jə.lər/","Is there any particular reason for your visit?","Có lý do cụ thể nào cho chuyến thăm của bạn không?"
"ETS-LC-4","overdue","quá hạn","adjective","/ˌəʊ.vəˈdʒuː/","The payment is overdue.","Khoản thanh toán đã quá hạn."
"ETS-LC-4","notification","thông báo","noun","/ˌnəʊ.tɪ.fɪˈkeɪ.ʃən/","You will receive a notification by email.","Bạn sẽ nhận được thông báo qua email."
"ETS-LC-4","emphasize","nhấn mạnh","verb","/ˈem.fə.saɪz/","He emphasized the importance of teamwork.","Anh ấy nhấn mạnh tầm quan trọng của làm việc nhóm."
"ETS-LC-4","deposit","khoản đặt cọc; gửi tiền","noun/verb","/dɪˈpɒz.ɪt/","I paid a deposit of $100.","Tôi đã đặt cọc 100 đô."
"ETS-LC-4","specialized","chuyên biệt, chuyên ngành","adjective","/ˈspeʃ.əl.aɪzd/","The company provides specialized training.","Công ty cung cấp đào tạo chuyên ngành."
"ETS-LC-4","state-of-the-art","hiện đại nhất, tiên tiến nhất","adjective","/ˌsteɪt əv ði ˈɑːt/","They use state-of-the-art technology.","Họ sử dụng công nghệ tiên tiến nhất."
"ETS-LC-4","equipment","thiết bị","noun","/ɪˈkwɪp.mənt/","We bought new office equipment.","Chúng tôi đã mua thiết bị văn phòng mới."
"ETS-LC-4","around the corner","sắp đến, ngay gần","phrase","/əˈraʊnd ðə ˈkɔː.nər/","The holidays are just around the corner.","Kỳ nghỉ sắp đến rồi."
"ETS-LC-4","description","sự mô tả","noun","/dɪˈskrɪp.ʃən/","The job description is detailed.","Mô tả công việc rất chi tiết."
"ETS-LC-4","apply for","nộp đơn xin","phrasal verb","/əˈplaɪ fɔːr/","She applied for the manager position.","Cô ấy đã nộp đơn xin vị trí quản lý."
"ETS-LC-4","specific","cụ thể, rõ ràng","adjective","/spəˈsɪf.ɪk/","Can you be more specific?","Bạn có thể nói cụ thể hơn không?"
"ETS-LC-4","directions","chỉ dẫn, hướng đi","noun (plural)","/dəˈrek.ʃənz/","He gave me directions to the office.","Anh ấy chỉ đường đến văn phòng cho tôi."
"ETS-LC-4","fill out","điền vào","phrasal verb","/fɪl aʊt/","Please fill out this form.","Vui lòng điền vào mẫu đơn này."
"ETS-LC-4","currently","hiện tại","adverb","/ˈkɝː.ənt.li/","He is currently working overseas.","Hiện tại anh ấy đang làm việc ở nước ngoài."
"ETS-LC-4","rent","thuê","verb / noun","/rent/","We decided to rent an apartment.","Chúng tôi đã quyết định thuê một căn hộ."
"ETS-LC-4","lease","hợp đồng thuê","noun / verb","/liːs/","They signed a one-year lease.","Họ đã ký hợp đồng thuê một năm."
"ETS-LC-4","tenant","người thuê nhà","noun","/ˈten.ənt/","The tenant must pay rent on time.","Người thuê nhà phải trả tiền đúng hạn."
"ETS-LC-4","figure out","tìm ra, hiểu ra","phrasal verb","/ˈfɪɡ.jɚ aʊt/","I can't figure out this problem.","Tôi không thể hiểu ra vấn đề này."
"ETS-LC-4","drop off","đưa đến, thả xuống","phrasal verb","/drɑːp ɔːf/","She dropped me off at the airport.","Cô ấy đã đưa tôi đến sân bay."
"ETS-LC-4","automatically","một cách tự động","adverb","/ˌɑː.t̬əˈmæt̬.ɪ.kəl.i/","The door opens automatically.","Cánh cửa mở tự động."
"ETS-LC-4","respond to","phản hồi, trả lời","phrasal verb","/rɪˈspɑːnd tuː/","She didn't respond to my email.","Cô ấy không trả lời email của tôi."
"ETS-LC-4","incomplete","chưa hoàn thành, chưa đầy đủ","adjective","/ˌɪn.kəmˈpliːt/","The form is incomplete.","Mẫu đơn chưa hoàn chỉnh."
"ETS-LC-4","demonstration","sự trình bày, minh họa","noun","/ˌdem.ənˈstreɪ.ʃən/","He gave a demonstration of the product.","Anh ấy trình bày sản phẩm."
"ETS-LC-4","acquire","giành được, thu được","verb","/əˈkwaɪɚ/","She acquired the company last year.","Cô ấy đã mua lại công ty năm ngoái."
"ETS-LC-4","consultation","cuộc tư vấn","noun","/ˌkɑːn.sʌlˈteɪ.ʃən/","We offer a free consultation.","Chúng tôi cung cấp tư vấn miễn phí."
"ETS-LC-4","sort out","xử lý hoặc sắp xếp","verb","/sɔːrt aʊt/","They need to sort out the misunderstanding before the meeting.","Họ cần xử lý sự hiểu lầm trước cuộc họp."
"ETS-LC-4","adjust","điều chỉnh","verb","/əˈdʒʌst/","Please adjust the volume for better clarity in the recording.","Xin điều chỉnh âm lượng để bản ghi rõ hơn."
"ETS-LC-4","inspection","quá trình kiểm tra cẩn thận","noun","/ɪnˈspɛkʃən/","The final inspection revealed no safety issues in the facility.","Cuộc kiểm tra cuối cùng không phát hiện vấn đề an toàn nào tại cơ sở."
"ETS-LC-4","thorough","tỉ mỉ, kỹ lưỡng","adj","/ˈθʌr.oʊ/","The auditor conducted a thorough review of the financial records.","Kiểm toán viên đã tiến hành xem xét kỹ lưỡng các hồ sơ tài chính."
"ETS-LC-4","intact","còn nguyên vẹn","adj","/ɪnˈtækt/","Despite the fire, most of the building remained intact.","Dù có hỏa hoạn, phần lớn tòa nhà vẫn còn nguyên vẹn."
"ETS-LC-4","relief","cảm giác nhẹ nhõm hoặc sự hỗ trợ","noun","/rɪˈliːf/","It was a relief to hear the project had been approved.","Thật nhẹ nhõm khi biết dự án đã được phê duyệt."
"ETS-LC-4","fencing","hàng rào hoặc môn đấu kiếm","noun","/ˈfen.sɪŋ/","The fencing around the property was replaced last week.","Hàng rào quanh khu đất đã được thay tuần trước."
"ETS-LC-4","commute","đi lại giữa nhà và nơi làm việc","verb","/kəˈmjuːt/","Many employees commute long distances to the office.","Nhiều nhân viên đi làm xa đến văn phòng."
"ETS-LC-4","horrendous","khủng khiếp, kinh khủng","adj","/həˈren.dəs/","The traffic was horrendous during the morning rush hour.","Giao thông thật khủng khiếp trong giờ cao điểm buổi sáng."
"ETS-LC-4","apologize","xin lỗi","verb","/əˈpɑː.lə.dʒaɪz/","We apologize for the inconvenience caused by the delay.","Chúng tôi xin lỗi vì sự bất tiện do sự chậm trễ gây ra."
"ETS-LC-4","assignment","nhiệm vụ được giao","noun","/əˈsaɪn.mənt/","The manager handed out the assignment for next week’s project.","Quản lý đã giao nhiệm vụ cho dự án tuần tới."
"ETS-LC-4","improvement","sự cải thiện","noun","/ɪmˈpruːv.mənt/","There has been a noticeable improvement in customer service.","Đã có sự cải thiện rõ rệt trong dịch vụ khách hàng."
"ETS-LC-4","mistaken","sai lầm, hiểu nhầm","adj","/mɪˈsteɪ.kən/","She was mistaken about the meeting time.","Cô ấy đã nhầm về thời gian của cuộc họp."
"ETS-LC-4","assumption","giả định","noun","/əˈsʌmp.ʃən/","The assumption was that all staff had received the memo.","Giả định là tất cả nhân viên đã nhận được thông báo."
"ETS-LC-4","dissatisfaction","sự không hài lòng","noun","/ˌdɪs.sætɪsˈfæk.ʃən/","Customer dissatisfaction led to several complaints.","Sự không hài lòng của khách hàng dẫn đến một số lời phàn nàn."
"ETS-LC-4","justify","giải thích lý do hợp lý","verb","/ˈdʒʌs.tə.faɪ/","The manager had to justify the decision to reduce staff.","Quản lý phải giải thích lý do cắt giảm nhân sự."
"ETS-LC-4","activate","kích hoạt","verb","/ˈæk.tɪ.veɪt/","Please activate your account before using the service.","Vui lòng kích hoạt tài khoản trước khi sử dụng dịch vụ."
"ETS-LC-4","clarification","sự làm rõ","noun","/ˌklær.ə.fɪˈkeɪ.ʃən/","The supervisor provided clarification on the new procedure.","Người giám sát đã làm rõ quy trình mới."
"ETS-LC-4","distracting","gây mất tập trung","adj","/dɪˈstræk.tɪŋ/","The noise from the construction site was distracting.","Tiếng ồn từ công trình khiến người ta mất tập trung."
"ETS-LC-4","replacement","người hoặc vật thay thế","noun","/rɪˈpleɪs.mənt/","The replacement for the broken printer has arrived.","Máy in thay thế cho cái bị hỏng đã đến."
"ETS-LC-4","publicity","sự chú ý từ công chúng","noun","/pʌbˈlɪs.ə.t̬i/","The new product received a lot of publicity after the launch.","Sản phẩm mới nhận được nhiều sự chú ý sau khi ra mắt."
"ETS-LC-4","retreat","chuyến nghỉ dưỡng","noun","/rɪˈtriːt/","The company organized a weekend retreat for its employees.","Công ty tổ chức chuyến nghỉ dưỡng cuối tuần cho nhân viên."
"ETS-LC-4","unavailable","không có sẵn","adj","/ˌʌn.əˈveɪ.lə.bəl/","The manager is currently unavailable for calls.","Hiện tại quản lý không thể nhận cuộc gọi."
"ETS-LC-4","on-site","tại chỗ","adj","/ˌɑːnˈsaɪt/","The technician performed an on-site inspection of the equipment.","Kỹ thuật viên đã kiểm tra thiết bị tại chỗ."
"ETS-LC-4","resolve","giải quyết vấn đề","verb","/rɪˈzɑːlv/","We need to resolve the issue before the deadline.","Chúng ta cần giải quyết vấn đề trước thời hạn."
"ETS-LC-4","involved","liên quan hoặc tham gia","adj","/ɪnˈvɑːlvd/","Everyone involved in the project must attend the meeting.","Tất cả những người tham gia dự án phải tham dự cuộc họp."
"ETS-LC-4","inaccessible","không thể tiếp cận","adj","/ˌɪn.əkˈses.ə.bəl/","The website was inaccessible due to server issues.","Trang web không thể truy cập được do sự cố máy chủ."
"ETS-LC-4","convenience","sự tiện lợi","noun","/kənˈviː.ni.əns/","Online shopping offers greater convenience for busy people.","Mua sắm trực tuyến mang lại sự tiện lợi lớn hơn cho người bận rộn."
"ETS-LC-4","regularly","một cách thường xuyên","adverb","/ˈreɡ.jə.lɚ.li/","The equipment should be inspected regularly to ensure safety.","Thiết bị cần được kiểm tra thường xuyên để đảm bảo an toàn."
"ETS-LC-4","alternative","sự lựa chọn thay thế","noun","/ɑːlˈtɝː.nə.t̬ɪv/","We need to find an alternative to the current supplier.","Chúng ta cần tìm một nhà cung cấp thay thế cho hiện tại."
"ETS-LC-4","retain","giữ lại, duy trì","verb","/rɪˈteɪn/","The company aims to retain talented employees.","Công ty đặt mục tiêu giữ chân nhân viên tài năng."
"ETS-LC-4","implement","thực hiện hoặc áp dụng","verb","/ˈɪm.plə.ment/","The company decided to implement the new policy next month.","Công ty quyết định áp dụng chính sách mới vào tháng tới."
"ETS-LC-4","collaboration","sự hợp tác","noun","/kəˌlæb.əˈreɪ.ʃən/","The project was completed through close collaboration between teams.","Dự án được hoàn thành nhờ sự hợp tác chặt chẽ giữa các nhóm."
"ETS-LC-4","heads-up","lời cảnh báo trước","noun","/ˈhedzˌʌp/","Thanks for the heads-up about the meeting reschedule.","Cảm ơn vì đã báo trước về việc dời lịch họp."
"ETS-LC-4","potential","tiềm năng","noun","/pəˈten.ʃəl/","The manager sees great potential in the new recruit.","Quản lý thấy tiềm năng lớn ở nhân viên mới."
"ETS-LC-4","motivate","thúc đẩy, truyền cảm hứng cho ai đó làm gì","verb","/ˈmoʊ.t̬ə.veɪt/","Managers must know how to motivate their teams effectively.","Quản lý phải biết cách truyền động lực hiệu quả cho nhóm của mình."
"ETS-LC-5","kneel down","quỳ xuống","verb","/niːl daʊn/","The technician kneeled down to fix the wiring under the desk.","Kỹ thuật viên đã quỳ xuống để sửa dây điện dưới bàn."
"ETS-LC-5","ceiling","trần nhà","noun","/ˈsiː.lɪŋ/","The ceiling in the conference room was recently painted.","Trần phòng họp vừa được sơn lại gần đây."
"ETS-LC-5","whole","toàn bộ, đầy đủ","adj","/hoʊl/","We reviewed the whole report before the presentation.","Chúng tôi đã xem lại toàn bộ báo cáo trước buổi thuyết trình."
"ETS-LC-5","mural","tranh tường","noun","/ˈmjʊr.əl/","A large mural decorates the wall of the main lobby.","Một bức tranh tường lớn trang trí bức tường của sảnh chính."
"ETS-LC-5","have an opening","có vị trí trống","verb","/hæv æn ˈoʊ.pən.ɪŋ/","We currently have an opening in the marketing department.","Hiện chúng tôi có một vị trí trống trong phòng marketing."
"ETS-LC-5","recital","buổi biểu diễn nghệ thuật","noun","/rɪˈsaɪ.t̬əl/","Her piano recital will take place at the community hall.","Buổi biểu diễn piano của cô ấy sẽ diễn ra tại hội trường cộng đồng."
"ETS-LC-5","receptionist","người làm lễ tân","noun","/rɪˈsep.ʃən.ɪst/","The receptionist greeted the visitors with a smile.","Lễ tân chào đón khách bằng một nụ cười."
"ETS-LC-5","awfully","vô cùng, cực kỳ (thường mang nghĩa tiêu cực)","adverb","/ˈɑː.fəl.i/","It was awfully noisy in the lobby this morning.","Sảnh chờ sáng nay ồn ào khủng khiếp."
"ETS-LC-5","high-rise","tòa nhà cao tầng","noun","/ˈhaɪˌraɪz/","They live in a high-rise overlooking the business district.","Họ sống trong một tòa nhà cao tầng nhìn ra khu thương mại."
"ETS-LC-5","sales report","báo cáo doanh số","noun","/seɪlz rɪˈpɔːrt/","The manager reviewed the monthly sales report during the meeting.","Quản lý đã xem lại báo cáo doanh số hàng tháng trong cuộc họp."
"ETS-LC-5","shipment","lô hàng vận chuyển","noun","/ˈʃɪp.mənt/","The shipment is scheduled to arrive on Friday.","Lô hàng dự kiến đến vào thứ Sáu."
"ETS-LC-5","assembly","sự lắp ráp hoặc cuộc họp","noun","/əˈsem.bli/","The final assembly of the product takes place in this facility.","Khâu lắp ráp cuối cùng của sản phẩm diễn ra tại cơ sở này."
"ETS-LC-5","layout","bố cục, cách sắp xếp","noun","/ˈleɪ.aʊt/","The designer proposed a new layout for the office space.","Nhà thiết kế đề xuất một bố cục mới cho không gian văn phòng."
"ETS-LC-5","revenue","doanh thu","noun","/ˈrev.ə.nuː/","The company’s quarterly revenue exceeded expectations.","Doanh thu quý của công ty vượt mong đợi."
"ETS-LC-5","informative","cung cấp thông tin hữu ích","adj","/ɪnˈfɔːr.mə.t̬ɪv/","The seminar was very informative and well-organized.","Buổi hội thảo rất nhiều thông tin và tổ chức tốt."
"ETS-LC-5","cost estimate","bản ước tính chi phí","noun","/kɑːst ˈes.tə.meɪt/","We requested a cost estimate for the renovation project.","Chúng tôi đã yêu cầu bảng ước tính chi phí cho dự án cải tạo."
"ETS-LC-5","manufacture","sản xuất hàng loạt","verb","/ˌmæn.jəˈfæk.tʃɚ/","The company manufactures electronic components for smartphones.","Công ty sản xuất linh kiện điện tử cho điện thoại thông minh."
"ETS-LC-5","be in charge of","chịu trách nhiệm về","verb","/bi ɪn tʃɑːrdʒ əv/","She is in charge of organizing the annual conference.","Cô ấy chịu trách nhiệm tổ chức hội nghị thường niên."
"ETS-LC-5","shut off","tắt máy, thiết bị hoặc dòng chảy","verb","/ʃʌt ɔːf/","Please shut off the lights when you leave the room.","Vui lòng tắt đèn khi bạn rời khỏi phòng."
"ETS-LC-5","participate","tham gia","verb","/pɑːrˈtɪs.ə.peɪt/","All employees are encouraged to participate in training sessions.","Tất cả nhân viên được khuyến khích tham gia các buổi đào tạo."
"ETS-LC-5","expiration date","ngày hết hạn","noun","/ˌek.spəˈreɪ.ʃən deɪt/","Please check the expiration date on the product label.","Vui lòng kiểm tra ngày hết hạn trên nhãn sản phẩm."
"ETS-LC-5","retirement","nghỉ hưu","noun","/rɪˈtaɪr.mənt/","He’s looking forward to his retirement next year.","Ông ấy đang mong chờ nghỉ hưu vào năm sau."
"ETS-LC-5","authorize","ủy quyền, cho phép chính thức","verb","/ˈɑː.θə.raɪz/","Only managers are authorized to approve budget changes.","Chỉ có quản lý mới được phép phê duyệt thay đổi ngân sách."
"ETS-LC-5","identify","nhận diện hoặc xác định","verb","/aɪˈden.t̬ə.faɪ/","Please identify yourself at the reception desk.","Vui lòng xuất trình danh tính tại quầy lễ tân."
"ETS-LC-5","generate","tạo ra, sản xuất","verb","/ˈdʒen.ə.reɪt/","The project generated a lot of interest.","Dự án đã tạo ra nhiều sự quan tâm."
"ETS-LC-5","efficiency","hiệu quả, năng suất","noun","/ɪˈfɪʃ.ən.si/","They improved the efficiency of the system.","Họ đã cải thiện hiệu quả của hệ thống."
"ETS-LC-5","testimonial","lời chứng thực, nhận xét","noun","/ˌtes.təˈmoʊ.ni.əl/","She gave a testimonial about the service.","Cô ấy đã đưa ra lời chứng thực về dịch vụ."
"ETS-LC-5","resurface","xuất hiện lại, quay lại","verb","/ˌriːˈsɝː.fəs/","The issue resurfaced after the meeting.","Vấn đề lại xuất hiện sau cuộc họp."
"ETS-LC-5","representative","người đại diện","noun","/ˌrep.rɪˈzen.tə.tɪv/","The company sent a representative to the event.","Công ty đã cử một người đại diện đến sự kiện."
"ETS-LC-5","approval","sự chấp thuận","noun","/əˈpruː.vəl/","We are waiting for management approval.","Chúng tôi đang chờ sự chấp thuận từ ban quản lý."
"ETS-LC-5","knowledgeable","am hiểu, có kiến thức","adjective","/ˈnɒ.lɪ.dʒə.bəl/","She is very knowledgeable about marketing.","Cô ấy rất am hiểu về tiếp thị."
"ETS-LC-5","compliment","lời khen","noun / verb","/ˈkɒm.plɪ.mənt/","She received a compliment on her presentation.","Cô ấy nhận được lời khen về bài thuyết trình."
"ETS-LC-5","obtain","đạt được, giành được","verb","/əbˈteɪn/","You need to obtain a permit before construction.","Bạn cần có giấy phép trước khi xây dựng."
"ETS-LC-5","financing","cấp vốn, tài trợ","noun","/ˈfaɪ.næns.ɪŋ/","The company is seeking financing for the new project.","Công ty đang tìm kiếm nguồn tài trợ cho dự án mới."
"ETS-LC-5","coordinator","người điều phối","noun","/kəʊˈɔː.dɪ.neɪ.tər/","The event coordinator managed everything well.","Người điều phối sự kiện đã quản lý mọi việc tốt."
"ETS-LC-5","attract","thu hút","verb","/əˈtrækt/","The store uses discounts to attract customers.","Cửa hàng dùng giảm giá để thu hút khách hàng."
"ETS-LC-5","draft","bản nháp","noun / verb","/drɑːft/","He wrote a draft of the proposal.","Anh ấy đã viết bản nháp của đề xuất."
"ETS-LC-5","standard","tiêu chuẩn","noun / adjective","/ˈstæn.dəd/","This hotel meets international standards.","Khách sạn này đạt tiêu chuẩn quốc tế."
"ETS-LC-5","identification","giấy tờ tùy thân","noun","/aɪˌden.tɪ.fɪˈkeɪ.ʃən/","Please show your identification.","Vui lòng xuất trình giấy tờ tùy thân."
"ETS-LC-5","come along","đến, xuất hiện / tiến triển","phrasal verb","/kʌm əˈlɒŋ/","A new opportunity came along.","Một cơ hội mới đã xuất hiện."
"ETS-LC-5","by means of","bằng cách, thông qua","phrase","/baɪ ˈmiːnz əv/","He solved the issue by means of negotiation.","Anh ấy giải quyết vấn đề thông qua thương lượng."
"ETS-LC-5","specialized","chuyên môn, chuyên biệt","adjective","/ˈspeʃ.əl.aɪzd/","She has specialized skills in graphic design.","Cô ấy có kỹ năng chuyên môn về thiết kế đồ họa."
"ETS-LC-5","feature","đặc điểm / có đặc điểm","noun / verb","/ˈfiː.tʃər/","This phone features a high-resolution camera.","Chiếc điện thoại này có camera độ phân giải cao."
"ETS-LC-5","job description","mô tả công việc","noun","/dʒɒb dɪˈskrɪp.ʃən/","Read the job description before applying.","Hãy đọc mô tả công việc trước khi nộp đơn."
"ETS-LC-5","valid","hợp lệ, có hiệu lực","adjective","/ˈvæl.ɪd/","The coupon is valid until the end of the month.","Phiếu giảm giá có hiệu lực đến hết tháng."
"ETS-LC-5","crowded","đông đúc","adjective","/ˈkraʊ.dɪd/","The train was very crowded this morning.","Chuyến tàu sáng nay rất đông."
"ETS-LC-5","challenging","đầy thử thách","adjective","/ˈtʃæl.ɪn.dʒɪŋ/","This project is very challenging.","Dự án này rất khó khăn."
"ETS-LC-5","confirm","xác nhận","verb","/kənˈfɜːm/","Please confirm your attendance.","Vui lòng xác nhận việc tham dự của bạn."
"ETS-LC-5","set aside","để dành, gác lại","phrasal verb","/set əˈsaɪd/","Please set aside some money for emergencies.","Vui lòng để dành một ít tiền cho trường hợp khẩn cấp."
"ETS-LC-5","increase","tăng, sự gia tăng","verb / noun","/ɪnˈkriːs/ (v), /ˈɪn.kriːs/ (n)","Prices increased by 10%.","Giá đã tăng 10%."
"ETS-LC-5","available","có sẵn, sẵn sàng sử dụng","adjective","/əˈveɪ.lə.bəl/","Is this product available in blue?","Sản phẩm này có sẵn màu xanh không?"
"ETS-LC-5","expedite","đẩy nhanh, xúc tiến","verb","/ˈek.spə.daɪt/","We need to expedite the delivery process.","Chúng ta cần xúc tiến quy trình giao hàng."
"ETS-LC-5","consultation","sự tư vấn","noun","/ˌkɒn.sʌlˈteɪ.ʃən/","You can schedule a free consultation.","Bạn có thể đặt lịch tư vấn miễn phí."
"ETS-LC-5","estate","bất động sản, tài sản","noun","/ɪˈsteɪt/","He inherited a large estate.","Anh ta thừa kế một khối tài sản lớn."
"ETS-LC-5","landscaping","cảnh quan, trang trí vườn","noun","/ˈlænd.skeɪ.pɪŋ/","The hotel has beautiful landscaping.","Khách sạn có cảnh quan tuyệt đẹp."
"ETS-LC-5","volunteer","tình nguyện viên, làm việc không công","noun / verb","/ˌvɒl.ənˈtɪər/","She volunteers at the local shelter.","Cô ấy làm tình nguyện tại nơi trú ẩn địa phương."
"ETS-LC-5","be eligible for","đủ điều kiện cho","phrase","/ˈel.ɪ.dʒə.bəl/","Only members are eligible for discounts.","Chỉ thành viên mới đủ điều kiện để được giảm giá."
"ETS-LC-5","complimentary","miễn phí, khen ngợi","adjective","/ˌkɒm.plɪˈmen.tər.i/","The hotel offers complimentary breakfast.","Khách sạn cung cấp bữa sáng miễn phí."
"ETS-LC-5","house","chứa, cung cấp nơi ở","verb (also noun)","/haʊs/","The building houses a museum.","Tòa nhà này là nơi đặt bảo tàng."
"ETS-LC-5","botanical garden","vườn bách thảo","noun","/bəˌtæn.ɪ.kəl ˈɡɑː.dən/","We visited the botanical garden last weekend.","Chúng tôi đã đến thăm vườn bách thảo vào cuối tuần trước."
"ETS-LC-5","administrative","thuộc về hành chính","adjective","/ədˈmɪn.ɪ.strə.tɪv/","He has an administrative role in the company.","Anh ấy có vai trò hành chính trong công ty."
"ETS-LC-5","deadline","hạn chót","noun","/ˈded.laɪn/","The project deadline is next Friday.","Hạn chót của dự án là thứ Sáu tới."
"ETS-LC-5","alternative","sự lựa chọn khác, thay thế","noun / adjective","/ɒlˈtɜː.nə.tɪv/","We need to find an alternative solution.","Chúng ta cần tìm một giải pháp thay thế."
"ETS-LC-5","retrieve","lấy lại, truy xuất","verb","/rɪˈtriːv/","She retrieved the file from the computer.","Cô ấy đã lấy lại tập tin từ máy tính."
"ETS-LC-5","end up in","kết thúc ở, rơi vào","phrasal verb","/end ʌp ɪn/","He ended up in the hospital.","Anh ấy đã kết thúc trong bệnh viện."
"ETS-LC-5","leftover","thức ăn thừa","noun / adjective","/ˈleftˌəʊ.vər/","We had leftovers from last night's dinner.","Chúng tôi còn lại thức ăn từ bữa tối hôm qua."
"ETS-LC-5","instructions","hướng dẫn","noun (plural)","/ɪnˈstrʌk.ʃənz/","Read the instructions before use.","Đọc hướng dẫn trước khi sử dụng."
"ETS-LC-5","organize","tổ chức, sắp xếp","verb","/ˈɔː.ɡən.aɪz/","They organized a meeting.","Họ đã tổ chức một cuộc họp."
"ETS-LC-5","gather","tập hợp, thu thập","verb","/ˈɡæð.ər/","People gathered in the hall.","Mọi người đã tập trung trong hội trường."
"ETS-LC-5","press conference","họp báo","noun","/pres ˈkɒn.fər.əns/","The CEO held a press conference.","Giám đốc điều hành đã tổ chức một buổi họp báo."
"ETS-LC-5","underway","đang tiến hành","adjective","/ˌʌn.dəˈweɪ/","The project is now underway.","Dự án hiện đang được tiến hành."
"ETS-LC-5","prototype","nguyên mẫu","noun","/ˈprəʊ.tə.taɪp/","They tested a new car prototype.","Họ đã thử nghiệm nguyên mẫu xe mới."
"ETS-LC-5","deny","phủ nhận, từ chối","verb","/dɪˈnaɪ/","He denied the accusation.","Anh ta phủ nhận cáo buộc."
"ETS-LC-5","responsibility","trách nhiệm","noun","/rɪˌspɒn.səˈbɪl.ə.ti/","He took full responsibility.","Anh ấy chịu hoàn toàn trách nhiệm."
"ETS-LC-5","settle into","ổn định, quen với môi trường mới","phrasal verb","/ˈset.əl ˈɪn.tuː/","He settled into his new job quickly.","Anh ấy nhanh chóng ổn định với công việc mới."
"ETS-LC-5","point out","chỉ ra, lưu ý","phrasal verb","/pɔɪnt aʊt/","She pointed out the mistake.","Cô ấy đã chỉ ra lỗi sai."
"ETS-LC-5","take advantage of","tận dụng, lợi dụng","phrase","/teɪk ədˈvɑːn.tɪdʒ əv/","Take advantage of the discount.","Tận dụng ưu đãi giảm giá."
"ETS-LC-5","price quote","báo giá","noun","/praɪs kwəʊt/","We requested a price quote.","Chúng tôi đã yêu cầu báo giá."
"ETS-LC-5","custodial staff","nhân viên tạp vụ","noun","/kʌsˈtəʊ.di.əl stɑːf/","The custodial staff cleaned the building.","Nhân viên vệ sinh đã dọn dẹp tòa nhà."
"ETS-LC-5","polish","đánh bóng, làm cho sáng bóng","verb/noun","/ˈpɒl.ɪʃ/","She polished the silver.","Cô ấy đã đánh bóng bạc."
"ETS-LC-6","shovel","cái xẻng; xúc bằng xẻng","noun/verb","/ˈʃʌv.əl/","He used a shovel to clear the snow.","Anh ấy dùng xẻng để dọn tuyết."
"ETS-LC-6","walkway","lối đi bộ","noun","/ˈwɔːk.weɪ/","There’s a walkway between the buildings.","Có một lối đi bộ giữa các tòa nhà."
"ETS-LC-6","tray","khay, mâm","noun","/treɪ/","She carried a tray of food.","Cô ấy bê một khay đồ ăn."
"ETS-LC-6","trolley","xe đẩy","noun","/ˈtrɒl.i/","The airport trolley was full.","Chiếc xe đẩy ở sân bay đầy đồ."
"ETS-LC-6","replace","thay thế","verb","/rɪˈpleɪs/","We need to replace the broken chair.","Chúng tôi cần thay chiếc ghế bị hỏng."
"ETS-LC-6","outdoor","ngoài trời","adjective","/ˌaʊtˈdɔːr/","They enjoy outdoor activities.","Họ thích các hoạt động ngoài trời."
"ETS-LC-6","unoccupied","trống, chưa có người sử dụng","adjective","/ʌnˈɒk.jʊ.paɪd/","The room is unoccupied.","Phòng đang trống."
"ETS-LC-6","arrange","sắp xếp, thu xếp","verb","/əˈreɪndʒ/","They arranged the chairs in a circle.","Họ sắp xếp ghế thành vòng tròn."
"ETS-LC-6","entrance","lối vào","noun","/ˈen.trəns/","They stood at the entrance of the building.","Họ đứng ở lối vào của tòa nhà."
"ETS-LC-6","pile","chồng, đống","noun/verb","/paɪl/","She stacked the books in a pile.","Cô ấy xếp sách thành một chồng."
"ETS-LC-6","brick","viên gạch","noun","/brɪk/","The wall was made of bricks.","Bức tường được làm từ gạch."
"ETS-LC-6","reasonable","hợp lý, phải chăng","adjective","/ˈriː.zən.ə.bəl/","The prices are reasonable.","Giá cả hợp lý."
"ETS-LC-6","sign up for","đăng ký tham gia","phrasal verb","/saɪn ʌp fɔːr/","I signed up for the course.","Tôi đã đăng ký khóa học."
"ETS-LC-6","subscription","sự đăng ký dịch vụ","noun","/səbˈskrɪp.ʃən/","He canceled his magazine subscription.","Anh ấy hủy đăng ký tạp chí."
"ETS-LC-6","budget","ngân sách","noun","/ˈbʌdʒ.ɪt/","We have a limited budget.","Chúng tôi có ngân sách hạn chế."
"ETS-LC-6","annual","hàng năm","adjective","/ˈæn.ju.əl/","We hold an annual meeting in June.","Chúng tôi tổ chức cuộc họp thường niên vào tháng 6."
"ETS-LC-6","maintenance","sự bảo trì","noun","/ˈmeɪn.tən.əns/","The elevator is under maintenance.","Thang máy đang được bảo trì."
"ETS-LC-6","certificate","chứng chỉ, giấy chứng nhận","noun","/səˈtɪf.ɪ.kət/","She received a training certificate.","Cô ấy nhận được chứng chỉ đào tạo."
"ETS-LC-6","issue","ban hành, cấp phát","verb/noun","/ˈɪʃ.uː/","The government issued a new policy.","Chính phủ đã ban hành chính sách mới."
"ETS-LC-6","in effect","có hiệu lực","phrase","/ɪn ɪˈfekt/","The new rules are now in effect.","Các quy định mới hiện đang có hiệu lực."
"ETS-LC-6","renovation","cải tạo, tu sửa","noun","/ˌren.əˈveɪ.ʃən/","The building is closed for renovation.","Tòa nhà đóng cửa để cải tạo."
"ETS-LC-6","latest","mới nhất","adjective","/ˈleɪ.tɪst/","Have you seen the latest news?","Bạn đã xem tin tức mới nhất chưa?"
"ETS-LC-6","successful","thành công","adjective","/səkˈses.fəl/","She is a successful businesswoman.","Cô ấy là một nữ doanh nhân thành công."
"ETS-LC-6","selection","sự lựa chọn","noun","/sɪˈlek.ʃən/","The store offers a wide selection of shoes.","Cửa hàng có nhiều lựa chọn giày."
"ETS-LC-6","overseas","ở nước ngoài","adverb/adjective","/ˌəʊ.vəˈsiːz/","He works overseas.","Anh ấy làm việc ở nước ngoài."
"ETS-LC-6","candidate","ứng viên","noun","/ˈkæn.dɪ.dət/","There were many candidates for the job.","Có nhiều ứng viên cho công việc đó."
"ETS-LC-6","contract","hợp đồng","noun/verb","/ˈkɒn.trækt/ (noun), /kənˈtrækt/ (verb)","The company signed a new contract.","Công ty đã ký một hợp đồng mới."
"ETS-LC-6","lease","hợp đồng thuê","noun/verb","/liːs/","They signed a one-year lease.","Họ đã ký hợp đồng thuê một năm."
"ETS-LC-6","expire","hết hạn","verb","/ɪkˈspaɪər/","My passport will expire next month.","Hộ chiếu của tôi sẽ hết hạn vào tháng sau."
"ETS-LC-6","afford","có đủ khả năng chi trả","verb","/əˈfɔːd/","We can't afford a new car.","Chúng tôi không đủ khả năng mua xe mới."
"ETS-LC-6","launch","ra mắt, khai trương","verb/noun","/lɔːntʃ/","The company launched a new product.","Công ty đã ra mắt sản phẩm mới."
"ETS-LC-6","access","truy cập, sự truy cập","verb/noun","/ˈæk.ses/","You need a password to access the file.","Bạn cần mật khẩu để truy cập tệp."
"ETS-LC-6","competitor","đối thủ cạnh tranh","noun","/kəmˈpet.ɪ.tər/","Our main competitor lowered their prices.","Đối thủ chính của chúng tôi đã giảm giá."
"ETS-LC-6","commute","đi lại giữa nhà và nơi làm việc","verb/noun","/kəˈmjuːt/","I commute to work by train.","Tôi đi làm bằng tàu."
"ETS-LC-6","upcoming","sắp tới","adjective","/ˈʌpˌkʌm.ɪŋ/","We are preparing for the upcoming event.","Chúng tôi đang chuẩn bị cho sự kiện sắp tới."
"ETS-LC-6","deadline","hạn chót","noun","/ˈded.laɪn/","We must meet the deadline.","Chúng ta phải hoàn thành trước hạn chót."
"ETS-LC-6","reach","đến, chạm tới","verb","/riːtʃ/","We reached the hotel at noon.","Chúng tôi đến khách sạn vào buổi trưa."
"ETS-LC-6","appointment","cuộc hẹn","noun","/əˈpɔɪnt.mənt/","I have a doctor's appointment at 10 a.m.","Tôi có cuộc hẹn với bác sĩ lúc 10 giờ sáng."
"ETS-LC-6","book","đặt trước","verb","/bʊk/","I booked a room at the hotel.","Tôi đã đặt một phòng ở khách sạn."
"ETS-LC-6","unfortunately","thật không may","adverb","/ʌnˈfɔː.tʃən.ət.li/","Unfortunately, we missed the train.","Thật không may, chúng tôi đã lỡ chuyến tàu."
"ETS-LC-6","last","kéo dài","verb","/læst/","The meeting lasted two hours.","Cuộc họp kéo dài hai tiếng."
"ETS-LC-6","recharge","sạc lại","verb","/ˌriːˈtʃɑːrdʒ/","I need to recharge my phone.","Tôi cần sạc lại điện thoại."
"ETS-LC-6","limited","bị giới hạn","adjective","/ˈlɪm.ɪ.tɪd/","Supplies are limited.","Nguồn cung bị giới hạn."
"ETS-LC-6","payment","khoản thanh toán","noun","/ˈpeɪ.mənt/","Your payment was successful.","Thanh toán của bạn đã thành công."
"ETS-LC-6","handle","xử lý, giải quyết","verb","/ˈhæn.dəl/","He handled the situation well.","Anh ấy đã xử lý tình huống tốt."
"ETS-LC-6","process","quá trình / xử lý","noun / verb","/ˈprəʊ.ses/","The application process is simple.","Quy trình đăng ký rất đơn giản."
"ETS-LC-6","include","bao gồm","verb","/ɪnˈkluːd/","The price includes breakfast.","Giá bao gồm bữa sáng."
"ETS-LC-6","local","địa phương","adjective / noun","/ˈləʊ.kəl/","We support local businesses.","Chúng tôi hỗ trợ doanh nghiệp địa phương."
"ETS-LC-6","approve","chấp thuận, phê duyệt","verb","/əˈpruːv/","The manager approved the budget.","Người quản lý đã phê duyệt ngân sách."
"ETS-LC-6","cost estimate","dự toán chi phí","noun","/kɒst ˈes.tɪ.mət/","We received a cost estimate for the project.","Chúng tôi đã nhận được dự toán chi phí cho dự án."
"ETS-LC-6","improve","cải thiện","verb","/ɪmˈpruːv/","We need to improve our service.","Chúng tôi cần cải thiện dịch vụ."
"ETS-LC-6","expand","mở rộng","verb","/ɪkˈspænd/","The company plans to expand overseas.","Công ty dự định mở rộng ra nước ngoài."
"ETS-LC-6","election","cuộc bầu cử","noun","/ɪˈlek.ʃən/","The election will be held next month.","Cuộc bầu cử sẽ được tổ chức vào tháng sau."
"ETS-LC-6","charity","tổ chức từ thiện, lòng từ thiện","noun","/ˈtʃær.ə.ti/","They donated money to a charity.","Họ đã quyên tiền cho một tổ chức từ thiện."
"ETS-LC-6","branch","chi nhánh","noun","/brɑːntʃ/","We opened a new branch in Da Nang.","Chúng tôi đã mở một chi nhánh mới ở Đà Nẵng."
"ETS-LC-6","commercial","thuộc về thương mại","adjective / noun","/kəˈmɜː.ʃəl/","He works in commercial real estate.","Anh ấy làm việc trong lĩnh vực bất động sản thương mại."
"ETS-LC-6","license","giấy phép","noun","/ˈlaɪ.səns/","You need a license to drive.","Bạn cần giấy phép để lái xe."
"ETS-LC-6","application","đơn xin, ứng dụng","noun","/ˌæp.lɪˈkeɪ.ʃən/","Your application was approved.","Đơn của bạn đã được chấp thuận."
"ETS-LC-6","venue","địa điểm tổ chức sự kiện","noun","/ˈven.juː/","The concert venue was packed.","Địa điểm tổ chức buổi hòa nhạc đã chật kín người."
"ETS-LC-6","registration","sự đăng ký","noun","/ˌredʒ.ɪˈstreɪ.ʃən/","Online registration is now open.","Việc đăng ký trực tuyến hiện đã mở."
"ETS-LC-6","investor","nhà đầu tư","noun","/ɪnˈves.tər/","The investor decided to fund the project.","Nhà đầu tư đã quyết định tài trợ cho dự án."
"ETS-LC-6","assistance","sự giúp đỡ","noun","/əˈsɪs.təns/","Thank you for your assistance.","Cảm ơn vì sự giúp đỡ của bạn."
"ETS-LC-6","enroll","đăng ký","verb","/ɪnˈrəʊl/","I want to enroll in a language course.","Tôi muốn đăng ký một khóa học ngôn ngữ."
"ETS-LC-6","accountant","người làm kế toán","noun","/əˈkaʊn.tənt/","The accountant prepared the financial report.","Kế toán đã chuẩn bị báo cáo tài chính."
"ETS-LC-6","store","cửa hàng; lưu trữ","noun; verb","/stɔːr/","I bought this at a clothing store.","Tôi đã mua cái này ở một cửa hàng quần áo."
"ETS-LC-6","warehouse","nhà kho","noun","/ˈweə.haʊs/","The products are kept in the warehouse.","Các sản phẩm được lưu trữ trong nhà kho."
"ETS-LC-6","inconvenience","sự bất tiện","noun","/ˌɪn.kənˈviː.ni.əns/","Sorry for the inconvenience.","Xin lỗi vì sự bất tiện."
"ETS-LC-6","inventory","hàng tồn kho, kiểm kê hàng hóa","noun","/ˈɪn.vən.tər.i/","We checked the inventory before shipping.","Chúng tôi đã kiểm tra hàng tồn kho trước khi giao hàng."
"ETS-LC-6","initiative","sáng kiến, sự chủ động","noun","/ɪˈnɪʃ.ə.tɪv/","She took the initiative to start the project.","Cô ấy đã chủ động khởi xướng dự án."
"ETS-LC-6","mayor","thị trưởng","noun","/ˈmeɪ.ər/","The mayor announced a new policy.","Thị trưởng đã công bố chính sách mới."
"ETS-LC-6","address","địa chỉ; phát biểu; giải quyết","noun; verb","/əˈdres/","He addressed the audience.","Anh ấy đã phát biểu trước khán giả."
"ETS-LC-6","conduct","tiến hành; hạnh kiểm","verb; noun","/kənˈdʌkt/","They conducted a survey.","Họ đã tiến hành một cuộc khảo sát."
"ETS-LC-6","resident","cư dân","noun","/ˈrez.ɪ.dənt/","She is a resident of New York.","Cô ấy là cư dân của New York."
"ETS-LC-6","diverse","đa dạng","adjective","/daɪˈvɜːs/","The team has diverse skills.","Nhóm có kỹ năng đa dạng."
"ETS-LC-6","skilled","có kỹ năng, thành thạo","adjective","/skɪld/","She is a skilled engineer.","Cô ấy là kỹ sư lành nghề."
"ETS-LC-6","recruit","tuyển dụng","verb; noun","/rɪˈkruːt/","The company is recruiting new staff.","Công ty đang tuyển nhân viên mới."
"ETS-LC-6","correct","đúng, sửa lại","verb; adjective","/kəˈrekt/","Please correct your mistakes.","Vui lòng sửa lỗi của bạn."
"ETS-LC-6","suitable","phù hợp","adjective","/ˈsuː.tə.bəl/","This movie is suitable for children.","Phim này phù hợp với trẻ em."
"ETS-LC-6","complimentary","miễn phí; ca ngợi","adjective","/ˌkɒm.plɪˈmen.tər.i/","Guests receive complimentary drinks.","Khách được tặng đồ uống miễn phí."
"ETS-LC-6","unavailable","không có sẵn","adjective","/ˌʌn.əˈveɪ.lə.bəl/","The manager is currently unavailable.","Người quản lý hiện không có mặt."
"ETS-LC-7","empty","làm trống, đổ bỏ đồ vật ra ngoài","verb","/ˈemp.ti/","The staff emptied the trash bins before closing.","Nhân viên đã đổ rác trước khi đóng cửa."
"ETS-LC-7","empty","trống rỗng, không có gì bên trong","adj","/ˈemp.ti/","Several shelves were empty after the big sale.","Nhiều kệ hàng trống trơn sau đợt giảm giá lớn."
"ETS-LC-7","examine","kiểm tra cẩn thận","verb","/ɪɡˈzæm.ɪn/","The technician examined the device for any defects.","Kỹ thuật viên đã kiểm tra thiết bị để tìm lỗi."
"ETS-LC-7","restock","bổ sung hàng hóa","verb","/ˌriːˈstɑːk/","They restocked the shelves with new products.","Họ đã bổ sung sản phẩm mới lên các kệ hàng."
"ETS-LC-7","rest","nghỉ ngơi","verb","/rest/","Employees were allowed to rest after the long shift.","Nhân viên được nghỉ sau ca làm dài."
"ETS-LC-7","rest","sự nghỉ ngơi, phần còn lại","noun","/rest/","The team took a short rest during the workshop.","Nhóm đã nghỉ ngắn trong buổi hội thảo."
"ETS-LC-7","decorate","trang trí","verb","/ˈdek.ə.reɪt/","They decorated the meeting room for the company event.","Họ đã trang trí phòng họp cho sự kiện của công ty."
"ETS-LC-7","post","đăng hoặc dán thông báo","verb","/poʊst/","They posted the updated schedule on the bulletin board.","Họ đã dán lịch trình cập nhật lên bảng thông báo."
"ETS-LC-7","storage","kho chứa đồ","noun","/ˈstɔːr.ɪdʒ/","The extra chairs were moved to the storage room.","Những chiếc ghế thừa được chuyển vào phòng chứa đồ."
"ETS-LC-7","press release","thông cáo báo chí","noun","/ˈpres rɪˌliːs/","The company issued a press release about the product launch.","Công ty đã phát hành thông cáo báo chí về việc ra mắt sản phẩm."
"ETS-LC-7","renew","gia hạn hoặc làm mới","verb","/rɪˈnuː/","You need to renew your subscription before the due date.","Bạn cần gia hạn đăng ký trước ngày hết hạn."
"ETS-LC-7","newsletter","bản tin định kỳ","noun","/ˈnuːzˌlet̬.ɚ/","The company sends out a monthly newsletter to all clients.","Công ty gửi bản tin hàng tháng cho tất cả khách hàng."
"ETS-LC-7","mention","đề cập đến","verb","/ˈmen.ʃən/","She mentioned the meeting during the call.","Cô ấy đã nhắc đến cuộc họp trong cuộc gọi."
"ETS-LC-7","shipment","lô hàng hoặc hành động vận chuyển hàng","noun","/ˈʃɪp.mənt/","The shipment will arrive at the warehouse tomorrow.","Lô hàng sẽ đến kho vào ngày mai."
"ETS-LC-7","reschedule","dời lịch","verb","/ˌriːˈskedʒ.uːl/","We had to reschedule the meeting due to travel delays.","Chúng tôi phải dời cuộc họp vì bị trễ chuyến bay."
"ETS-LC-7","performance","màn trình diễn hoặc hiệu suất làm việc","noun","/pɚˈfɔːr.məns/","Her performance exceeded all expectations at the presentation.","Phần trình bày của cô ấy vượt xa mong đợi."
"ETS-LC-7","material","vật liệu hoặc tài liệu","noun","/məˈtɪr.i.əl/","All training materials must be submitted by Friday.","Tất cả tài liệu đào tạo phải được nộp trước thứ Sáu."
"ETS-LC-7","recipe","công thức nấu ăn","noun","/ˈres.ə.pi/","He followed the recipe exactly to prepare the dessert.","Anh ấy làm đúng theo công thức để chuẩn bị món tráng miệng."
"ETS-LC-7","loyal customer","khách hàng trung thành","noun","/ˈlɔɪ.əl ˈkʌs.tə.mɚ/","We offer discounts to loyal customers every quarter.","Chúng tôi cung cấp giảm giá cho khách hàng trung thành hàng quý."
"ETS-LC-7","summary","bản tóm tắt nội dung chính","noun","/ˈsʌm.ɚ.i/","He provided a brief summary of the report at the meeting.","Anh ấy đã trình bày bản tóm tắt ngắn gọn của báo cáo tại cuộc họp."
"ETS-LC-7","supply","cung cấp hàng hóa cần thiết","verb","/səˈplaɪ/","The vendor supplies office materials every Monday.","Nhà cung cấp giao vật tư văn phòng vào mỗi thứ Hai."
"ETS-LC-7","supply","nguồn cung cấp hàng hóa","noun","/səˈplaɪ/","We need to check the supply of toner cartridges.","Chúng tôi cần kiểm tra nguồn cung hộp mực in."
"ETS-LC-7","equipment","thiết bị cần cho hoạt động cụ thể","noun","/ɪˈkwɪp.mənt/","The office purchased new equipment for the IT department.","Văn phòng đã mua thiết bị mới cho bộ phận IT."
"ETS-LC-7","fee","khoản phí","noun","/fiː/","There is an additional fee for express delivery.","Có một khoản phí bổ sung cho giao hàng nhanh."
"ETS-LC-7","malfunction","trục trặc, hoạt động sai chức năng","noun","/ˌmælˈfʌŋk.ʃən/","The printer malfunction caused delays in processing orders.","Sự cố máy in đã gây chậm trễ trong xử lý đơn hàng."
"ETS-LC-7","account","tài khoản tài chính","noun","/əˈkaʊnt/","She checked her account balance before making the purchase.","Cô ấy đã kiểm tra số dư tài khoản trước khi mua hàng."
"ETS-LC-7","last-minute","vào phút chót","adj","/ˌlæstˈmɪn.ɪt/","They made a last-minute change to the presentation slides.","Họ đã thay đổi các trang trình bày vào phút chót."
"ETS-LC-7","luncheon","bữa trưa trang trọng","noun","/ˈlʌn.tʃən/","The company hosted a luncheon for visiting clients.","Công ty đã tổ chức một bữa trưa cho các khách hàng đến thăm."
"ETS-LC-7","résumé","sơ yếu lý lịch","noun","/ˈrez.ə.meɪ/","Please send your résumé along with the application.","Vui lòng gửi sơ yếu lý lịch kèm theo đơn xin việc."
"ETS-LC-7","colleague","đồng nghiệp","noun","/ˈkɑː.liːɡ/","She discussed the issue with a colleague from the finance team.","Cô ấy đã thảo luận vấn đề với một đồng nghiệp từ phòng tài chính."
"ETS-LC-7","construction","ngành xây dựng","noun","/kənˈstrʌk.ʃən/","Construction of the new office building starts next month.","Việc xây dựng tòa nhà văn phòng mới bắt đầu vào tháng tới."
"ETS-LC-7","present","trình bày hoặc giới thiệu điều gì đó","verb","/prɪˈzent/","She will present the quarterly report at the meeting.","Cô ấy sẽ trình bày báo cáo quý tại cuộc họp."
"ETS-LC-7","receipt","hóa đơn hoặc biên lai thanh toán","noun","/rɪˈsiːt/","Please keep your receipt for reimbursement purposes.","Vui lòng giữ hóa đơn để được hoàn tiền."
"ETS-LC-7","monitor","theo dõi và kiểm soát","verb","/ˈmɑː.nə.t̬ɚ/","The manager monitors employee performance closely.","Quản lý theo dõi sát sao hiệu suất làm việc của nhân viên."
"ETS-LC-7","donate","quyên góp, tặng cho mục đích từ thiện","verb","/ˈdoʊ.neɪt/","The company donated supplies to the local school.","Công ty đã quyên góp vật tư cho trường học địa phương."
"ETS-LC-7","vendor","nhà cung cấp","noun","/ˈven.dɚ/","We’ve contracted a new vendor to supply office equipment.","Chúng tôi đã ký hợp đồng với nhà cung cấp mới để cung cấp thiết bị văn phòng."
"ETS-LC-7","coworker","đồng nghiệp","noun","/ˈkoʊˌwɝː.kɚ/","She collaborated with a coworker on the sales presentation.","Cô ấy đã hợp tác với đồng nghiệp trong bài thuyết trình bán hàng."
"ETS-LC-7","management","quản lý","noun","/ˈmæn.ɪdʒ.mənt/","The management team held a meeting to discuss new strategies.","Ban quản lý đã tổ chức cuộc họp để thảo luận các chiến lược mới."
"ETS-LC-7","location","địa điểm","noun","/loʊˈkeɪ.ʃən/","The training session will take place at the downtown location.","Buổi đào tạo sẽ diễn ra tại địa điểm ở trung tâm thành phố."
"ETS-LC-7","property","tài sản, đặc biệt là bất động sản","noun","/ˈprɑː.pɚ.t̬i/","The company recently purchased a property near the airport.","Công ty gần đây đã mua một bất động sản gần sân bay."
"ETS-LC-7","value","giá trị","noun","/ˈvæl.juː/","Customers are looking for better value in the products they buy.","Khách hàng đang tìm kiếm giá trị tốt hơn trong các sản phẩm họ mua."
"ETS-LC-7","refund","hoàn tiền","noun","/ˈriː.fʌnd/","You will receive a full refund if you cancel within 30 days.","Bạn sẽ nhận được hoàn tiền đầy đủ nếu hủy trong vòng 30 ngày."
"ETS-LC-7","postpone","hoãn lại việc gì đó","verb","/poʊstˈpoʊn/","The manager decided to postpone the staff meeting until next week.","Quản lý quyết định hoãn cuộc họp nhân viên đến tuần sau."
"ETS-LC-7","review","quá trình xem xét, đánh giá lại","noun","/rɪˈvjuː/","Management is conducting a review of all company policies.","Ban quản lý đang tiến hành rà soát tất cả chính sách của công ty."
"ETS-LC-7","agenda","chương trình nghị sự","noun","/əˈdʒen.də/","Let’s go over the agenda before we start the meeting.","Hãy xem lại chương trình nghị sự trước khi bắt đầu cuộc họp."
"ETS-LC-7","stock","hàng tồn kho hoặc cổ phiếu","noun","/stɑːk/","The store has a large stock of office chairs.","Cửa hàng có lượng lớn ghế văn phòng trong kho."
"ETS-LC-7","accommodate","cung cấp chỗ ở hoặc điều chỉnh cho phù hợp","verb","/əˈkɑː.mə.deɪt/","The hotel can accommodate up to 200 guests for the conference.","Khách sạn có thể chứa tới 200 khách cho hội nghị."
"ETS-LC-7","stop by","ghé qua","verb","/stɑːp baɪ/","Please stop by my office before leaving today.","Vui lòng ghé qua văn phòng tôi trước khi rời đi hôm nay."
"ETS-LC-7","invoice","hóa đơn","noun","/ˈɪn.vɔɪs/","The invoice must be paid within 14 business days.","Hóa đơn phải được thanh toán trong vòng 14 ngày làm việc."
"ETS-LC-7","assure","cam đoan, trấn an","verb","/əˈʃʊr/","We assure our customers that their data is fully secure.","Chúng tôi cam đoan với khách hàng rằng dữ liệu của họ hoàn toàn an toàn."
"ETS-LC-7","accessible","có thể tiếp cận","adj","/əkˈses.ə.bəl/","The facility is accessible to people with disabilities.","Cơ sở này có thể tiếp cận được cho người khuyết tật."
"ETS-LC-7","reservation","đặt chỗ trước","noun","/ˌrez.ɚˈveɪ.ʃən/","I’d like to confirm my reservation for this evening.","Tôi muốn xác nhận đặt chỗ của mình cho tối nay."
"ETS-LC-7","detail","thông tin cụ thể","noun","/ˈdiː.teɪl/","Please review the contract details before signing.","Vui lòng xem lại các chi tiết trong hợp đồng trước khi ký."
"ETS-LC-7","confirm","xác nhận điều gì đúng hoặc chính xác","verb","/kənˈfɝːm/","We would like to confirm your appointment for Friday at 3 p.m.","Chúng tôi muốn xác nhận lịch hẹn của bạn vào thứ Sáu lúc 3 giờ chiều."
"ETS-LC-7","proposal","đề xuất kế hoạch hoặc ý tưởng","noun","/prəˈpoʊ.zəl/","They submitted a proposal to expand the marketing team.","Họ đã nộp một đề xuất mở rộng nhóm tiếp thị."
"ETS-LC-7","compete","cạnh tranh","verb","/kəmˈpiːt/","Several companies are competing for the same government contract.","Nhiều công ty đang cạnh tranh cho cùng một hợp đồng chính phủ."
"ETS-LC-7","equip","trang bị công cụ hoặc kỹ năng cần thiết","verb","/ɪˈkwɪp/","The new facility is equipped with advanced security systems.","Cơ sở mới được trang bị hệ thống an ninh tiên tiến."
"ETS-LC-7","launch","ra mắt hoặc bắt đầu điều gì đó mới","verb","/lɑːntʃ/","They will launch the new product line next quarter.","Họ sẽ ra mắt dòng sản phẩm mới vào quý tới."
"ETS-LC-7","participate","tham gia","verb","/pɑːrˈtɪs.ə.peɪt/","Employees are encouraged to participate in training sessions.","Nhân viên được khuyến khích tham gia vào các buổi đào tạo."
"ETS-LC-7","share","chia sẻ","verb","/ʃer/","Please share the report with the rest of the team.","Vui lòng chia sẻ báo cáo với phần còn lại của nhóm."
"ETS-LC-7","celebrate","tổ chức ăn mừng dịp đặc biệt","verb","/ˈsel.ə.breɪt/","We’ll celebrate the company’s anniversary with a staff party.","Chúng tôi sẽ tổ chức tiệc kỷ niệm ngày thành lập công ty với toàn thể nhân viên."
"ETS-LC-7","progress","sự tiến bộ","noun","/ˈprɑː.ɡres/","We’ve made significant progress on the construction project.","Chúng tôi đã đạt được tiến bộ đáng kể trong dự án xây dựng."
"ETS-LC-7","opportunity","cơ hội","noun","/ˌɑː.pɚˈtuː.nə.t̬i/","This is a great opportunity to network with industry professionals.","Đây là cơ hội tuyệt vời để kết nối với các chuyên gia trong ngành."
"ETS-LC-7","short notice","thông báo gấp","noun","/ʃɔːrt ˈnoʊ.tɪs/","We apologize for the meeting scheduled on such short notice.","Chúng tôi xin lỗi vì cuộc họp được sắp xếp trong thời gian gấp gáp như vậy."
"ETS-LC-7","solution","giải pháp","noun","/səˈluː.ʃən/","The IT team found a quick solution to the software bug.","Nhóm CNTT đã tìm ra giải pháp nhanh cho lỗi phần mềm."
"ETS-LC-7","option","sự lựa chọn","noun","/ˈɑːp.ʃən/","We offer several payment options for your convenience.","Chúng tôi cung cấp nhiều phương thức thanh toán để bạn thuận tiện."
"ETS-LC-7","instruction","hướng dẫn","noun","/ɪnˈstrʌk.ʃən/","Please read all instructions before installing the software.","Vui lòng đọc kỹ hướng dẫn trước khi cài đặt phần mềm."
"ETS-LC-7","issue","vấn đề","noun","/ˈɪʃ.uː/","There’s a technical issue affecting the registration system.","Có sự cố kỹ thuật đang ảnh hưởng đến hệ thống đăng ký."
"ETS-LC-7","patron","khách hàng quen","noun","/ˈpeɪ.trən/","The café offers discounts to loyal patrons.","Quán cà phê giảm giá cho khách hàng thân thiết."
"ETS-LC-7","trade show","triển lãm thương mại","noun","/ˈtreɪd ˌʃoʊ/","We plan to exhibit our new line at the upcoming trade show.","Chúng tôi dự định trưng bày dòng sản phẩm mới tại triển lãm thương mại sắp tới."
"ETS-LC-7","separate","tách ra, chia thành phần riêng biệt","verb","/ˈsep.ə.reɪt/","The documents should be separated into three categories.","Tài liệu nên được phân loại thành ba nhóm riêng biệt."
"ETS-LC-7","advertisement","quảng cáo","noun","/ˌæd.vɚˈtaɪz.mənt/","The company placed advertisements in major business magazines.","Công ty đã đăng quảng cáo trên các tạp chí kinh doanh lớn."
"ETS-LC-7","satisfaction","sự hài lòng","noun","/ˌsæt̬.ɪsˈfæk.ʃən/","Customer satisfaction is our top priority.","Sự hài lòng của khách hàng là ưu tiên hàng đầu của chúng tôi."
"ETS-LC-7","stress","căng thẳng","noun","/stres/","Too much stress can affect your work performance.","Căng thẳng quá mức có thể ảnh hưởng đến hiệu suất làm việc của bạn."
"ETS-LC-7","refreshments","đồ ăn nhẹ và thức uống","noun","/rɪˈfreʃ.mənts/","Light refreshments will be served during the break.","Đồ ăn nhẹ sẽ được phục vụ trong giờ nghỉ."
"ETS-LC-7","assign","giao nhiệm vụ","verb","/əˈsaɪn/","The manager assigned new tasks to each team member.","Quản lý đã giao nhiệm vụ mới cho từng thành viên trong nhóm."
"ETS-LC-7","permit","giấy phép","noun","/ˈpɝː.mɪt/","You need a parking permit to use the company lot.","Bạn cần giấy phép đỗ xe để sử dụng bãi đậu xe của công ty."
"ETS-LC-7","supervisor","người giám sát","noun","/ˈsuː.pɚ.vaɪ.zɚ/","The supervisor will review your request before approval.","Người giám sát sẽ xem xét yêu cầu của bạn trước khi phê duyệt."
"ETS-LC-7","government","chính phủ","noun","/ˈɡʌv.ɚn.mənt/","The government has introduced new labor regulations.","Chính phủ đã ban hành quy định lao động mới."
"ETS-LC-7","forecast","dự báo","noun","/ˈfɔːr.kæst/","According to the weather forecast, it will rain tomorrow.","Theo dự báo thời tiết, ngày mai sẽ có mưa."
"ETS-LC-8","lean over","nghiêng người về phía trước hoặc sang bên","verb","/liːn ˈoʊ.vɚ/","He leaned over the counter to speak with the clerk.","Anh ấy nghiêng người qua quầy để nói chuyện với nhân viên."
"ETS-LC-8","lock","khóa lại để bảo vệ hoặc ngăn sử dụng","verb","/lɑːk/","Please remember to lock the door before leaving the office.","Vui lòng nhớ khóa cửa trước khi rời văn phòng."
"ETS-LC-8","repair","sửa chữa","verb","/rɪˈper/","The technician repaired the broken printer quickly.","Kỹ thuật viên đã nhanh chóng sửa máy in bị hỏng."
"ETS-LC-8","greet","chào hỏi","verb","/ɡriːt/","The receptionist greeted the guests with a smile.","Lễ tân chào đón khách bằng một nụ cười."
"ETS-LC-8","occupied","đang sử dụng","adj","/ˈɑː.kjə.paɪd/","The meeting room is currently occupied.","Phòng họp hiện đang có người sử dụng."
"ETS-LC-8","shade","bóng râm","noun","/ʃeɪd/","They sat under the shade of a large tree during lunch.","Họ ngồi dưới bóng cây lớn trong giờ ăn trưa."
"ETS-LC-8","shift","ca làm việc hoặc sự thay đổi","noun","/ʃɪft/","She is working the night shift this week.","Tuần này cô ấy làm ca đêm."
"ETS-LC-8","acquisition","sự mua lại","noun","/ˌæk.wəˈzɪʃ.ən/","The company announced the acquisition of a tech startup.","Công ty đã công bố việc mua lại một công ty khởi nghiệp công nghệ."
"ETS-LC-8","committee","ủy ban","noun","/kəˈmɪt̬.i/","The finance committee will review the annual budget next week.","Ủy ban tài chính sẽ xem xét ngân sách hàng năm vào tuần tới."
"ETS-LC-8","prototype","nguyên mẫu thử nghiệm","noun","/ˈproʊ.t̬ə.taɪp/","Engineers tested the prototype before mass production.","Các kỹ sư đã thử nghiệm nguyên mẫu trước khi sản xuất hàng loạt."
"ETS-LC-8","innovative","đổi mới, sáng tạo","adj","/ˈɪn.ə.veɪ.t̬ɪv/","The company is known for its innovative product designs.","Công ty được biết đến với các thiết kế sản phẩm đổi mới."
"ETS-LC-8","incorrect","sai, không đúng","adj","/ˌɪn.kəˈrekt/","The shipping address you entered is incorrect.","Địa chỉ giao hàng bạn nhập là không chính xác."
"ETS-LC-8","broken","bị hỏng, không hoạt động được","adj","/ˈbroʊ.kən/","The printer is broken and needs to be repaired.","Máy in bị hỏng và cần được sửa chữa."
"ETS-LC-8","banquet","buổi tiệc trang trọng","noun","/ˈbæŋ.kwət/","The company held a banquet to celebrate its anniversary.","Công ty đã tổ chức một buổi tiệc để kỷ niệm ngày thành lập."
"ETS-LC-8","express mail","thư chuyển phát nhanh","noun","/ɪkˈspres ˌmeɪl/","Please use express mail for urgent documents.","Vui lòng sử dụng thư chuyển phát nhanh cho tài liệu khẩn cấp."
"ETS-LC-8","deal","thỏa thuận kinh doanh","noun","/diːl/","The company signed a multi-year deal with a major supplier.","Công ty đã ký một thỏa thuận nhiều năm với nhà cung cấp lớn."
"ETS-LC-8","lease","hợp đồng cho thuê","noun","/liːs/","We signed a one-year lease for the new office space.","Chúng tôi đã ký hợp đồng thuê một năm cho văn phòng mới."
"ETS-LC-8","quarter","quý (giai đoạn ba tháng trong năm tài chính)","noun","/ˈkwɔːr.t̬ɚ/","Earnings increased by 10% in the last quarter.","Doanh thu đã tăng 10% trong quý vừa qua."
"ETS-LC-8","organization","tổ chức","noun","/ˌɔːr.ɡən.əˈzeɪ.ʃən/","The organization supports small local businesses.","Tổ chức này hỗ trợ các doanh nghiệp nhỏ địa phương."
"ETS-LC-8","follow","làm theo hoặc theo dõi","verb","/ˈfɑː.loʊ/","Please follow the instructions on the screen.","Vui lòng làm theo hướng dẫn trên màn hình."
"ETS-LC-8","host","người tổ chức hoặc tiếp đón khách","noun","/hoʊst/","The company will be the host of this year’s annual conference.","Công ty sẽ là đơn vị tổ chức hội nghị thường niên năm nay."
"ETS-LC-8","unusual","khác thường, không phổ biến","adj","/ʌnˈjuː.ʒu.əl/","It’s unusual to see that many clients visiting at once.","Thật bất thường khi thấy nhiều khách đến cùng lúc như vậy."
"ETS-LC-8","benefit","lợi ích","noun","/ˈben.ə.fɪt/","One of the key benefits of the software is its user-friendly interface.","Một trong những lợi ích chính của phần mềm là giao diện dễ sử dụng."
"ETS-LC-8","retain","giữ lại, duy trì","verb","/rɪˈteɪn/","The company wants to retain its top-performing employees.","Công ty muốn giữ lại những nhân viên xuất sắc nhất."
"ETS-LC-8","propose","đề xuất kế hoạch hoặc ý tưởng","verb","/prəˈpoʊz/","The manager proposed a new approach to improve efficiency.","Quản lý đã đề xuất một cách tiếp cận mới để cải thiện hiệu quả."
"ETS-LC-8","quality","chất lượng","noun","/ˈkwɑː.lə.t̬i/","We focus on delivering high-quality customer service.","Chúng tôi tập trung vào việc cung cấp dịch vụ khách hàng chất lượng cao."
"ETS-LC-8","paperwork","giấy tờ hành chính","noun","/ˈpeɪ.pɚ.wɝːk/","Please complete all the paperwork before the deadline.","Vui lòng hoàn tất mọi giấy tờ trước thời hạn."
"ETS-LC-8","applicant","người nộp đơn","noun","/ˈæp.lə.kənt/","Each applicant must submit a resume and cover letter.","Mỗi ứng viên phải nộp sơ yếu lý lịch và thư xin việc."
"ETS-LC-8","attract","thu hút","verb","/əˈtrækt/","The new ad campaign helped attract more customers.","Chiến dịch quảng cáo mới đã giúp thu hút thêm khách hàng."
"ETS-LC-8","increase","tăng lên","verb","/ɪnˈkriːs/","We aim to increase sales by 15% this quarter.","Chúng tôi đặt mục tiêu tăng doanh số 15% trong quý này."
"ETS-LC-8","understaffed","thiếu nhân sự","adj","/ˌʌn.dɚˈstæft/","The department is currently understaffed and cannot handle more tasks.","Bộ phận hiện đang thiếu nhân sự và không thể xử lý thêm công việc."
"ETS-LC-8","guideline","hướng dẫn chung","noun","/ˈɡaɪd.laɪn/","Please follow the safety guidelines posted at the entrance.","Vui lòng tuân theo hướng dẫn an toàn được dán ở lối vào."
"ETS-LC-8","prospective","tiềm năng trong tương lai","adj","/prəˈspek.tɪv/","The recruiter met with several prospective candidates.","Nhà tuyển dụng đã gặp một vài ứng viên tiềm năng."
"ETS-LC-8","charge","phí dịch vụ","noun","/tʃɑːrdʒ/","There is an additional charge for same-day delivery.","Có phụ phí cho giao hàng trong ngày."
"ETS-LC-8","potential","tiềm năng","noun","/pəˈten.ʃəl/","The manager sees great potential in the new intern.","Quản lý thấy tiềm năng lớn ở thực tập sinh mới."
"ETS-LC-8","restriction","sự giới hạn","noun","/rɪˈstrɪk.ʃən/","The company lifted the restriction on overtime hours.","Công ty đã gỡ bỏ giới hạn về giờ làm thêm."
"ETS-LC-8","guidebook","sách hướng dẫn","noun","/ˈɡaɪd.bʊk/","The travel guidebook includes a map of the subway system.","Sách hướng dẫn du lịch có bản đồ hệ thống tàu điện ngầm."
"ETS-LC-8","showcase","trưng bày nổi bật","verb","/ˈʃoʊ.keɪs/","The exhibition will showcase local artists' work.","Triển lãm sẽ trưng bày tác phẩm của các nghệ sĩ địa phương."
"ETS-LC-8","overview","cái nhìn tổng quát","noun","/ˈoʊ.vɚ.vjuː/","The report provides an overview of last quarter's sales.","Báo cáo cung cấp cái nhìn tổng quát về doanh số quý trước."
"ETS-LC-8","regional","thuộc về khu vực cụ thể","adj","/ˈriː.dʒən.əl/","Regional offices report directly to the head office.","Văn phòng khu vực báo cáo trực tiếp về trụ sở chính."
"ETS-LC-8","protective","bảo vệ, che chở khỏi nguy hiểm","adj","/prəˈtek.tɪv/","All employees must wear protective gear in the factory.","Tất cả nhân viên phải mang đồ bảo hộ trong nhà máy."
"ETS-LC-8","production","quá trình sản xuất hàng hóa hoặc dịch vụ","noun","/prəˈdʌk.ʃən/","The factory increased production to meet rising demand.","Nhà máy đã tăng sản lượng để đáp ứng nhu cầu gia tăng."
"ETS-LC-8","process","quy trình","noun","/ˈprɑː.ses/","The hiring process involves multiple interview rounds.","Quy trình tuyển dụng bao gồm nhiều vòng phỏng vấn."
"ETS-LC-8","decrease","sự giảm sút","noun","/ˈdiː.kriːs/","There has been a steady decrease in customer complaints.","Có sự giảm ổn định trong số lượng phàn nàn của khách hàng."
"ETS-LC-8","mixture","hỗn hợp","noun","/ˈmɪks.tʃɚ/","The paint is a mixture of red and white.","Loại sơn này là hỗn hợp giữa màu đỏ và trắng."
"ETS-LC-8","projection","dự báo tương lai dựa trên dữ liệu","noun","/prəˈdʒek.ʃən/","The sales projection for next quarter looks promising.","Dự báo doanh số cho quý tới trông đầy hứa hẹn."
"ETS-LC-8","quantity","số lượng","noun","/ˈkwɑːn.t̬ə.t̬i/","We ordered a large quantity of office supplies.","Chúng tôi đã đặt một lượng lớn đồ dùng văn phòng."
"ETS-LC-8","out of stock","hết hàng","adj","/aʊt əv stɑːk/","The printer cartridges are currently out of stock.","Các hộp mực máy in hiện đang hết hàng."
"ETS-LC-8","shortage","sự thiếu hụt","noun","/ˈʃɔːr.t̬ɪdʒ/","There’s a shortage of qualified technicians in the industry.","Ngành này đang thiếu kỹ thuật viên có trình độ."
"ETS-LC-8","cancellation","hủy bỏ","noun","/ˌkæn.səlˈeɪ.ʃən/","We received a cancellation notice for the hotel booking.","Chúng tôi nhận được thông báo hủy đặt phòng khách sạn."
"ETS-LC-8","inspect","kiểm tra kỹ lưỡng","verb","/ɪnˈspekt/","The technician will inspect the equipment for any defects.","Kỹ thuật viên sẽ kiểm tra thiết bị để phát hiện lỗi."
"ETS-LC-8","lighting","hệ thống chiếu sáng","noun","/ˈlaɪ.t̬ɪŋ/","The office lighting was upgraded to reduce energy use.","Hệ thống chiếu sáng văn phòng đã được nâng cấp để tiết kiệm năng lượng."
"ETS-LC-8","measure","đo lường kích thước hoặc số lượng","verb","/ˈmeʒ.ɚ/","The engineer measured the room before installing the equipment.","Kỹ sư đã đo căn phòng trước khi lắp đặt thiết bị."
"ETS-LC-8","unique","độc đáo, khác biệt hoàn toàn","adj","/juːˈniːk/","Our company offers a unique service that no one else provides.","Công ty chúng tôi cung cấp dịch vụ độc đáo mà không ai khác có."
"ETS-LC-8","compact","nhỏ gọn, chiếm ít không gian","adj","/kəmˈpækt/","This compact printer fits perfectly in small offices.","Chiếc máy in nhỏ gọn này rất phù hợp với các văn phòng nhỏ."
"ETS-LC-8","guarantee","bảo hành","noun","/ˌɡer.ənˈtiː/","This product comes with a two-year guarantee.","Sản phẩm này đi kèm với bảo hành hai năm."
"ETS-LC-8","last","kéo dài","verb","/læst/","The batteries are designed to last up to six months.","Pin được thiết kế để kéo dài đến sáu tháng."
"ETS-LC-8","release","ra mắt hoặc phát hành","verb","/rɪˈliːs/","The company plans to release the new software next month.","Công ty dự định phát hành phần mềm mới vào tháng tới."
"ETS-LC-8","fix","sửa chữa","verb","/fɪks/","A technician is scheduled to fix the broken copier.","Một kỹ thuật viên được lên lịch để sửa máy photocopy bị hỏng."
"ETS-LC-8","warranty","chính sách bảo hành sản phẩm trong thời gian nhất định","noun","/ˈwɔːr.ən.t̬i/","The device is under a one-year warranty.","Thiết bị đang trong thời gian bảo hành một năm."
"ETS-LC-8","regular","đều đặn, theo chu kỳ hoặc tiêu chuẩn thông thường","adj","/ˈreɡ.jə.lɚ/","We conduct regular maintenance on all equipment.","Chúng tôi thực hiện bảo trì định kỳ cho tất cả thiết bị."
"ETS-LC-8","manufacturer","nhà sản xuất","noun","/ˌmæn.jəˈfæk.tʃɚ.ɚ/","The manufacturer guarantees the quality of the product.","Nhà sản xuất đảm bảo chất lượng của sản phẩm."
"ETS-LC-8","opinion","ý kiến","noun","/əˈpɪn.jən/","Your opinion is important to our customer service team.","Ý kiến của bạn rất quan trọng với đội ngũ chăm sóc khách hàng của chúng tôi."
"ETS-LC-8","outstanding","xuất sắc hoặc chưa giải quyết","adj","/ˌaʊtˈstæn.dɪŋ/","She received an award for outstanding performance.","Cô ấy nhận được giải thưởng cho thành tích xuất sắc."
"ETS-LC-8","service","dịch vụ hỗ trợ khách hàng","noun","/ˈsɝː.vɪs/","We pride ourselves on providing excellent customer service.","Chúng tôi tự hào mang đến dịch vụ khách hàng xuất sắc."
"ETS-LC-8","promotion","thăng chức hoặc quảng bá sản phẩm","noun","/prəˈmoʊ.ʃən/","She received a promotion after years of hard work.","Cô ấy được thăng chức sau nhiều năm làm việc chăm chỉ."
"ETS-LC-8","pavement","vỉa hè","noun","/ˈpeɪv.mənt/","Workers are repairing the pavement outside the building.","Công nhân đang sửa chữa vỉa hè trước tòa nhà."
"ETS-LC-8","apply for","nộp đơn xin","verb","/əˈplaɪ fɔːr/","I want to apply for the marketing position.","Tôi muốn nộp đơn cho vị trí tiếp thị."
"ETS-LC-8","reject","từ chối, không chấp nhận","verb","/rɪˈdʒekt/","The manager rejected the proposal due to high costs.","Quản lý đã từ chối đề xuất vì chi phí cao."
"ETS-LC-8","grant","trao, cấp quyền hoặc tài trợ chính thức","verb","/ɡrænt/","The company granted him permission to work remotely.","Công ty đã cho phép anh ấy làm việc từ xa."
"ETS-LC-8","wireless","không dây","adj","/ˈwaɪɚ.ləs/","The office uses wireless printers for convenience.","Văn phòng sử dụng máy in không dây để tiện lợi hơn."
"ETS-LC-8","connect","kết nối","verb","/kəˈnekt/","You need to connect the monitor to the computer.","Bạn cần kết nối màn hình với máy tính."
"ETS-LC-8","environment","môi trường sống hoặc làm việc","noun","/ɪnˈvaɪ.rən.mənt/","We aim to create a safe working environment.","Chúng tôi hướng đến việc tạo ra môi trường làm việc an toàn."
"ETS-LC-8","vegetarian","người ăn chay","noun","/ˌvedʒ.əˈter.i.ən/","They offer vegetarian options on the menu.","Họ cung cấp các món ăn chay trong thực đơn."
"ETS-LC-8","support","hỗ trợ, giúp đỡ ai đó trong công việc hoặc khó khăn","verb","/səˈpɔːrt/","The IT team will support you with the installation.","Đội ngũ IT sẽ hỗ trợ bạn trong việc cài đặt."
"ETS-LC-8","publicize","quảng bá","verb","/ˈpʌb.lə.saɪz/","The company plans to publicize the new product line.","Công ty dự định quảng bá dòng sản phẩm mới."
"ETS-LC-8","certification","chứng nhận năng lực hoặc hoàn thành khóa học","noun","/ˌsɝː.t̬ə.fəˈkeɪ.ʃən/","You need certification to operate this machinery.","Bạn cần chứng nhận để vận hành máy móc này."
"ETS-LC-8","sponsor","tài trợ","verb","/ˈspɑːn.sɚ/","Several companies agreed to sponsor the event.","Một số công ty đã đồng ý tài trợ cho sự kiện."
"ETS-LC-8","remote","từ xa, cách biệt về địa lý","adj","/rɪˈmoʊt/","He works for a remote software development team.","Anh ấy làm việc cho nhóm phát triển phần mềm từ xa."
"ETS-LC-8","workforce","lực lượng lao động","noun","/ˈwɝːk.fɔːrs/","The factory is hiring to expand its workforce.","Nhà máy đang tuyển dụng để mở rộng lực lượng lao động."
"ETS-LC-9","ladder","thang leo","noun","/ˈlæd.ɚ/","He used a ladder to reach the top shelf.","Anh ấy dùng thang để với tới kệ trên cùng."
"ETS-LC-9","rack","giá treo hoặc đặt đồ vật","noun","/ræk/","Please return your coat to the rack near the entrance.","Vui lòng trả áo khoác về giá gần lối vào."
"ETS-LC-9","light fixture","bộ đèn gắn trần hoặc tường","noun","/ˈlaɪt ˌfɪks.tʃɚ/","They installed a new light fixture in the hallway.","Họ đã lắp một bộ đèn mới ở hành lang."
"ETS-LC-9","merchandise","hàng hóa","noun","/ˈmɝː.tʃən.daɪs/","All merchandise must be returned within 30 days.","Tất cả hàng hóa phải được trả lại trong vòng 30 ngày."
"ETS-LC-9","trim","cắt tỉa gọn gàng","verb","/trɪm/","The gardener trimmed the bushes along the walkway.","Người làm vườn đã tỉa hàng bụi cây dọc lối đi."
"ETS-LC-9","hang","treo lên cao hoặc vào tường","verb","/hæŋ/","Please hang your coat on the hook.","Vui lòng treo áo khoác lên móc."
"ETS-LC-9","cover","bao phủ, bảo vệ bề mặt cái gì đó","verb","/ˈkʌv.ɚ/","The table was covered with a white cloth.","Chiếc bàn được phủ bằng khăn trải bàn trắng."
"ETS-LC-9","assistant","người hỗ trợ, phụ tá","noun","/əˈsɪs.tənt/","Her assistant arranged the schedule for the meeting.","Trợ lý của cô ấy đã sắp xếp lịch cho cuộc họp."
"ETS-LC-9","regulation","quy định hoặc luật lệ","noun","/ˌreɡ.jəˈleɪ.ʃən/","Employees must follow all safety regulations.","Nhân viên phải tuân thủ tất cả quy định an toàn."
"ETS-LC-9","round-trip","khứ hồi","adj","/ˈraʊnd.trɪp/","The round-trip ticket includes both departure and return.","Vé khứ hồi bao gồm cả lượt đi và lượt về."
"ETS-LC-9","merger","sự sáp nhập","noun","/ˈmɝː.dʒɚ/","The merger created the largest tech company in the region.","Sự sáp nhập đã tạo nên công ty công nghệ lớn nhất khu vực."
"ETS-LC-9","security","an ninh","noun","/səˈkjʊr.ə.t̬i/","The building has tight security at all entrances.","Tòa nhà có an ninh nghiêm ngặt ở tất cả các lối vào."
"ETS-LC-9","distribute","phân phát, phân phối","verb","/dɪˈstrɪb.juːt/","They will distribute the documents before the meeting.","Họ sẽ phát tài liệu trước buổi họp."
"ETS-LC-9","flyer","tờ rơi quảng cáo","noun","/ˈflaɪ.ɚ/","The marketing team printed 1,000 flyers for the event.","Đội marketing đã in 1.000 tờ rơi cho sự kiện."
"ETS-LC-9","professional","chuyên nghiệp","adj","/prəˈfeʃ.ən.əl/","She always maintains a professional attitude at work.","Cô ấy luôn giữ thái độ chuyên nghiệp tại nơi làm việc."
"ETS-LC-9","official","chính thức","adj","/əˈfɪʃ.əl/","The official announcement will be made tomorrow.","Thông báo chính thức sẽ được đưa ra vào ngày mai."
"ETS-LC-9","organize","sắp xếp, tổ chức hoạt động","verb","/ˈɔːr.ɡən.aɪz/","They will organize a seminar for new employees.","Họ sẽ tổ chức một buổi hội thảo cho nhân viên mới."
"ETS-LC-9","role","vai trò","noun","/roʊl/","Her role is to supervise the customer service team.","Vai trò của cô ấy là giám sát nhóm chăm sóc khách hàng."
"ETS-LC-9","responsible","chịu trách nhiệm","adj","/rɪˈspɑːn.sə.bəl/","She is responsible for coordinating the logistics.","Cô ấy chịu trách nhiệm điều phối hậu cần."
"ETS-LC-9","various","đa dạng, nhiều loại khác nhau","adj","/ˈver.i.əs/","The manager discussed various topics during the meeting.","Quản lý đã thảo luận nhiều chủ đề khác nhau trong cuộc họp."
"ETS-LC-9","previous","trước đó","adj","/ˈpriː.vi.əs/","She worked at the company during a previous internship.","Cô ấy đã làm việc tại công ty trong kỳ thực tập trước đó."
"ETS-LC-9","emphasize","nhấn mạnh","verb","/ˈem.fə.saɪz/","The trainer emphasized the importance of safety rules.","Người huấn luyện nhấn mạnh tầm quan trọng của các quy tắc an toàn."
"ETS-LC-9","appreciate","cảm kích, đánh giá cao","verb","/əˈpriː.ʃi.eɪt/","We appreciate your prompt response to our inquiry.","Chúng tôi đánh giá cao phản hồi nhanh chóng của bạn với yêu cầu của chúng tôi."
"ETS-LC-9","grocery","cửa hàng tạp hóa","noun","/ˈɡroʊ.sɚ.i/","She stopped by the grocery store to buy some snacks.","Cô ấy ghé cửa hàng tạp hóa để mua ít đồ ăn vặt."
"ETS-LC-9","demonstration","buổi giới thiệu sản phẩm","noun","/ˌdem.ənˈstreɪ.ʃən/","The representative gave a product demonstration during the event.","Người đại diện đã trình diễn sản phẩm trong sự kiện."
"ETS-LC-9","decision","quyết định","noun","/dɪˈsɪʒ.ən/","Management has made a decision to expand the office.","Ban quản lý đã đưa ra quyết định mở rộng văn phòng."
"ETS-LC-9","feature","đặc điểm hoặc tính năng nổi bật","noun","/ˈfiː.tʃɚ/","The new model has a touchscreen feature for easy navigation.","Mẫu mới có tính năng màn hình cảm ứng giúp dễ dàng điều hướng."
"ETS-LC-9","capacity","khả năng chứa hoặc làm việc tối đa","noun","/kəˈpæs.ə.t̬i/","The room has a seating capacity of 100 people.","Phòng có sức chứa 100 người."
"ETS-LC-9","significantly","đáng kể","adverb","/sɪɡˈnɪf.ə.kənt.li/","Operating costs have been significantly reduced this year.","Chi phí vận hành đã giảm đáng kể trong năm nay."
"ETS-LC-9","revise","xem lại và chỉnh sửa","verb","/rɪˈvaɪz/","Please revise the draft before submitting the final report.","Vui lòng chỉnh sửa bản nháp trước khi nộp báo cáo cuối cùng."
"ETS-LC-9","inspection","sự kiểm tra","noun","/ɪnˈspek.ʃən/","The building is closed for a routine safety inspection.","Tòa nhà đóng cửa để kiểm tra an toàn định kỳ."
"ETS-LC-9","directions","chỉ dẫn","noun","/dəˈrek.ʃənz/","Please follow the directions provided on the form.","Vui lòng làm theo chỉ dẫn trên mẫu đơn."
"ETS-LC-9","existing","hiện có","adj","/ɪɡˈzɪs.tɪŋ/","We plan to renovate the existing office space.","Chúng tôi dự định cải tạo không gian văn phòng hiện tại."
"ETS-LC-9","strategy","chiến lược","noun","/ˈstræt̬.ə.dʒi/","Their marketing strategy focuses on digital channels.","Chiến lược tiếp thị của họ tập trung vào các kênh kỹ thuật số."
"ETS-LC-9","bid","sự đấu thầu","noun","/bɪd/","We submitted a bid for the new construction project.","Chúng tôi đã nộp hồ sơ đấu thầu cho dự án xây dựng mới."
"ETS-LC-9","seek","tìm kiếm","verb","/siːk/","They are seeking qualified candidates for the open position.","Họ đang tìm kiếm ứng viên đủ điều kiện cho vị trí còn trống."
"ETS-LC-9","additional","thêm vào, bổ sung","adj","/əˈdɪʃ.ən.əl/","Additional staff will be hired during the busy season.","Nhân viên bổ sung sẽ được tuyển dụng trong mùa cao điểm."
"ETS-LC-9","compare","so sánh","verb","/kəmˈper/","You can compare prices online before making a purchase.","Bạn có thể so sánh giá trực tuyến trước khi mua hàng."
"ETS-LC-9","reference","sự tham khảo hoặc người giới thiệu","noun","/ˈref.ɚ.əns/","Please include at least one reference with your application.","Vui lòng đính kèm ít nhất một người giới thiệu trong đơn ứng tuyển."
"ETS-LC-9","method","cách thức","noun","/ˈmeθ.əd/","This method is more efficient than the previous one.","Phương pháp này hiệu quả hơn phương pháp trước."
"ETS-LC-9","temporarily","tạm thời","adv","/ˈtem.pə.rer.əl.i/","The store is temporarily closed for renovations.","Cửa hàng tạm thời đóng cửa để cải tạo."
"ETS-LC-9","ensure","đảm bảo","verb","/ɪnˈʃʊr/","Please ensure all documents are signed before submission.","Vui lòng đảm bảo tất cả tài liệu được ký trước khi nộp."
"ETS-LC-9","income","thu nhập","noun","/ˈɪn.kʌm/","Her monthly income is enough to cover all expenses.","Thu nhập hàng tháng của cô ấy đủ để chi trả mọi chi phí."
"ETS-LC-9","layout","bố cục, cách sắp xếp","noun","/ˈleɪ.aʊt/","The layout of the office promotes collaboration.","Bố cục văn phòng thúc đẩy sự hợp tác."
"ETS-LC-9","wheelbarrow","xe cút kít","noun","/ˈwiːlˌber.oʊ/","He used a wheelbarrow to move the soil.","Anh ấy dùng xe cút kít để chuyển đất."
"ETS-LC-9","misplace","để nhầm chỗ, làm mất tạm thời","verb","/ˌmɪsˈpleɪs/","I seem to have misplaced my ID badge.","Tôi hình như đã để nhầm chỗ thẻ ID của mình."
"ETS-LC-9","priority","sự ưu tiên, điều quan trọng nhất","noun","/praɪˈɔːr.ə.t̬i/","Customer satisfaction is our top priority.","Sự hài lòng của khách hàng là ưu tiên hàng đầu của chúng tôi."
"ETS-LC-9","initial","ban đầu","adj","/ɪˈnɪʃ.əl/","The initial results are promising.","Kết quả ban đầu rất khả quan."
"ETS-LC-9","in person","trực tiếp","phrase","/ɪn ˈpɝː.sən/","You must submit the form in person.","Bạn phải nộp đơn trực tiếp."
"ETS-LC-9","rewards","phần thưởng","noun","/rɪˈwɔːrdz/","Employees receive rewards for outstanding performance.","Nhân viên nhận phần thưởng cho hiệu suất xuất sắc."
"ETS-LC-9","wrap up","kết thúc, hoàn tất","phrasal verb","/ræp ʌp/","Let’s wrap up the meeting by 5 PM.","Hãy kết thúc cuộc họp trước 5 giờ chiều."
"ETS-LC-9","complain","phàn nàn","verb","/kəmˈpleɪn/","Customers often complain about late deliveries.","Khách hàng thường phàn nàn về việc giao hàng trễ."
"ETS-LC-9","fill out","điền vào","phrasal verb","/fɪl aʊt/","Please fill out this application form.","Vui lòng điền vào mẫu đơn này."
"ETS-LC-9","enthusiasm","sự nhiệt tình, hăng hái","noun","/ɪnˈθuː.zi.æz.əm/","She showed great enthusiasm for the new project.","Cô ấy thể hiện sự nhiệt tình lớn với dự án mới."
"ETS-LC-9","interruption","sự gián đoạn","noun","/ˌɪn.təˈrʌp.ʃən/","There was a brief interruption in service.","Đã có sự gián đoạn ngắn trong dịch vụ."
"ETS-LC-9","connection","mối liên hệ, sự kết nối","noun","/kəˈnek.ʃən/","There is a strong connection between the two companies.","Có mối liên hệ chặt chẽ giữa hai công ty này."
"ETS-LC-9","take over","tiếp quản, đảm nhận","phrasal verb","/teɪk ˈəʊ.vər/","He will take over the project next week.","Anh ấy sẽ tiếp quản dự án vào tuần sau."
"ETS-LC-9","entire","toàn bộ","adjective","/ɪnˈtaɪər/","The entire team worked on the presentation.","Cả đội đã cùng làm việc trên bài thuyết trình."
"ETS-LC-9","retire","nghỉ hưu","verb","/rɪˈtaɪər/","He plans to retire at 65.","Ông ấy dự định nghỉ hưu ở tuổi 65."
"ETS-LC-9","incentive","sự khuyến khích, ưu đãi","noun","/ɪnˈsen.tɪv/","The company offers bonuses as an incentive.","Công ty cung cấp tiền thưởng như một hình thức khuyến khích."
"ETS-LC-9","value","giá trị","noun","/ˈvæl.juː/","The value of the property increased.","Giá trị tài sản đã tăng lên."
"ETS-LC-9","transportation","phương tiện vận chuyển","noun","/ˌtræn.spɔːˈteɪ.ʃən/","The city has excellent public transportation.","Thành phố có hệ thống giao thông công cộng tuyệt vời."
"ETS-LC-9","promote","thúc đẩy, quảng bá, thăng chức","verb","/prəˈməʊt/","They promote their product on social media.","Họ quảng bá sản phẩm trên mạng xã hội."
"ETS-LC-9","reduce","giảm bớt, cắt giảm","verb","/rɪˈdʒuːs/","We need to reduce costs.","Chúng ta cần cắt giảm chi phí."
"ETS-LC-9","assembly","cuộc họp hoặc sự lắp ráp","noun","/əˈsem.bli/","The parts are ready for assembly.","Các bộ phận đã sẵn sàng để lắp ráp."
"ETS-LC-9","standard","tiêu chuẩn","noun","/ˈstæn.dəd/","The product meets international standards.","Sản phẩm đạt tiêu chuẩn quốc tế."
"ETS-LC-9","immediately","ngay lập tức","adverb","/ɪˈmiː.di.ət.li/","She responded immediately.","Cô ấy phản hồi ngay lập tức."
"ETS-LC-9","allow","cho phép","verb","/əˈlaʊ/","Smoking is not allowed here.","Hút thuốc không được phép ở đây."
"ETS-LC-9","belongings","đồ đạc cá nhân","noun","/bɪˈlɒŋ.ɪŋz/","Please take your belongings with you.","Vui lòng mang theo đồ đạc cá nhân."
"ETS-LC-9","designated","được chỉ định","adjective","/ˈdez.ɪɡ.neɪ.tɪd/","Please park in the designated area.","Vui lòng đậu xe ở khu vực được chỉ định."
"ETS-LC-9","on-site","tại chỗ","adjective/adverb","/ˈɒn.saɪt/","There’s an on-site cafeteria.","Có căng tin tại chỗ."
"ETS-LC-9","financial","liên quan đến tài chính","adjective","/faɪˈnæn.ʃəl/","He has financial problems.","Anh ấy có vấn đề tài chính."
"ETS-LC-9","mandatory","bắt buộc","adjective","/ˈmæn.də.tər.i/","Wearing helmets is mandatory.","Đội mũ bảo hiểm là bắt buộc."
"ETS-LC-9","paycheck","tiền lương","noun","/ˈpeɪ.tʃek/","She receives her paycheck monthly.","Cô ấy nhận lương hàng tháng."
"ETS-LC-9","accept","chấp nhận","verb","/əkˈsept/","He accepted the job offer.","Anh ấy đã chấp nhận lời mời làm việc."
"ETS-LC-9","ingredient","thành phần","noun","/ɪnˈɡriː.di.ənt/","Salt is a key ingredient.","Muối là thành phần chính."
"ETS-LC-9","currently","hiện tại","adverb","/ˈkʌr.ənt.li/","He is currently unavailable.","Anh ấy hiện không có mặt."
"ETS-LC-9","approach","tiếp cận / phương pháp","verb/noun","/əˈprəʊtʃ/","We need a new approach.","Chúng ta cần phương pháp mới."
"ETS-LC-9","affect","ảnh hưởng","verb","/əˈfekt/","The weather affects travel plans.","Thời tiết ảnh hưởng đến kế hoạch đi lại."
"ETS-LC-9","congestion","tắc nghẽn","noun","/kənˈdʒes.tʃən/","Traffic congestion is a problem.","Tắc nghẽn giao thông là một vấn đề."
"ETS-LC-10","adjust","điều chỉnh","verb","/əˈdʒʌst/","Please adjust the seat.","Vui lòng điều chỉnh ghế ngồi."
"ETS-LC-10","hand","trao tay, bàn tay","verb/noun","/hænd/","She handed me the form.","Cô ấy đưa cho tôi tờ đơn."
"ETS-LC-10","fit","vừa vặn, phù hợp","verb/adjective","/fɪt/","The shoes fit perfectly.","Đôi giày vừa hoàn hảo."
"ETS-LC-10","department","phòng ban","noun","/dɪˈpɑːrt.mənt/","She works in the sales department.","Cô ấy làm ở phòng kinh doanh."
"ETS-LC-10","current","hiện tại","adjective","/ˈkɜːrənt/","My current address is in Hanoi.","Địa chỉ hiện tại của tôi ở Hà Nội."
"ETS-LC-10","outdated","lỗi thời","adjective","/ˌaʊtˈdeɪ.t̬ɪd/","That method is outdated.","Phương pháp đó đã lỗi thời."
"ETS-LC-10","rent","thuê","verb/noun","/rent/","They rented a car.","Họ đã thuê một chiếc xe."
"ETS-LC-10","portable","dễ mang theo","adjective","/ˈpɔːr.tə.bəl/","This speaker is portable.","Loa này dễ mang theo."
"ETS-LC-10","unexpected","bất ngờ","adjective","/ˌʌn.ɪkˈspek.tɪd/","An unexpected guest arrived.","Một vị khách bất ngờ đã đến."
"ETS-LC-10","display","trưng bày, hiển thị","verb/noun","/dɪˈspleɪ/","They displayed the products.","Họ đã trưng bày sản phẩm."
"ETS-LC-10","headquarters","trụ sở chính","noun","/ˈhedˌkwɔːr.t̬ɚz/","The company’s headquarters is in New York.","Trụ sở chính của công ty ở New York."
"ETS-LC-10","flavor","hương vị","noun","/ˈfleɪ.vɚ/","This ice cream has a vanilla flavor.","Kem này có vị vani."
"ETS-LC-10","sold out","bán hết","adjective","/soʊld aʊt/","The concert is sold out.","Buổi hòa nhạc đã bán hết vé."
"ETS-LC-10","preference","sở thích, sự ưu tiên","noun","/ˈpref.ər.əns/","I have a preference for tea.","Tôi thích trà hơn."
"ETS-LC-10","upstairs","tầng trên","adverb/adjective","/ˌʌpˈsterz/","The office is upstairs.","Văn phòng ở tầng trên."
"ETS-LC-10","business hours","giờ làm việc","noun","/ˈbɪz.nɪs ˌaʊ.ɚz/","We are open during normal business hours.","Chúng tôi mở cửa trong giờ làm việc bình thường."
"ETS-LC-10","collaboration","sự hợp tác","noun","/kəˌlæb.əˈreɪ.ʃən/","The project was a collaboration between two teams.","Dự án là sự hợp tác giữa hai nhóm."
"ETS-LC-10","material","vật liệu hoặc tài liệu","noun","/məˈtɪr.i.əl/","This material is used to build houses.","Vật liệu này được dùng để xây nhà."
"ETS-LC-10","responsibility","trách nhiệm","noun","/rɪˌspɑːn.səˈbɪl.ə.t̬i/","It’s your responsibility to lock the door.","Khóa cửa là trách nhiệm của bạn."
"ETS-LC-10","impressed","bị ấn tượng","adjective","/ɪmˈprest/","I was very impressed with her speech.","Tôi rất ấn tượng với bài phát biểu của cô ấy."
"ETS-LC-10","relocation","sự di dời, chuyển địa điểm","noun","/ˌriː.loʊˈkeɪ.ʃən/","The company is planning a relocation to the suburbs.","Công ty đang lên kế hoạch chuyển đến vùng ngoại ô."
"ETS-LC-10","press conference","họp báo","noun","/ˈpres ˌkɑːn.fɚ.əns/","The mayor held a press conference this morning.","Thị trưởng đã tổ chức họp báo sáng nay."
"ETS-LC-10","customize","tùy chỉnh","verb","/ˈkʌs.tə.maɪz/","You can customize the settings to suit your needs.","Bạn có thể tùy chỉnh cài đặt để phù hợp với nhu cầu."
"ETS-LC-10","go over","xem lại, kiểm tra","phrasal verb","/ɡoʊ ˈoʊ.vɚ/","Let's go over the report before submitting.","Hãy xem lại báo cáo trước khi nộp."
"ETS-LC-10","added","được thêm vào","adjective","/ˈæd.ɪd/","There is an added benefit to using this tool.","Có một lợi ích bổ sung khi sử dụng công cụ này."
"ETS-LC-10","expense","chi phí","noun","/ɪkˈspens/","Travel expenses will be reimbursed.","Chi phí đi lại sẽ được hoàn trả."
"ETS-LC-10","available","có sẵn, sẵn sàng","adjective","/əˈveɪ.lə.bəl/","Tickets are available online.","Vé có sẵn trên mạng."
"ETS-LC-10","identification","giấy tờ tùy thân, sự nhận dạng","noun","/aɪˌden.t̬ə.fəˈkeɪ.ʃən/","Please show your identification at the entrance.","Vui lòng xuất trình giấy tờ tùy thân ở lối vào."
"ETS-LC-10","theory","lý thuyết","noun","/ˈθɪə.ri/","The theory was proven correct.","Lý thuyết đã được chứng minh là đúng."
"ETS-LC-10","take apart","tháo rời","phrasal verb","/teɪk əˈpɑːrt/","He took apart the engine to fix it.","Anh ấy tháo động cơ ra để sửa."
"ETS-LC-10","knowledgeable","am hiểu, có kiến thức rộng","adjective","/ˈnɒl.ɪ.dʒə.bəl/","She is very knowledgeable about the product.","Cô ấy rất am hiểu về sản phẩm."
"ETS-LC-10","medicine","thuốc, y học","noun","/ˈmed.ɪ.sən/","Take the medicine twice a day.","Uống thuốc hai lần mỗi ngày."
"ETS-LC-10","develop","phát triển","verb","/dɪˈvel.əp/","The company plans to develop new software.","Công ty dự định phát triển phần mềm mới."
"ETS-LC-10","publish","xuất bản, công bố","verb","/ˈpʌb.lɪʃ/","They will publish the report next week.","Họ sẽ công bố báo cáo vào tuần tới."
"ETS-LC-10","hand out","phát, phân phát","phrasal verb","/hænd aʊt/","The teacher handed out the test papers.","Giáo viên phát bài kiểm tra."
"ETS-LC-10","attendee","người tham dự","noun","/ə.tenˈdiː/","Each attendee received a gift.","Mỗi người tham dự đều nhận được quà."
"ETS-LC-10","load","tải, chất (lên)","verb/noun","/ləʊd/","They loaded the boxes onto the truck.","Họ chất các thùng hàng lên xe tải."
"ETS-LC-10","utility","tiện ích, dịch vụ công","noun","/juːˈtɪl.ə.ti/","Utilities such as water and electricity are essential.","Các tiện ích như nước và điện là cần thiết."
"ETS-LC-10","policy","chính sách","noun","/ˈpɒl.ə.si/","The company has a strict refund policy.","Công ty có chính sách hoàn tiền nghiêm ngặt."
"ETS-LC-10","presenter","người thuyết trình","noun","/prɪˈzen.tər/","The presenter explained the new project.","Người thuyết trình đã giải thích dự án mới."
"ETS-LC-10","invitation","lời mời","noun","/ˌɪn.vɪˈteɪ.ʃən/","He received an invitation to the meeting.","Anh ấy nhận được lời mời dự cuộc họp."
"ETS-LC-10","lately","gần đây","adverb","/ˈleɪt.li/","Have you seen her lately?","Bạn có gặp cô ấy gần đây không?"
"ETS-LC-10","possibility","khả năng, khả thi","noun","/ˌpɒs.əˈbɪl.ə.ti/","There's a strong possibility of rain.","Có khả năng cao là sẽ mưa."
"ETS-LC-10","lead","dẫn dắt, chỉ huy","verb/noun","/liːd/","She will lead the team.","Cô ấy sẽ dẫn dắt nhóm."
"ETS-LC-10","handle","xử lý, giải quyết","verb","/ˈhæn.dəl/","She can handle the pressure.","Cô ấy có thể xử lý áp lực."
"ETS-LC-10","complete","hoàn thành","verb/adjective","/kəmˈpliːt/","She completed the report on time.","Cô ấy đã hoàn thành báo cáo đúng hạn."
"ETS-LC-10","multiple","nhiều, đa dạng","adjective","/ˈmʌl.tɪ.pəl/","The company has multiple branches.","Công ty có nhiều chi nhánh."
"ETS-LC-10","personnel","nhân sự, nhân viên","noun","/ˌpɜː.sənˈel/","The company hired new personnel.","Công ty đã tuyển thêm nhân viên."
"ETS-LC-10","manage","quản lý","verb","/ˈmæn.ɪdʒ/","She manages a team of five.","Cô ấy quản lý một nhóm gồm năm người."
"ETS-LC-10","complex","phức tạp","adjective/noun","/ˈkɒm.pleks/","The instructions are too complex.","Hướng dẫn quá phức tạp."
"ETS-LC-10","reserve","đặt trước","verb","/rɪˈzɜːv/","You should reserve a seat in advance.","Bạn nên đặt chỗ trước."
"ETS-LC-10","skip","bỏ qua","verb","/skɪp/","He skipped lunch today.","Anh ấy đã bỏ bữa trưa hôm nay."
"ETS-LC-10","up-to-date","cập nhật, hiện đại","adjective","/ˌʌp.təˈdeɪt/","The information is up-to-date.","Thông tin được cập nhật."
"ETS-LC-10","revision","bản sửa đổi","noun","/rɪˈvɪʒ.ən/","We submitted the final revision.","Chúng tôi đã nộp bản chỉnh sửa cuối cùng."
"ETS-LC-10","procedure","thủ tục, quy trình","noun","/prəˈsiː.dʒər/","Follow the correct procedure.","Hãy làm theo đúng quy trình."
"ETS-LC-10","introduce","giới thiệu","verb","/ˌɪn.trəˈdʒuːs/","Let me introduce our new manager.","Để tôi giới thiệu quản lý mới."
"ETS-LC-10","resolve","giải quyết","verb","/rɪˈzɒlv/","They resolved the issue quickly.","Họ đã giải quyết vấn đề nhanh chóng."
"ETS-LC-10","protect","bảo vệ","verb","/prəˈtekt/","Wear a helmet to protect your head.","Đội mũ bảo hiểm để bảo vệ đầu."
"ETS-LC-10","conservation","bảo tồn","noun","/ˌkɒn.səˈveɪ.ʃən/","Conservation of nature is essential.","Bảo tồn thiên nhiên là rất quan trọng."
"ETS-LC-10","effort","nỗ lực","noun","/ˈef.ət/","She made a great effort to succeed.","Cô ấy đã rất nỗ lực để thành công."
"ETS-LC-10","guidance","sự hướng dẫn","noun","/ˈɡaɪ.dəns/","We received guidance from the manager.","Chúng tôi nhận được sự hướng dẫn từ quản lý."
"ETS-LC-10","recommendation","sự đề xuất","noun","/ˌrek.ə.menˈdeɪ.ʃən/","She gave a good recommendation.","Cô ấy đã đưa ra một lời đề xuất tốt."
"ETS-LC-10","usage","cách sử dụng","noun","/ˈjuː.sɪdʒ/","Check the proper usage of this word.","Kiểm tra cách sử dụng đúng của từ này."
"ETS-LC-10","demonstrate","chứng minh, thể hiện","verb","/ˈdem.ən.streɪt/","Let me demonstrate how it works.","Để tôi trình bày cách nó hoạt động."
"ETS-LC-10","exhibit","trưng bày, triển lãm","verb/noun","/ɪɡˈzɪb.ɪt/","The gallery will exhibit modern art.","Phòng tranh sẽ trưng bày nghệ thuật hiện đại."
"ETS-LC-10","obtain","đạt được, giành được","verb","/əbˈteɪn/","You need a license to obtain this.","Bạn cần giấy phép để đạt được điều này."
"ETS-LC-10","produce","sản xuất, tạo ra","verb","/prəˈdʒuːs/","They produce electronic goods.","Họ sản xuất hàng điện tử."
"ETS-LC-10","positive","tích cực","adjective","/ˈpɒz.ə.tɪv/","She has a positive attitude.","Cô ấy có thái độ tích cực."
"ETS-LC-10","understandable","có thể hiểu được","adjective","/ˌʌn.dəˈstæn.də.bəl/","Her concern is understandable.","Sự lo lắng của cô ấy là có thể hiểu được."
"ETS-LC-10","liquid","chất lỏng","noun/adjective","/ˈlɪk.wɪd/","Water is a liquid.","Nước là một chất lỏng."
"ETS-LC-10","leak","rò rỉ","verb/noun","/liːk/","Water started to leak from the pipe.","Nước bắt đầu rò rỉ từ ống."
"ETS-LC-10","extend","mở rộng, kéo dài","verb","/ɪkˈstend/","We will extend the deadline.","Chúng tôi sẽ kéo dài hạn chót."
"ETS-LC-10","register","đăng ký","verb/noun","/ˈredʒ.ɪ.stər/","You must register online.","Bạn phải đăng ký trực tuyến."
"ETS-LC-10","affordable","giá cả phải chăng","adjective","/əˈfɔː.də.bəl/","This phone is affordable.","Điện thoại này có giá phải chăng."
"ETS-LC-10","promotional","thuộc quảng cáo, khuyến mãi","adjective","/prəˈməʊ.ʃən.əl/","They launched a promotional campaign.","Họ đã khởi động chiến dịch quảng cáo."
"ETS-LC-10","comfortable","thoải mái","adjective","/ˈkʌmf.tə.bəl/","This chair is very comfortable.","Chiếc ghế này rất thoải mái."
"ETS-LC-10","demand","nhu cầu, yêu cầu","noun/verb","/dɪˈmɑːnd/","There is high demand for housing.","Có nhu cầu cao về nhà ở."
"ETS-LC-10","loan","khoản vay","noun","/ləʊn/","He applied for a bank loan.","Anh ấy xin vay tiền ngân hàng."
"ETS-LC-10","operation","sự vận hành hoặc ca phẫu thuật","noun","/ˌɒp.ərˈeɪ.ʃən/","The factory is in full operation.","Nhà máy đang hoạt động hết công suất."
"ETS-LC-10","fund","quỹ; cấp vốn","noun/verb","/fʌnd/","The project was funded by the government.","Dự án được chính phủ tài trợ."
