"Category","Album","Word","Meaning","PartOfSpeech","Pronunciation","Example_English","Example_Vietnamese"
"Part7_Topics","dat-hang-p7","account","tài khoản","noun","/əˈkaʊnt/","You may view your account details","including account balance, recent charges, and payments received at any time by accessing your account online."
"Part7_Topics","dat-hang-p7","cancel","hủy bỏ","verb","/ˈkæn.səl/","If you would like to cancel your ticket, please call","212 555-8843."
"Part7_Topics","dat-hang-p7","charge","khoản phí","noun","/tʃɑːrdʒ/","Shipping charges are calculated based on the delivery destination.","Phí vận chuyển được tính dựa trên điểm giao hàng."
"Part7_Topics","dat-hang-p7","confirm","xác nhận","verb","/kənˈfɝːm/","Please confirm your attendance by replying to this e-mail.","Vui lòng xác nhận việc bạn tham dự bằng cách phản hồi email này."
"Part7_Topics","dat-hang-p7","fee","phí dịch vụ","noun","/fiː/","There is a $25 application fee for the craft fair.","Có phí nộp đơn 25 đô la cho hội chợ thủ công."
"Part7_Topics","dat-hang-p7","no later than","không muộn hơn","preposition","/noʊ ˈleɪ.t̬ɚ ðæn/","Please submit the report no later than Friday.","Vui lòng nộp báo cáo không muộn hơn thứ Sáu."
"Part7_Topics","dat-hang-p7","place an order","đặt hàng","verb","/pleɪs ən ˈɔːr.dɚ/","Customers will receive a receipt when they place an order.","Khách hàng sẽ nhận được hóa đơn khi họ đặt hàng."
"Part7_Topics","dat-hang-p7","purchase","mua hàng","verb","/ˈpɝː.tʃəs/","You may return your purchase within 30 days for a full refund.","Bạn có thể trả lại món hàng đã mua trong vòng 30 ngày để được hoàn tiền đầy đủ."
"Part7_Topics","dat-hang-p7","refund","hoàn tiền","noun","/ˈriː.fʌnd/","Cancellations up to one day before the tour will receive a 50% refund.","Hủy trước một ngày so với chuyến tham quan sẽ được hoàn lại 50%."
"Part7_Topics","dat-hang-p7","reserve","đặt trước","verb","/rɪˈzɝːv/","You can reserve your seats online for the workshop.","Bạn có thể đặt chỗ trực tuyến cho buổi hội thảo."
"Part7_Topics","dat-hang-p7","return","trả lại hàng","verb","/rɪˈtɝːn/","Customers may return items within 14 days of purchase.","Khách hàng có thể trả lại hàng trong vòng 14 ngày kể từ khi mua."
"Part7_Topics","dat-hang-p7","ship","gửi hàng","verb","/ʃɪp/","We ship all international orders within three business days.","Chúng tôi giao tất cả đơn hàng quốc tế trong vòng ba ngày làm việc."
"Part7_Topics","dat-hang-p7","submit","nộp hoặc gửi thông tin để xử lý","verb","/səbˈmɪt/","Please submit your order by 5 P.M. to ensure next-day delivery.","Vui lòng nộp đơn hàng trước 5 giờ chiều để đảm bảo giao hàng vào ngày hôm sau."
"Part7_Topics","dat-hang-p7","verify","xác minh tính chính xác","verb","/ˈver.ə.faɪ/","You will receive a code to verify your order before payment is processed.","Bạn sẽ nhận được mã để xác minh đơn hàng trước khi thanh toán được xử lý."
"Part7_Topics","cam-on-cao-loi-p7","apologize","xin lỗi","verb","/əˈpɑː.lə.dʒaɪz/","We sincerely apologize for the inconvenience caused by the delay.","Chúng tôi chân thành xin lỗi vì sự bất tiện do việc chậm trễ gây ra."
"Part7_Topics","cam-on-cao-loi-p7","as a token of appreciation","như một biểu hiện lòng cảm kích","phrase","/æz ə ˈtoʊ.kən əv əˌpriː.ʃiˈeɪ.ʃən/","As a token of appreciation, we are offering you a 10% discount on your next order.","Như một lời cảm ơn, chúng tôi tặng bạn giảm giá 10% cho đơn hàng tiếp theo."
"Part7_Topics","cam-on-cao-loi-p7","be delighted to","rất vui được làm gì đó","phrase","/dɪˈlaɪ.t̬ɪd tuː/","We would be delighted to assist you with your inquiry.","Chúng tôi rất vui được hỗ trợ bạn với yêu cầu của bạn."
"Part7_Topics","cam-on-cao-loi-p7","damaged","bị hỏng hoặc tổn hại","adj","/ˈdæm.ɪdʒd/","We apologize for the damaged item and will send a replacement.","Chúng tôi xin lỗi vì món hàng bị hỏng và sẽ gửi món thay thế."
"Part7_Topics","cam-on-cao-loi-p7","defective","bị lỗi, không hoạt động đúng","adj","/dɪˈfek.tɪv/","Please return the defective unit and we will issue a refund.","Vui lòng trả lại thiết bị bị lỗi và chúng tôi sẽ hoàn tiền."
"Part7_Topics","cam-on-cao-loi-p7","delay","trì hoãn, làm chậm lại","verb","/dɪˈleɪ/","We apologize for the delay in shipping your order.","Chúng tôi xin lỗi vì sự chậm trễ trong việc giao đơn hàng của bạn."
"Part7_Topics","cam-on-cao-loi-p7","enclosed","đính kèm","adj","/ɪnˈkloʊzd/","Please find the invoice enclosed with this letter.","Vui lòng xem hóa đơn được đính kèm cùng thư này."
"Part7_Topics","cam-on-cao-loi-p7","grateful","biết ơn","adj","/ˈɡreɪt.fəl/","We are very grateful for your continued support.","Chúng tôi rất biết ơn sự ủng hộ liên tục của bạn."
"Part7_Topics","cam-on-cao-loi-p7","in recognition of","để ghi nhận, tôn vinh ai đó vì thành tích hoặc đóng góp","preposition","/ɪn ˌrek.əɡˈnɪʃ.ən əv/","In recognition of your 10 years of service, we are giving you a special award.","Để ghi nhận 10 năm cống hiến của bạn, chúng tôi trao tặng bạn một giải thưởng đặc biệt."
"Part7_Topics","cam-on-cao-loi-p7","invaluable","vô giá, rất quý giá","adj","/ɪnˈvæl.jə.bəl/","Your feedback has been invaluable to the success of our project.","Phản hồi của bạn vô cùng quý giá đối với sự thành công của dự án của chúng tôi."
"Part7_Topics","cam-on-cao-loi-p7","on behalf of","thay mặt cho","preposition","/ɑːn bɪˈhæf əv/","On behalf of the entire team, I’d like to thank you for your support.","Thay mặt cả nhóm, tôi xin cảm ơn bạn vì sự ủng hộ của bạn."
"Part7_Topics","cam-on-cao-loi-p7","patronage","sự ủng hộ của khách hàng","noun","/ˈpeɪ.trə.nɪdʒ/","We appreciate your continued patronage and look forward to serving you again.","Chúng tôi trân trọng sự ủng hộ liên tục của bạn và mong được phục vụ bạn lần nữa."
"Part7_Topics","cam-on-cao-loi-p7","regretfully","một cách đáng tiếc","adverb","/rɪˈɡret.fəl.i/","We regretfully inform you that your application was not successful.","Chúng tôi rất tiếc phải thông báo rằng đơn ứng tuyển của bạn không thành công."
"Part7_Topics","cam-on-cao-loi-p7","voucher","phiếu quà tặng hoặc phiếu mua hàng","noun","/ˈvaʊ.tʃɚ/","You will receive a $10 voucher as a thank-you for your feedback.","Bạn sẽ nhận được phiếu quà tặng trị giá 10 đô như một lời cảm ơn vì đã phản hồi."
"Part7_Topics","le-ky-niem-p7","catering","dịch vụ ăn uống cho sự kiện","noun","/ˈkeɪ.t̬ɚ.ɪŋ/","The company hired a local firm to handle the catering for the anniversary event.","Công ty đã thuê một đơn vị địa phương phụ trách dịch vụ ăn uống cho sự kiện kỷ niệm."
"Part7_Topics","le-ky-niem-p7","celebrate","kỷ niệm, tổ chức vui mừng điều gì đó","verb","/ˈsel.ə.breɪt/","They plan to celebrate their 10th anniversary with a formal dinner.","Họ dự định kỷ niệm 10 năm thành lập bằng một bữa tối trang trọng."
"Part7_Topics","le-ky-niem-p7","commemorate","tưởng niệm, kỷ niệm sự kiện hoặc người quan trọng","verb","/kəˈmem.ə.reɪt/","The ceremony was held to commemorate the company’s 50th anniversary.","Buổi lễ được tổ chức để kỷ niệm 50 năm thành lập công ty."
"Part7_Topics","le-ky-niem-p7","in honor of","để vinh danh ai đó hoặc điều gì đó","preposition","/ɪn ˈɑː.nɚ əv/","The dinner was held in honor of the company’s retiring CEO.","Bữa tối được tổ chức để vinh danh giám đốc điều hành sắp nghỉ hưu của công ty."
"Part7_Topics","le-ky-niem-p7","on-site","tại chỗ","adj","/ˌɑːnˈsaɪt/","There will be on-site catering available during the anniversary celebration.","Sẽ có dịch vụ ăn uống tại chỗ trong suốt buổi lễ kỷ niệm."
"Part7_Topics","le-ky-niem-p7","organize","tổ chức","verb","/ˈɔːr.ɡən.aɪz/","The HR department will organize a party to celebrate the company’s anniversary.","Phòng nhân sự sẽ tổ chức một bữa tiệc để kỷ niệm ngày thành lập công ty."
"Part7_Topics","le-ky-niem-p7","participant","người tham gia","noun","/pɑːrˈtɪs.ə.pənt/","Each participant received a commemorative certificate.","Mỗi người tham gia đều nhận được giấy chứng nhận kỷ niệm."
"Part7_Topics","le-ky-niem-p7","present","trao tặng, giới thiệu hoặc trình bày điều gì đó","verb","/prɪˈzent/","The mayor will present awards to the longest-serving employees.","Thị trưởng sẽ trao giải cho những nhân viên làm việc lâu năm nhất."
"Part7_Topics","le-ky-niem-p7","proceedings","diễn biến chính thức của sự kiện","noun","/prəˈsiː.dɪŋz/","The master of ceremonies opened the proceedings with a short welcome speech.","Người dẫn chương trình đã bắt đầu buổi lễ với một bài phát biểu chào mừng ngắn gọn."
"Part7_Topics","le-ky-niem-p7","reception","buổi tiệc chào đón trang trọng","noun","/rɪˈsep.ʃən/","A formal reception will follow the anniversary ceremony.","Một buổi tiệc trang trọng sẽ diễn ra sau lễ kỷ niệm."
"Part7_Topics","le-ky-niem-p7","register","đăng ký tham gia","verb","/ˈredʒ.ə.stɚ/","Please register for the celebration by completing the online form.","Vui lòng đăng ký tham dự buổi lễ bằng cách điền vào biểu mẫu trực tuyến."
"Part7_Topics","le-ky-niem-p7","select","chọn lựa từ nhóm","verb","/səˈlekt/","Ten outstanding employees were selected to receive awards.","Mười nhân viên xuất sắc đã được chọn để nhận giải."
"Part7_Topics","le-ky-niem-p7","take place","diễn ra, xảy ra","verb","/teɪk pleɪs/","The award ceremony will take place at 6 P.M. in the main auditorium.","Lễ trao giải sẽ diễn ra lúc 6 giờ tối tại hội trường chính."
"Part7_Topics","le-ky-niem-p7","venue","địa điểm tổ chức sự kiện","noun","/ˈven.juː/","They are searching for a venue large enough to host the company’s anniversary celebration.","Họ đang tìm một địa điểm đủ lớn để tổ chức lễ kỷ niệm của công ty."
"Part7_Topics","mua-giam-gia-p7","a variety of","nhiều loại khác nhau","determiner","/ə vəˈraɪ.ə.t̬i əv/","The store offers a variety of gift items at discounted prices.","Cửa hàng cung cấp nhiều loại quà tặng với mức giá giảm."
"Part7_Topics","mua-giam-gia-p7","additional","bổ sung, thêm vào","adj","/əˈdɪʃ.ən.əl/","Customers who spend over $50 will receive an additional discount.","Khách hàng mua trên 50 đô sẽ được giảm giá thêm."
"Part7_Topics","mua-giam-gia-p7","affordable","có giá cả phải chăng","adj","/əˈfɔːr.də.bəl/","We aim to provide high-quality goods at affordable prices.","Chúng tôi hướng tới cung cấp hàng chất lượng cao với giá cả phải chăng."
"Part7_Topics","mua-giam-gia-p7","available","có sẵn để sử dụng","adj","/əˈveɪ.lə.bəl/","The new collection will be available in stores next week.","Bộ sưu tập mới sẽ có sẵn tại cửa hàng vào tuần tới."
"Part7_Topics","mua-giam-gia-p7","clearance sale","đợt xả hàng giá rẻ","noun","/ˈklɪr.əns seɪl/","We’re offering up to 70% off during our clearance sale.","Chúng tôi giảm giá đến 70% trong đợt xả hàng tồn kho."
"Part7_Topics","mua-giam-gia-p7","complimentary","miễn phí, tặng kèm","adj","/ˌkɑːm.pləˈmen.t̬ɚ.i/","All guests will receive a complimentary tote bag at checkout.","Tất cả khách sẽ nhận được túi vải miễn phí khi thanh toán."
"Part7_Topics","mua-giam-gia-p7","consumer","người tiêu dùng","noun","/kənˈsuː.mɚ/","Our goal is to provide better value for every consumer.","Mục tiêu của chúng tôi là mang lại giá trị tốt hơn cho mọi người tiêu dùng."
"Part7_Topics","mua-giam-gia-p7","eligible","đủ điều kiện","adj","/ˈel.ə.dʒə.bəl/","Customers are eligible for a free gift with any purchase over $100.","Khách hàng đủ điều kiện nhận quà tặng miễn phí với đơn hàng trên 100 đô."
"Part7_Topics","mua-giam-gia-p7","exceed","vượt quá giới hạn","verb","/ɪkˈsiːd/","Your purchase must not exceed the spending limit.","Mua hàng của bạn không được vượt quá giới hạn chi tiêu."
"Part7_Topics","mua-giam-gia-p7","free of charge","miễn phí","adverb","/friː əv tʃɑːrdʒ/","All deliveries within the city are free of charge.","Tất cả đơn giao hàng trong thành phố đều miễn phí."
"Part7_Topics","mua-giam-gia-p7","in bulk","mua bán số lượng lớn","adverb","/ɪn bʌlk/","Buying office supplies in bulk can save money.","Mua văn phòng phẩm số lượng lớn có thể tiết kiệm chi phí."
"Part7_Topics","mua-giam-gia-p7","in installments","trả góp","adverb","/ɪn ɪnˈstɑːl.mənts/","The laptop can be paid for in installments over 6 months.","Chiếc laptop có thể được thanh toán theo hình thức trả góp trong vòng 6 tháng."
"Part7_Topics","mua-giam-gia-p7","including","bao gồm","preposition","/ɪnˈkluː.dɪŋ/","The discount applies to all items, including clearance products.","Giảm giá áp dụng cho tất cả sản phẩm, bao gồm cả hàng xả kho."
"Part7_Topics","mua-giam-gia-p7","inventory","hàng tồn kho","noun","/ˈɪn.vən.tɔːr.i/","The store is offering big discounts to clear out old inventory.","Cửa hàng đang giảm giá mạnh để xả hàng tồn."
"Part7_Topics","mua-giam-gia-p7","invoice","hóa đơn","noun","/ˈɪn.vɔɪs/","The invoice must be paid within 30 days of purchase.","Hóa đơn phải được thanh toán trong vòng 30 ngày kể từ khi mua."
"Part7_Topics","mua-giam-gia-p7","limited","có giới hạn","adj","/ˈlɪm.ɪ.t̬ɪd/","This special offer is available for a limited time only.","Ưu đãi đặc biệt này chỉ có hiệu lực trong thời gian giới hạn."
"Part7_Topics","mua-giam-gia-p7","markdown","giảm giá","noun","/ˈmɑːrk.daʊn/","Many items have been marked down for the end-of-season sale.","Nhiều mặt hàng đã được giảm giá cho đợt xả hàng cuối mùa."
"Part7_Topics","mua-giam-gia-p7","office supplies","văn phòng phẩm","noun","/ˈɑː.fɪs səˌplaɪz/","We received a bulk order of office supplies yesterday.","Chúng tôi đã nhận được một đơn hàng văn phòng phẩm số lượng lớn hôm qua."
"Part7_Topics","mua-giam-gia-p7","promotional","liên quan đến quảng cáo, khuyến mãi","adj","/prəˈmoʊ.ʃən.əl/","The store is offering promotional discounts during the holiday season.","Cửa hàng đang cung cấp các chương trình khuyến mãi trong mùa lễ."
"Part7_Topics","mua-giam-gia-p7","redeem","đổi phiếu, mã để nhận hàng hoặc giảm giá","verb","/rɪˈdiːm/","You can redeem this coupon for 10% off your next purchase.","Bạn có thể đổi phiếu này để được giảm 10% cho lần mua tiếp theo."
"Part7_Topics","mua-giam-gia-p7","reduced rate","mức giá giảm","noun","/rɪˈduːst reɪt/","We offer reduced rates for group bookings.","Chúng tôi cung cấp mức giá ưu đãi cho đặt chỗ theo nhóm."
"Part7_Topics","mua-giam-gia-p7","renew","gia hạn hoặc làm mới dịch vụ, đăng ký","verb","/rɪˈnuː/","You can renew your membership online and receive a 10% discount.","Bạn có thể gia hạn tư cách thành viên trực tuyến và nhận giảm giá 10%."
"Part7_Topics","mua-giam-gia-p7","retailer","nhà bán lẻ","noun","/ˈriː.teɪ.lɚ/","Retailers across the country are preparing for the holiday shopping season.","Các nhà bán lẻ trên toàn quốc đang chuẩn bị cho mùa mua sắm lễ hội."
"Part7_Topics","mua-giam-gia-p7","souvenir","đồ lưu niệm","noun","/ˌsuː.vəˈnɪr/","Tourists often buy local souvenirs as gifts.","Khách du lịch thường mua quà lưu niệm địa phương làm quà tặng."
"Part7_Topics","mua-giam-gia-p7","special offer","ưu đãi đặc biệt","noun","/ˈspeʃ.əl ˈɑː.fɚ/","This weekend only: Buy one, get one free special offer.","Chỉ cuối tuần này: Mua một tặng một – ưu đãi đặc biệt."
"Part7_Topics","mua-giam-gia-p7","store credit","tín dụng cửa hàng","noun","/stɔːr ˈkred.ɪt/","Returned items will be refunded as store credit.","Các mặt hàng trả lại sẽ được hoàn dưới dạng tín dụng cửa hàng."
"Part7_Topics","mua-giam-gia-p7","take advantage of","tận dụng cơ hội","verb","/teɪk ədˈvæn.t̬ɪdʒ əv/","Take advantage of our year-end sale before it ends!","Hãy tận dụng đợt giảm giá cuối năm trước khi kết thúc!"
"Part7_Topics","mua-giam-gia-p7","vendor","nhà cung cấp hoặc người bán hàng","noun","/ˈven.dɚ/","Please contact the vendor directly for product support.","Vui lòng liên hệ trực tiếp với nhà cung cấp để được hỗ trợ sản phẩm."
"Part7_Topics","mua-giam-gia-p7","warranty","bảo hành","noun","/ˈwɔːr.ən.t̬i/","The printer comes with a one-year warranty.","Máy in đi kèm với bảo hành một năm."
"Part7_Topics","de-xuat-p7","appropriate","phù hợp","adj","/əˈproʊ.pri.ət/","Please wear appropriate attire for the business meeting.","Vui lòng mặc trang phục phù hợp cho cuộc họp kinh doanh."
"Part7_Topics","de-xuat-p7","assign","phân công nhiệm vụ","verb","/əˈsaɪn/","The manager will assign tasks based on each employee’s strengths.","Quản lý sẽ phân công nhiệm vụ dựa trên thế mạnh của từng nhân viên."
"Part7_Topics","de-xuat-p7","attentive","chú ý và quan tâm","adj","/əˈten.t̬ɪv/","The staff was attentive to every detail of the presentation.","Nhân viên rất chú ý đến từng chi tiết của bài thuyết trình."
"Part7_Topics","de-xuat-p7","attitude","thái độ hoặc quan điểm về người, việc, tình huống","noun","/ˈæt̬.ə.tuːd/","Her positive attitude contributed greatly to the team's success.","Thái độ tích cực của cô ấy đã đóng góp lớn vào thành công của cả nhóm."
"Part7_Topics","de-xuat-p7","certificate","chứng chỉ","noun","/sɚˈtɪf.ə.kət/","You will receive a certificate upon completing the training program.","Bạn sẽ nhận được chứng chỉ khi hoàn thành chương trình đào tạo."
"Part7_Topics","de-xuat-p7","considerate","chu đáo, quan tâm đến người khác","adj","/kənˈsɪd.ɚ.ət/","She is always considerate of her coworkers’ opinions.","Cô ấy luôn chu đáo và quan tâm đến ý kiến của đồng nghiệp."
"Part7_Topics","de-xuat-p7","cooperation","sự hợp tác","noun","/koʊˌɑː.pəˈreɪ.ʃən/","We appreciate your cooperation in improving customer service.","Chúng tôi đánh giá cao sự hợp tác của bạn trong việc cải thiện dịch vụ khách hàng."
"Part7_Topics","de-xuat-p7","demonstrate","chứng minh hoặc thể hiện rõ ràng","verb","/ˈdem.ən.streɪt/","She demonstrated excellent leadership skills during the workshop.","Cô ấy đã thể hiện kỹ năng lãnh đạo xuất sắc trong buổi hội thảo."
"Part7_Topics","de-xuat-p7","endeavor","nỗ lực, cố gắng","noun","/enˈdev.ɚ/","We wish you the best of luck in your future endeavors.","Chúng tôi chúc bạn may mắn trong những nỗ lực sắp tới."
"Part7_Topics","de-xuat-p7","exemplary","gương mẫu, xuất sắc","adj","/ɪɡˈzem.plɚ.i/","She received an award for her exemplary performance.","Cô ấy nhận được giải thưởng cho thành tích gương mẫu của mình."
"Part7_Topics","de-xuat-p7","potential","có tiềm năng phát triển","adj","/pəˈten.ʃəl/","This candidate has strong potential for a leadership role.","Ứng viên này có tiềm năng lớn để đảm nhiệm vai trò lãnh đạo."
"Part7_Topics","de-xuat-p7","promising","đầy hứa hẹn","adj","/ˈprɑː.mɪ.sɪŋ/","He is a promising young designer with innovative ideas.","Anh ấy là một nhà thiết kế trẻ đầy hứa hẹn với những ý tưởng sáng tạo."
"Part7_Topics","de-xuat-p7","qualification","trình độ chuyên môn hoặc kỹ năng cần có","noun","/ˌkwɑː.lə.fəˈkeɪ.ʃən/","Applicants must meet the minimum qualifications for the position.","Ứng viên phải đáp ứng các tiêu chuẩn tối thiểu cho vị trí này."
"Part7_Topics","de-xuat-p7","reference","người hoặc tài liệu giới thiệu","noun","/ˈref.ɚ.əns/","Please provide two professional references with your application.","Vui lòng cung cấp hai người giới thiệu chuyên nghiệp cùng hồ sơ của bạn."
"Part7_Topics","dich-vu-p7","appointment","cuộc hẹn chính thức","noun","/əˈpɔɪnt.mənt/","Please arrive 10 minutes early for your appointment.","Vui lòng đến sớm 10 phút trước cuộc hẹn của bạn."
"Part7_Topics","dich-vu-p7","access","quyền truy cập, sử dụng dịch vụ hoặc nơi chốn","noun","/ˈæk.ses/","Guests have access to the fitness center 24 hours a day.","Khách được sử dụng phòng tập thể dục 24/24."
"Part7_Topics","dich-vu-p7","accommodation","chỗ ở","noun","/əˌkɑː.məˈdeɪ.ʃən/","The hotel offers affordable accommodation near the airport.","Khách sạn cung cấp chỗ ở giá phải chăng gần sân bay."
"Part7_Topics","dich-vu-p7","sign up for","đăng ký tham gia","verb","/saɪn ʌp fɔːr/","You can sign up for the newsletter on our website.","Bạn có thể đăng ký nhận bản tin trên trang web của chúng tôi."
"Part7_Topics","dich-vu-p7","assistance","sự giúp đỡ, hỗ trợ","noun","/əˈsɪs.təns/","Please call the front desk if you need any assistance.","Vui lòng gọi lễ tân nếu bạn cần bất kỳ sự hỗ trợ nào."
"Part7_Topics","dich-vu-p7","amenity","tiện nghi","noun","/əˈmen.ə.t̬i/","The hotel offers many amenities such as a spa, gym, and pool.","Khách sạn cung cấp nhiều tiện nghi như spa, phòng gym và hồ bơi."
"Part7_Topics","dich-vu-p7","convenience","sự tiện lợi","noun","/kənˈviː.ni.əns/","We offer online booking for your convenience.","Chúng tôi cung cấp dịch vụ đặt lịch trực tuyến để thuận tiện cho bạn."
"Part7_Topics","dich-vu-p7","dealership","đại lý bán hàng","noun","/ˈdiː.lɚ.ʃɪp/","You can purchase the vehicle at any authorized dealership.","Bạn có thể mua xe tại bất kỳ đại lý được ủy quyền nào."
"Part7_Topics","dich-vu-p7","authorized","được ủy quyền","adj","/ˈɑː.θɚ.aɪzd/","Only authorized personnel are allowed to access this area.","Chỉ nhân viên được ủy quyền mới được phép vào khu vực này."
"Part7_Topics","dich-vu-p7","expire","hết hạn","verb","/ɪkˈspaɪr/","Your membership will expire at the end of the month.","Tư cách thành viên của bạn sẽ hết hạn vào cuối tháng."
"Part7_Topics","dich-vu-p7","extend","gia hạn","verb","/ɪkˈstend/","We’d like to extend your free trial by one week.","Chúng tôi muốn gia hạn thời gian dùng thử miễn phí của bạn thêm một tuần."
"Part7_Topics","dich-vu-p7","maintenance","bảo trì","noun","/ˈmeɪn.tən.əns/","Regular maintenance helps prevent unexpected breakdowns.","Bảo trì thường xuyên giúp ngăn ngừa hỏng hóc bất ngờ."
"Part7_Topics","dich-vu-p7","reliable","đáng tin cậy","adj","/rɪˈlaɪ.ə.bəl/","We are known for providing fast and reliable service.","Chúng tôi nổi tiếng vì cung cấp dịch vụ nhanh chóng và đáng tin cậy."
"Part7_Topics","dich-vu-p7","termination","sự chấm dứt","noun","/ˌtɝː.məˈneɪ.ʃən/","The contract includes a 30-day notice period before termination.","Hợp đồng bao gồm thời hạn thông báo 30 ngày trước khi chấm dứt."
"Part7_Topics","kinh-doanh-p7-1","approval","sự chấp thuận","noun","/əˈpruː.vəl/","The proposal is still waiting for final approval.","Đề xuất vẫn đang chờ phê duyệt cuối cùng."
"Part7_Topics","kinh-doanh-p7-1","bid","mức đấu thầu","noun","/bɪd/","The construction company submitted the lowest bid.","Công ty xây dựng đã nộp mức đấu thầu thấp nhất."
"Part7_Topics","kinh-doanh-p7-1","boost","tăng cường, cải thiện","verb","/buːst/","The marketing campaign helped boost sales by 25%.","Chiến dịch marketing đã giúp tăng doanh số 25%."
"Part7_Topics","kinh-doanh-p7-1","distribution","quá trình phân phối sản phẩm hoặc dịch vụ","noun","/ˌdɪs.trəˈbjuː.ʃən/","The company improved its distribution network to reach more markets.","Công ty đã cải thiện mạng lưới phân phối để tiếp cận nhiều thị trường hơn."
"Part7_Topics","kinh-doanh-p7-1","endorsement","sự ủng hộ hoặc chứng thực từ người nổi tiếng","noun","/ɪnˈdɔːrs.mənt/","The brand received a celebrity endorsement that boosted its popularity.","Thương hiệu nhận được sự chứng thực từ người nổi tiếng giúp tăng độ phổ biến."
"Part7_Topics","kinh-doanh-p7-1","expansion","sự mở rộng","noun","/ɪkˈspæn.ʃən/","The company is planning international expansion next year.","Công ty đang lên kế hoạch mở rộng ra quốc tế vào năm sau."
"Part7_Topics","kinh-doanh-p7-1","expense","chi phí","noun","/ɪkˈspens/","Travel expenses must be submitted within five business days.","Chi phí đi công tác phải được nộp trong vòng năm ngày làm việc."
"Part7_Topics","kinh-doanh-p7-1","facilitate","tạo điều kiện thuận lợi","verb","/fəˈsɪl.ə.teɪt/","The new software will facilitate communication between departments.","Phần mềm mới sẽ tạo điều kiện thuận lợi cho việc giao tiếp giữa các phòng ban."
"Part7_Topics","kinh-doanh-p7-1","feasible","khả thi, có thể thực hiện được","adj","/ˈfiː.zə.bəl/","The proposal is technically feasible but requires more funding.","Đề xuất có tính khả thi về mặt kỹ thuật nhưng cần thêm kinh phí."
"Part7_Topics","kinh-doanh-p7-1","figure","con số thống kê","noun","/ˈfɪɡ.jɚ/","Sales figures for the first quarter exceeded expectations.","Doanh số quý đầu tiên vượt quá kỳ vọng."
"Part7_Topics","kinh-doanh-p7-1","license","giấy phép","noun","/ˈlaɪ.səns/","The restaurant must renew its business license annually.","Nhà hàng phải gia hạn giấy phép kinh doanh hàng năm."
"Part7_Topics","kinh-doanh-p7-1","market share","thị phần","noun","/ˈmɑːr.kɪt ʃer/","The brand has increased its market share in Asia.","Thương hiệu đã tăng thị phần tại châu Á."
"Part7_Topics","kinh-doanh-p7-1","profitable","sinh lợi, mang lại lợi nhuận","adj","/ˈprɑː.fɪ.t̬ə.bəl/","The company found a profitable niche in the online education market.","Công ty đã tìm được một thị trường ngách sinh lợi trong mảng giáo dục trực tuyến."
"Part7_Topics","kinh-doanh-p7-1","release","phát hành, ra mắt","verb","/rɪˈliːs/","The company plans to release a new product line next month.","Công ty dự định ra mắt dòng sản phẩm mới vào tháng tới."
"Part7_Topics","kinh-phi-p7","allot","phân bổ","verb","/əˈlɑːt/","Each department was allotted a fixed budget for the quarter.","Mỗi phòng ban được phân bổ ngân sách cố định cho quý này."
"Part7_Topics","kinh-phi-p7","approximately","khoảng, xấp xỉ","adverb","/əˈprɑːk.sə.mət.li/","The project cost approximately $200,000 to complete.","Dự án tiêu tốn khoảng 200.000 đô để hoàn thành."
"Part7_Topics","kinh-phi-p7","asset","tài sản","noun","/ˈæs.et/","The company’s assets include real estate and equipment.","Tài sản của công ty bao gồm bất động sản và thiết bị."
"Part7_Topics","kinh-phi-p7","budget","ngân sách","noun","/ˈbʌdʒ.ɪt/","The marketing team received an increased budget for next quarter.","Đội ngũ marketing nhận được ngân sách tăng cho quý tới."
"Part7_Topics","kinh-phi-p7","contribution","sự đóng góp","noun","/ˌkɑːn.trɪˈbjuː.ʃən/","Her contribution to the fundraising event was greatly appreciated.","Sự đóng góp của cô ấy cho sự kiện gây quỹ được đánh giá rất cao."
"Part7_Topics","kinh-phi-p7","financial","liên quan đến tài chính","adj","/faɪˈnæn.ʃəl/","The company is facing financial difficulties due to lower revenue.","Công ty đang đối mặt với khó khăn tài chính do doanh thu giảm."
"Part7_Topics","kinh-phi-p7","fundraising","hoạt động gây quỹ","noun","/ˈfʌndˌreɪ.zɪŋ/","The organization hosted a fundraising dinner for the local hospital.","Tổ chức đã tổ chức một bữa tối gây quỹ cho bệnh viện địa phương."
"Part7_Topics","kinh-phi-p7","immensely","vô cùng, cực kỳ","adverb","/ɪˈmens.li/","We are immensely grateful for your generous support.","Chúng tôi vô cùng biết ơn sự hỗ trợ hào phóng của bạn."
"Part7_Topics","kinh-phi-p7","monetary donation","khoản đóng góp bằng tiền","noun","/ˈmʌ.nə.ter.i doʊˈneɪ.ʃən/","The foundation received a large monetary donation from a corporate sponsor.","Tổ chức đã nhận được khoản quyên góp tiền lớn từ một nhà tài trợ doanh nghiệp."
"Part7_Topics","kinh-phi-p7","possess","sở hữu, nắm giữ cái gì đó","verb","/pəˈzes/","Applicants must possess strong organizational and budgeting skills.","Ứng viên phải sở hữu kỹ năng tổ chức và lập ngân sách tốt."
"Part7_Topics","kinh-phi-p7","proceeds","số tiền thu được","noun","/ˈproʊ.siːdz/","All proceeds from the auction will go to charity.","Tất cả số tiền thu được từ buổi đấu giá sẽ được chuyển cho tổ chức từ thiện."
"Part7_Topics","kinh-phi-p7","project","dự án","noun","/ˈprɑː.dʒekt/","The team submitted a proposal for a new community project.","Nhóm đã nộp đề xuất cho một dự án cộng đồng mới."
"Part7_Topics","kinh-phi-p7","property","tài sản hoặc bất động sản sở hữu","noun","/ˈprɑː.pɚ.t̬i/","The company owns several properties in the downtown area.","Công ty sở hữu một số bất động sản ở khu trung tâm."
"Part7_Topics","kinh-phi-p7","reimburse","hoàn tiền đã chi","verb","/ˌriː.ɪmˈbɝːs/","The company will reimburse travel expenses after the trip.","Công ty sẽ hoàn lại chi phí đi lại sau chuyến công tác."
"Part7_Topics","bat-dong-san-p7","appraisal","định giá tài sản","noun","/əˈpreɪ.zəl/","The bank requires a property appraisal before approving the loan.","Ngân hàng yêu cầu định giá tài sản trước khi phê duyệt khoản vay."
"Part7_Topics","bat-dong-san-p7","floor plan","bản vẽ bố trí mặt bằng","noun","/ˈflɔːr ˌplæn/","The website includes a detailed floor plan of each apartment.","Trang web có bản vẽ chi tiết mặt bằng của từng căn hộ."
"Part7_Topics","bat-dong-san-p7","furnished","được trang bị nội thất sẵn có","adj","/ˈfɝː.nɪʃt/","The apartment is fully furnished and ready for move-in.","Căn hộ được trang bị đầy đủ nội thất và sẵn sàng để dọn vào."
"Part7_Topics","bat-dong-san-p7","landlord","chủ nhà cho thuê","noun","/ˈlænd.lɔːrd/","The landlord is responsible for property maintenance.","Chủ nhà chịu trách nhiệm bảo trì tài sản."
"Part7_Topics","bat-dong-san-p7","lease","hợp đồng thuê","noun","/liːs/","We signed a one-year lease for the apartment.","Chúng tôi đã ký hợp đồng thuê một năm cho căn hộ."
"Part7_Topics","bat-dong-san-p7","on the premises","trong khuôn viên","adverb","/ɑːn ðə ˈprem.ə.sɪz/","Smoking is not allowed on the premises.","Không được hút thuốc trong khuôn viên."
"Part7_Topics","bat-dong-san-p7","real estate agency","công ty bất động sản","noun","/ˈrɪəl əˌsteɪt ˈeɪ.dʒən.si/","We contacted a local real estate agency to help sell our house.","Chúng tôi đã liên hệ một công ty bất động sản địa phương để giúp bán nhà."
"Part7_Topics","bat-dong-san-p7","resident","cư dân","noun","/ˈrez.ə.dənt/","Residents are required to show ID when entering the building.","Cư dân phải xuất trình giấy tờ tùy thân khi vào tòa nhà."
"Part7_Topics","bat-dong-san-p7","short-term","ngắn hạn","adj","/ˌʃɔːrt ˈtɝːm/","They offer short-term leases for business travelers.","Họ cung cấp hợp đồng thuê ngắn hạn cho khách công tác."
"Part7_Topics","bat-dong-san-p7","site inspection","kiểm tra hiện trường","noun","/saɪt ɪnˈspek.ʃən/","A site inspection will be conducted before the purchase.","Một cuộc kiểm tra hiện trường sẽ được tiến hành trước khi mua."
"Part7_Topics","bat-dong-san-p7","story","tầng lầu của tòa nhà","noun","/ˈstɔːr.i/","The building is a three-story office complex.","Tòa nhà là một khu văn phòng ba tầng."
"Part7_Topics","bat-dong-san-p7","tenant","người thuê nhà","noun","/ˈten.ənt/","Tenants must follow all building rules and policies.","Người thuê phải tuân theo tất cả quy định của tòa nhà."
"Part7_Topics","bat-dong-san-p7","utility bills","hóa đơn tiện ích","noun","/juːˈtɪl.ə.t̬i bɪlz/","The rent does not include utility bills.","Tiền thuê không bao gồm hóa đơn tiện ích."
"Part7_Topics","bat-dong-san-p7","within walking distance","trong khoảng cách đi bộ","adverb","/wɪˈðɪn ˈwɑː.kɪŋ ˌdɪs.təns/","The apartment is within walking distance of shops and restaurants.","Căn hộ nằm trong khoảng cách đi bộ đến cửa hàng và nhà hàng."
"Part7_Topics","hang-hoa-dich-vu-p7","accommodate","cung cấp chỗ ở hoặc đáp ứng nhu cầu","verb","/əˈkɑː.mə.deɪt/","The new facility can accommodate up to 500 guests.","Cơ sở mới có thể phục vụ tới 500 khách."
"Part7_Topics","hang-hoa-dich-vu-p7","artisan","thợ thủ công","noun","/ˈɑːr.tə.zən/","The market features local artisans selling handmade goods.","Chợ có các thợ thủ công địa phương bán hàng thủ công."
"Part7_Topics","hang-hoa-dich-vu-p7","craft","nghề thủ công","noun","/kræft/","The shop sells traditional crafts made from natural materials.","Cửa hàng bán các mặt hàng thủ công truyền thống làm từ nguyên liệu tự nhiên."
"Part7_Topics","hang-hoa-dich-vu-p7","customized","tùy chỉnh theo yêu cầu","adj","/ˈkʌs.tə.maɪzd/","We offer customized packaging to match your brand.","Chúng tôi cung cấp bao bì tùy chỉnh theo thương hiệu của bạn."
"Part7_Topics","hang-hoa-dich-vu-p7","device","thiết bị","noun","/dɪˈvaɪs/","This device allows users to monitor energy consumption.","Thiết bị này cho phép người dùng theo dõi mức tiêu thụ năng lượng."
"Part7_Topics","hang-hoa-dich-vu-p7","durable","bền, sử dụng lâu dài không hư hỏng","adj","/ˈdʊr.ə.bəl/","These shoes are made of durable materials for outdoor use.","Đôi giày này được làm từ vật liệu bền cho mục đích sử dụng ngoài trời."
"Part7_Topics","hang-hoa-dich-vu-p7","energy efficient","tiết kiệm năng lượng","adj","/ˈen.ɚ.dʒi ɪˈfɪʃ.ənt/","We sell energy efficient appliances that help reduce electricity bills.","Chúng tôi bán các thiết bị tiết kiệm năng lượng giúp giảm hóa đơn điện."
"Part7_Topics","hang-hoa-dich-vu-p7","exclusively","chỉ dành riêng cho","adverb","/ɪkˈskluː.sɪv.li/","This product is available exclusively online.","Sản phẩm này chỉ bán trực tuyến."
"Part7_Topics","hang-hoa-dich-vu-p7","feature","đặc điểm nổi bật hoặc tính năng chính","noun","/ˈfiː.tʃɚ/","One popular feature of the phone is its long battery life.","Một tính năng nổi bật của điện thoại là pin lâu."
"Part7_Topics","hang-hoa-dich-vu-p7","intricate","phức tạp và tinh xảo","adj","/ˈɪn.trə.kət/","The artisan creates intricate designs using traditional methods.","Người thợ thủ công tạo ra các thiết kế tinh xảo bằng phương pháp truyền thống."
"Part7_Topics","hang-hoa-dich-vu-p7","replica","bản sao chính xác","noun","/ˈrep.lɪ.kə/","The store sells replicas of historical artifacts.","Cửa hàng bán bản sao của các hiện vật lịch sử."
"Part7_Topics","hang-hoa-dich-vu-p7","specialize in","chuyên về","verb","/ˈspeʃ.əl.aɪz ɪn/","They specialize in handmade leather products.","Họ chuyên sản xuất các sản phẩm da thủ công."
"Part7_Topics","hang-hoa-dich-vu-p7","testimonial","lời chứng thực của khách hàng về sản phẩm hoặc dịch vụ","noun","/ˌtes.təˈmoʊ.ni.əl/","The website features customer testimonials praising the product.","Trang web có lời chứng thực của khách hàng khen ngợi sản phẩm."
"Part7_Topics","hang-hoa-dich-vu-p7","trial","giai đoạn dùng thử","noun","/ˈtraɪ.əl/","The software includes a 14-day free trial.","Phần mềm bao gồm 14 ngày dùng thử miễn phí."
"Part7_Topics","hang-hoa-dich-vu-p7","versatile","đa năng, sử dụng được nhiều cách khác nhau","adj","/ˈvɝː.sə.t̬əl/","This versatile tool can be used for both cooking and baking.","Dụng cụ đa năng này có thể dùng cho cả nấu và nướng."
"Part7_Topics","tham-quan-p7","admission","sự vào cửa, cho phép tham gia","noun","/ədˈmɪʃ.ən/","Admission to the museum is free on Sundays.","Vào cửa bảo tàng miễn phí vào Chủ nhật."
"Part7_Topics","tham-quan-p7","arrange","sắp xếp, tổ chức","verb","/əˈreɪndʒ/","The travel agent will arrange transportation and accommodation.","Đại lý du lịch sẽ sắp xếp phương tiện di chuyển và chỗ ở."
"Part7_Topics","tham-quan-p7","baggage allowance","hạn mức hành lý","noun","/ˈbæɡ.ɪdʒ əˌlaʊ.əns/","Your ticket includes a 20kg baggage allowance.","Vé của bạn bao gồm 20kg hành lý."
"Part7_Topics","tham-quan-p7","carry-on","hành lý xách tay","noun","/ˈker.i.ɑːn/","Each passenger is allowed one carry-on and one personal item.","Mỗi hành khách được mang một hành lý xách tay và một vật dụng cá nhân."
"Part7_Topics","tham-quan-p7","destination","điểm đến","noun","/ˌdes.təˈneɪ.ʃən/","Thailand is a popular travel destination in Southeast Asia.","Thái Lan là điểm đến du lịch phổ biến ở Đông Nam Á."
"Part7_Topics","tham-quan-p7","frequent flyer","hành khách thường xuyên","noun","/ˌfriː.kwənt ˈflaɪ.ɚ/","Frequent flyers can earn miles for every trip.","Hành khách thường xuyên có thể tích lũy dặm bay cho mỗi chuyến đi."
"Part7_Topics","tham-quan-p7","guided tour","chuyến tham quan có hướng dẫn viên","noun","/ˈɡaɪ.dɪd tʊr/","The museum offers a guided tour in English every afternoon.","Bảo tàng có chuyến tham quan có hướng dẫn viên bằng tiếng Anh mỗi buổi chiều."
"Part7_Topics","tham-quan-p7","in advance","trước, sớm hơn thời gian đã định","adverb","/ɪn ədˈvæns/","Please book your tickets in advance to secure a seat.","Vui lòng đặt vé trước để đảm bảo có chỗ."
"Part7_Topics","tham-quan-p7","itinerary","lịch trình chuyến đi","noun","/aɪˈtɪn.ə.rer.i/","The travel agency sent us the final itinerary by email.","Công ty du lịch đã gửi lịch trình cuối cùng cho chúng tôi qua email."
"Part7_Topics","tham-quan-p7","tourist attractions","điểm thu hút khách du lịch","noun","/ˈtʊr.ɪst əˌtræk.ʃənz/","The city is famous for its historical tourist attractions.","Thành phố nổi tiếng với các điểm du lịch lịch sử."
"Part7_Topics","tham-quan-p7","transportation","phương tiện di chuyển","noun","/ˌtræn.spɚˈteɪ.ʃən/","The hotel provides free transportation to the airport.","Khách sạn cung cấp phương tiện đưa đón miễn phí đến sân bay."
"Part7_Topics","tham-quan-p7","admission","phí vào cửa hoặc sự cho phép tham gia","noun","/ədˈmɪʃ.ən/","Admission to the national park costs $10 per person.","Phí vào cửa công viên quốc gia là 10 đô mỗi người."
"Part7_Topics","tham-quan-p7","amusement","sự giải trí, hoạt động vui chơi","noun","/əˈmjuːz.mənt/","The resort features various forms of amusement for guests.","Khu nghỉ dưỡng có nhiều loại hình giải trí cho khách."
"Part7_Topics","tham-quan-p7","park attendance","số lượng người đến công viên","noun","/pɑːrk əˈten.dəns/","Park attendance increased significantly during the summer holidays.","Lượng người đến công viên tăng đáng kể vào kỳ nghỉ hè."
"Part7_Topics","tham-quan-p7","concert","buổi hòa nhạc","noun","/ˈkɑːn.sɚt/","They bought tickets to the outdoor summer concert.","Họ đã mua vé xem buổi hòa nhạc ngoài trời mùa hè."
"Part7_Topics","tham-quan-p7","display","sự trưng bày","noun","/dɪˈspleɪ/","The gallery features a display of modern art.","Phòng trưng bày có một khu trưng bày nghệ thuật hiện đại."
"Part7_Topics","tham-quan-p7","exhibition","cuộc triển lãm","noun","/ˌek.səˈbɪʃ.ən/","The art exhibition will run through the end of the month.","Triển lãm nghệ thuật sẽ kéo dài đến cuối tháng."
"Part7_Topics","tham-quan-p7","festival","lễ hội","noun","/ˈfes.tə.vəl/","The city hosts an international film festival every year.","Thành phố tổ chức lễ hội phim quốc tế hằng năm."
"Part7_Topics","tham-quan-p7","film","bộ phim","noun","/fɪlm/","They watched a documentary film about the national park.","Họ đã xem một bộ phim tài liệu về công viên quốc gia."
"Part7_Topics","tham-quan-p7","guided tour","chuyến tham quan có hướng dẫn viên","noun","/ˈɡaɪ.dɪd tʊr/","We took a guided tour of the historic district.","Chúng tôi đã tham gia chuyến tham quan có hướng dẫn ở khu phố cổ."
"Part7_Topics","tham-quan-p7","membership","tư cách thành viên","noun","/ˈmem.bɚ.ʃɪp/","Museum membership includes unlimited free visits.","Thẻ thành viên bảo tàng bao gồm lượt tham quan miễn phí không giới hạn."
"Part7_Topics","tham-quan-p7","museum","bảo tàng","noun","/mjuˈziː.əm/","The museum houses rare artifacts from ancient civilizations.","Bảo tàng lưu giữ các hiện vật quý hiếm từ các nền văn minh cổ đại."
"Part7_Topics","tham-quan-p7","performance","buổi biểu diễn nghệ thuật","noun","/pɚˈfɔːr.məns/","The performance included traditional music and dance.","Buổi biểu diễn có nhạc và múa truyền thống."
"Part7_Topics","tham-quan-p7","remains","tàn tích, di tích cổ còn lại","noun","/rɪˈmeɪnz/","Visitors can explore the ancient remains of the temple complex.","Du khách có thể khám phá tàn tích cổ của quần thể đền."
"Part7_Topics","tham-quan-p7","souvenir","đồ lưu niệm","noun","/ˌsuː.vəˈnɪr/","She bought a handmade souvenir from the local market.","Cô ấy đã mua một món đồ lưu niệm thủ công từ chợ địa phương."
"Part7_Topics","cong-viec-p7","applicant","người nộp đơn","noun","/ˈæp.lə.kənt/","Each applicant must submit a resume and cover letter.","Mỗi ứng viên phải nộp sơ yếu lý lịch và thư xin việc."
"Part7_Topics","cong-viec-p7","assessment","sự đánh giá","noun","/əˈses.mənt/","The hiring process includes a written assessment.","Quy trình tuyển dụng bao gồm bài kiểm tra viết."
"Part7_Topics","cong-viec-p7","benefits (package)","gói phúc lợi","noun","/ˈben.ə.fɪts ˈpæk.ɪdʒ/","The job comes with a competitive salary and full benefits package.","Công việc đi kèm mức lương cạnh tranh và gói phúc lợi đầy đủ."
"Part7_Topics","cong-viec-p7","candidate","ứng viên","noun","/ˈkæn.dɪ.dət/","She is one of the strongest candidates for the management role.","Cô ấy là một trong những ứng viên sáng giá cho vị trí quản lý."
"Part7_Topics","cong-viec-p7","degree","bằng cấp học vấn","noun","/dɪˈɡriː/","He holds a degree in business administration.","Anh ấy có bằng quản trị kinh doanh."
"Part7_Topics","cong-viec-p7","human resources (HR)","phòng nhân sự","noun","/ˌhjuː.mən ˈriː.sɔːrsɪz/","Please submit your application to the Human Resources department.","Vui lòng nộp đơn cho phòng Nhân sự."
"Part7_Topics","cong-viec-p7","job openings","vị trí tuyển dụng","noun","/ˈdʒɑːb ˌoʊ.pən.ɪŋz/","We currently have several job openings in the sales department.","Chúng tôi hiện có một số vị trí tuyển dụng trong bộ phận bán hàng."
"Part7_Topics","cong-viec-p7","preference","sở thích hoặc sự ưu tiên","noun","/ˈpref.ər.əns/","We will try to accommodate your seating preference.","Chúng tôi sẽ cố gắng sắp xếp chỗ ngồi theo sở thích của bạn."
"Part7_Topics","cong-viec-p7","qualified","đủ tiêu chuẩn","adj","/ˈkwɑː.lə.faɪd/","Only qualified candidates will be invited for an interview.","Chỉ những ứng viên đủ điều kiện mới được mời phỏng vấn."
"Part7_Topics","cong-viec-p7","recruit","tuyển dụng","verb","/rɪˈkruːt/","The company plans to recruit additional staff this quarter.","Công ty dự định tuyển thêm nhân viên trong quý này."
"Part7_Topics","cong-viec-p7","requirement","yêu cầu cần thiết","noun","/rɪˈkwaɪr.mənt/","The main requirement for this job is strong communication skills.","Yêu cầu chính cho công việc này là kỹ năng giao tiếp tốt."
"Part7_Topics","cong-viec-p7","shift","ca làm việc","noun","/ʃɪft/","He works the night shift at the manufacturing plant.","Anh ấy làm ca đêm tại nhà máy sản xuất."
"Part7_Topics","cong-viec-p7","short-staffed","thiếu nhân lực","adj","/ˌʃɔːrtˈstæft/","We’re currently short-staffed due to unexpected absences.","Hiện tại chúng tôi thiếu nhân lực do một số nhân viên nghỉ đột xuất."
"Part7_Topics","cong-viec-p7","temporary","tạm thời","adj","/ˈtem.pə.rer.i/","She accepted a temporary position while waiting for a full-time role.","Cô ấy nhận công việc tạm thời trong khi chờ vị trí toàn thời gian."
"Part7_Topics","cong-viec-p7","vary","thay đổi hoặc khác nhau","verb","/ˈver.i/","Working hours may vary depending on the department.","Giờ làm việc có thể thay đổi tùy theo bộ phận."
"Part7_Topics","thong-tin-san-pham-p7","portable","dễ mang theo","adj","/ˈpɔːr.t̬ə.bəl/","This speaker is lightweight and highly portable.","Loa này nhẹ và rất dễ mang theo."
"Part7_Topics","thong-tin-san-pham-p7","in good condition","trong tình trạng tốt","adj","/ɪn ɡʊd kənˈdɪʃ.ən/","The used car is still in good condition.","Chiếc xe cũ vẫn còn trong tình trạng tốt."
"Part7_Topics","thong-tin-san-pham-p7","worn","bị mòn do sử dụng nhiều","adj","/wɔːrn/","The shoes are slightly worn but still usable.","Đôi giày hơi mòn nhưng vẫn dùng được."
"Part7_Topics","thong-tin-san-pham-p7","used","đã qua sử dụng","adj","/juːzd/","This is a used laptop in excellent condition.","Đây là một chiếc laptop đã qua sử dụng nhưng còn rất tốt."
"Part7_Topics","thong-tin-san-pham-p7","exterior","phần bên ngoài","noun","/ɪkˈstɪr.i.ɚ/","The exterior of the car was recently repainted.","Phần bên ngoài của xe vừa được sơn lại."
"Part7_Topics","thong-tin-san-pham-p7","easy to operate","dễ sử dụng","adj","/ˈiː.zi tuː ˈɑː.pə.reɪt/","The printer is compact and easy to operate.","Máy in nhỏ gọn và dễ sử dụng."
"Part7_Topics","thong-tin-san-pham-p7","high performance","hiệu suất cao","adj","/haɪ pɚˈfɔːr.məns/","The company released a high performance laptop for gamers.","Công ty đã ra mắt một chiếc laptop hiệu suất cao cho game thủ."
"Part7_Topics","thong-tin-san-pham-p7","appliance","thiết bị gia dụng","noun","/əˈplaɪ.əns/","All kitchen appliances are energy efficient.","Tất cả thiết bị nhà bếp đều tiết kiệm năng lượng."
"Part7_Topics","thong-tin-san-pham-p7","consumption","sự tiêu thụ hàng hóa, năng lượng hoặc tài nguyên","noun","/kənˈsʌmp.ʃən/","Energy consumption has dropped significantly this year.","Lượng tiêu thụ năng lượng đã giảm đáng kể trong năm nay."
"Part7_Topics","thong-tin-san-pham-p7","thoroughly","một cách kỹ lưỡng, cẩn thận","adverb","/ˈθɝː.ə.li/","Please read the user manual thoroughly before using the device.","Vui lòng đọc kỹ hướng dẫn sử dụng trước khi dùng thiết bị."
"Part7_Topics","thong-tin-san-pham-p7","install","lắp đặt","verb","/ɪnˈstɑːl/","A technician will install the air conditioner tomorrow.","Kỹ thuật viên sẽ lắp điều hòa vào ngày mai."
"Part7_Topics","thong-tin-san-pham-p7","latest","mới nhất","adj","/ˈleɪ.t̬ɪst/","This is the latest model with updated features.","Đây là mẫu mới nhất với các tính năng được cập nhật."
"Part7_Topics","thong-tin-san-pham-p7","state-of-the-art","hiện đại nhất, công nghệ tiên tiến nhất","adj","/ˌsteɪt.əv.ðiːˈɑːrt/","This phone is equipped with state-of-the-art camera technology.","Chiếc điện thoại này được trang bị công nghệ camera hiện đại nhất."
"Part7_Topics","thong-tin-san-pham-p7","manual","sách hướng dẫn sử dụng","noun","/ˈmæn.ju.əl/","Refer to the user manual for troubleshooting steps.","Tham khảo sách hướng dẫn sử dụng để xử lý sự cố."
"Part7_Topics","thong-tin-san-pham-p7","portable","dễ mang theo","adj","/ˈpɔːr.t̬ə.bəl/","This speaker is lightweight and highly portable.","Loa này nhẹ và rất dễ mang theo."
"Part7_Topics","thong-tin-san-pham-p7","application","ứng dụng phần mềm trên thiết bị di động hoặc máy tính","noun","/ˌæp.ləˈkeɪ.ʃən/","The app allows users to control the device remotely.","Ứng dụng cho phép người dùng điều khiển thiết bị từ xa."
"Part7_Topics","thong-tin-san-pham-p7","come with","đi kèm với","verb","/kʌm wɪð/","The package comes with a free carrying case.","Gói sản phẩm đi kèm với một túi đựng miễn phí."
"Part7_Topics","thong-tin-san-pham-p7","equipment","thiết bị, công cụ dùng cho mục đích cụ thể","noun","/ɪˈkwɪp.mənt/","The gym provides all the necessary equipment for training.","Phòng gym cung cấp tất cả thiết bị cần thiết cho việc tập luyện."
"Part7_Topics","thong-tin-san-pham-p7","fragile","dễ vỡ, dễ hư hỏng","adj","/ˈfrædʒ.əl/","Please label this box as fragile – it contains glassware.","Vui lòng dán nhãn dễ vỡ cho thùng này – bên trong có đồ thủy tinh."
"Part7_Topics","thong-tin-san-pham-p7","function","chức năng","noun","/ˈfʌŋk.ʃən/","This watch has multiple functions, including a stopwatch and alarm.","Chiếc đồng hồ này có nhiều chức năng như bấm giờ và báo thức."
"Part7_Topics","thong-tin-san-pham-p7","furnishing","đồ nội thất","noun","/ˈfɝː.nɪ.ʃɪŋ/","The apartment comes with basic furnishings including a bed and table.","Căn hộ có sẵn nội thất cơ bản gồm giường và bàn."
"Part7_Topics","thong-tin-san-pham-p7","goods","hàng hóa","noun","/ɡʊdz/","The goods will be delivered within three business days.","Hàng hóa sẽ được giao trong vòng ba ngày làm việc."
"Part7_Topics","thong-tin-san-pham-p7","laboratory","phòng thí nghiệm","noun","/ˈlæb.rə.tɔːr.i/","All samples are tested in a certified laboratory.","Tất cả mẫu được kiểm tra trong phòng thí nghiệm đạt chuẩn."
"Part7_Topics","thong-tin-san-pham-p7","light fixture","đèn gắn cố định","noun","/ˈlaɪt ˌfɪks.tʃɚ/","We replaced all the old light fixtures with LED models.","Chúng tôi đã thay tất cả đèn cũ bằng mẫu đèn LED."
"Part7_Topics","thong-tin-san-pham-p7","merchandise","hàng hóa","noun","/ˈmɝː.tʃən.daɪs/","All merchandise is on sale this weekend.","Tất cả hàng hóa đều giảm giá cuối tuần này."
"Part7_Topics","thong-tin-san-pham-p7","part","bộ phận","noun","/pɑːrt/","Replacement parts are available for all major models.","Có sẵn bộ phận thay thế cho tất cả các mẫu chính."
"Part7_Topics","thong-tin-san-pham-p7","rechargeable battery","pin sạc","noun","/rɪˈtʃɑːr.dʒə.bəl ˈbæt̬.ɚ.i/","The camera uses a rechargeable battery that lasts up to 8 hours.","Máy ảnh sử dụng pin sạc có thể dùng đến 8 giờ."
"Part7_Topics","thong-tin-san-pham-p7","specification","thông số kỹ thuật","noun","/ˌspe.sə.fəˈkeɪ.ʃən/","Please review the product specifications before placing an order.","Vui lòng xem kỹ thông số sản phẩm trước khi đặt hàng."
"Part7_Topics","thong-tin-san-pham-p7","vacuum cleaner","máy hút bụi","noun","/ˈvæ.kjuːm ˌkliː.nɚ/","The new vacuum cleaner features a powerful motor and HEPA filter.","Máy hút bụi mới có động cơ mạnh và bộ lọc HEPA."
"Part7_Topics","su-kien-p7","extend an invitation","gửi lời mời","verb","/ɪkˈstend æn ˌɪn.vəˈteɪ.ʃən/","We would like to extend an invitation to all partners for the gala.","Chúng tôi xin trân trọng gửi lời mời tới tất cả đối tác tham dự buổi dạ tiệc."
"Part7_Topics","su-kien-p7","keynote speaker","diễn giả chính","noun","/ˈkiː.noʊt ˌspiː.kɚ/","The keynote speaker delivered an inspiring talk on leadership.","Diễn giả chính đã có bài phát biểu truyền cảm hứng về lãnh đạo."
"Part7_Topics","su-kien-p7","conference","hội nghị","noun","/ˈkɑːn.fɚ.əns/","The annual marketing conference will be held in Chicago.","Hội nghị tiếp thị thường niên sẽ được tổ chức tại Chicago."
"Part7_Topics","su-kien-p7","bi-annual","hai lần một năm","adj","/ˌbaɪˈæn.ju.əl/","The company holds a bi-annual leadership retreat.","Công ty tổ chức khóa họp mặt lãnh đạo hai lần một năm."
"Part7_Topics","su-kien-p7","host","tổ chức sự kiện","verb","/hoʊst/","Our company will host a networking dinner after the seminar.","Công ty chúng tôi sẽ tổ chức buổi tiệc kết nối sau hội thảo."
"Part7_Topics","su-kien-p7","registration","sự đăng ký","noun","/ˌredʒ.əˈstreɪ.ʃən/","Online registration is required for all participants.","Tất cả người tham gia đều phải đăng ký trực tuyến."
"Part7_Topics","su-kien-p7","charity","tổ chức từ thiện","noun","/ˈtʃer.ə.t̬i/","All proceeds from the event will go to local charities.","Toàn bộ số tiền thu được từ sự kiện sẽ được chuyển đến các tổ chức từ thiện địa phương."
"Part7_Topics","su-kien-p7","fundraiser","sự kiện gây quỹ","noun","/ˈfʌndˌreɪ.zɚ/","They held a fundraiser to support cancer research.","Họ tổ chức sự kiện gây quỹ để hỗ trợ nghiên cứu ung thư."
"Part7_Topics","su-kien-p7","upcoming","sắp tới","adj","/ˈʌpˌkʌ.mɪŋ/","We’re preparing for the upcoming product launch.","Chúng tôi đang chuẩn bị cho buổi ra mắt sản phẩm sắp tới."
"Part7_Topics","su-kien-p7","coordinator","người điều phối sự kiện","noun","/koʊˈɔːr.dən.eɪ.t̬ɚ/","The event coordinator ensured everything ran smoothly.","Người điều phối sự kiện đảm bảo mọi thứ diễn ra suôn sẻ."
"Part7_Topics","su-kien-p7","banquet","tiệc lớn trang trọng","noun","/ˈbæŋ.kwət/","The awards banquet will be held in the grand ballroom.","Buổi tiệc trao giải sẽ được tổ chức tại phòng tiệc lớn."
"Part7_Topics","su-kien-p7","facility","cơ sở vật chất","noun","/fəˈsɪl.ə.t̬i/","The conference will take place at a state-of-the-art facility.","Hội nghị sẽ diễn ra tại cơ sở vật chất hiện đại."
"Part7_Topics","su-kien-p7","coordinator","người điều phối sự kiện","noun","/koʊˈɔːr.dən.eɪ.t̬ɚ/","The event coordinator ensured everything ran smoothly.","Người điều phối sự kiện đảm bảo mọi thứ diễn ra suôn sẻ."
"Part7_Topics","su-kien-p7","banquet","tiệc lớn trang trọng","noun","/ˈbæŋ.kwət/","The awards banquet will be held in the grand ballroom.","Buổi tiệc trao giải sẽ được tổ chức tại phòng tiệc lớn."
"Part7_Topics","su-kien-p7","facility","cơ sở vật chất","noun","/fəˈsɪl.ə.t̬i/","The conference will take place at a state-of-the-art facility.","Hội nghị sẽ diễn ra tại cơ sở vật chất hiện đại."
"Part7_Topics","su-kien-p7","representative","người đại diện","noun","/ˌrep.rɪˈzen.tə.t̬ɪv/","Each company sent a representative to the conference.","Mỗi công ty cử một đại diện đến hội nghị."
"Part7_Topics","su-kien-p7","delegation","phái đoàn đại diện","noun","/ˌdel.əˈɡeɪ.ʃən/","A delegation from Japan attended the trade forum.","Một phái đoàn từ Nhật Bản đã tham dự diễn đàn thương mại."
"Part7_Topics","thanh-toan-p7","amount","số tiền tổng cộng","noun","/əˈmaʊnt/","Please check the total amount before confirming your payment.","Vui lòng kiểm tra tổng số tiền trước khi xác nhận thanh toán."
"Part7_Topics","thanh-toan-p7","balance","số dư","noun","/ˈbæl.əns/","Your current balance is shown on the final page of the invoice.","Số dư hiện tại được hiển thị ở trang cuối của hóa đơn."
"Part7_Topics","thanh-toan-p7","billing address","địa chỉ thanh toán","noun","/ˈbɪl.ɪŋ ˌæd.res/","Please update your billing address before placing the order.","Vui lòng cập nhật địa chỉ thanh toán trước khi đặt hàng."
"Part7_Topics","thanh-toan-p7","cover","bao gồm chi phí","verb","/ˈkʌv.ɚ/","The warranty does not cover accidental damage.","Bảo hành không bao gồm hư hỏng do tai nạn."
"Part7_Topics","thanh-toan-p7","deduct","khấu trừ","verb","/dɪˈdʌkt/","We will deduct the discount from your total bill.","Chúng tôi sẽ khấu trừ chiết khấu khỏi tổng hóa đơn của bạn."
"Part7_Topics","thanh-toan-p7","deposit","tiền đặt cọc","noun","/dɪˈpɑː.zɪt/","A $100 deposit is required to confirm your reservation.","Cần đặt cọc 100 đô để xác nhận đặt chỗ của bạn."
"Part7_Topics","thanh-toan-p7","estimate","bảng ước tính","noun","/ˈes.tə.mət/","We will send you a cost estimate within 24 hours.","Chúng tôi sẽ gửi cho bạn bảng ước tính chi phí trong vòng 24 giờ."
"Part7_Topics","thanh-toan-p7","outstanding","chưa thanh toán, còn nợ","adj","/ˌaʊtˈstæn.dɪŋ/","The customer still has an outstanding balance of $200.","Khách hàng vẫn còn số dư chưa thanh toán là 200 đô."
"Part7_Topics","thanh-toan-p7","overdue","quá hạn","adj","/ˌoʊ.vɚˈduː/","Your payment is now overdue. Please make it as soon as possible.","Khoản thanh toán của bạn đã quá hạn. Vui lòng thanh toán sớm nhất có thể."
"Part7_Topics","thanh-toan-p7","partial payment","thanh toán một phần","noun","/ˈpɑːr.ʃəl ˈpeɪ.mənt/","Customers may make a partial payment if they cannot pay in full.","Khách hàng có thể thanh toán một phần nếu không thể trả toàn bộ."
"Part7_Topics","thanh-toan-p7","preferred","được ưa chuộng hơn","adj","/prɪˈfɝːd/","Credit card is the preferred method of payment.","Thẻ tín dụng là phương thức thanh toán được ưa chuộng."
"Part7_Topics","thanh-toan-p7","quote","bảng báo giá","noun","/kwoʊt/","The contractor gave us a written quote for the repairs.","Nhà thầu đã đưa cho chúng tôi bảng báo giá bằng văn bản cho việc sửa chữa."
"Part7_Topics","thanh-toan-p7","reduction","sự giảm giá","noun","/rɪˈdʌk.ʃən/","Customers can enjoy a 10% reduction on all items this weekend.","Khách hàng có thể được giảm 10% cho tất cả mặt hàng vào cuối tuần này."
"Part7_Topics","thanh-toan-p7","reimbursement","khoản hoàn trả","noun","/ˌriː.ɪmˈbɝːs.mənt/","Employees must submit receipts for reimbursement.","Nhân viên phải nộp hóa đơn để được hoàn trả."
"Part7_Topics","chao-hoi-p7","administrative","liên quan đến hành chính","adj","/ədˈmɪn.ə.streɪ.t̬ɪv/","She handles all the administrative tasks in the department.","Cô ấy phụ trách toàn bộ công việc hành chính trong phòng ban."
"Part7_Topics","chao-hoi-p7","assume","đảm nhận trách nhiệm","verb","/əˈsuːm/","She will assume the role of director starting next week.","Cô ấy sẽ đảm nhận vai trò giám đốc bắt đầu từ tuần tới."
"Part7_Topics","chao-hoi-p7","be appointed","được bổ nhiệm","verb","/əˈpɔɪn.t̬ɪd/","Mr. Lee has been appointed as the new regional manager.","Ông Lee đã được bổ nhiệm làm giám đốc khu vực mới."
"Part7_Topics","chao-hoi-p7","chair","chủ tọa","noun","/tʃer/","Ms. Lopez will serve as chair of the committee this year.","Bà Lopez sẽ giữ vai trò chủ tọa của ủy ban trong năm nay."
"Part7_Topics","chao-hoi-p7","extension","máy nhánh","noun","/ɪkˈsten.ʃən/","You can reach her at extension 205 during office hours.","Bạn có thể liên hệ với cô ấy theo máy nhánh 205 trong giờ hành chính."
"Part7_Topics","chao-hoi-p7","headquarters","trụ sở chính","noun","/ˈhedˌkwɔːr.t̬ɚz/","The company’s headquarters are located in New York.","Trụ sở chính của công ty đặt tại New York."
"Part7_Topics","chao-hoi-p7","on duty","đang làm nhiệm vụ","adj","/ɑːn ˈduː.t̬i/","Only authorized staff are allowed in the lab while on duty.","Chỉ nhân viên được ủy quyền mới được phép vào phòng thí nghiệm khi đang làm nhiệm vụ."
"Part7_Topics","chao-hoi-p7","oversee","giám sát","verb","/ˌoʊ.vɚˈsiː/","He was hired to oversee the new marketing campaign.","Anh ấy được thuê để giám sát chiến dịch marketing mới."
"Part7_Topics","chao-hoi-p7","performance evaluation","đánh giá hiệu suất làm việc","noun","/pɚˈfɔːr.məns iˌvæl.juˈeɪ.ʃən/","All employees receive a performance evaluation every six months.","Tất cả nhân viên đều được đánh giá hiệu suất mỗi sáu tháng."
"Part7_Topics","chao-hoi-p7","replacement","người thay thế","noun","/rɪˈpleɪs.mənt/","We are still looking for a replacement for the outgoing manager.","Chúng tôi vẫn đang tìm người thay thế cho quản lý sắp nghỉ."
"Part7_Topics","chao-hoi-p7","serve as","đóng vai trò là","verb","/sɝːv æz/","He currently serves as the director of operations.","Anh ấy hiện đang đảm nhiệm vai trò giám đốc vận hành."
"Part7_Topics","chao-hoi-p7","task","nhiệm vụ","noun","/tæsk/","Your main task will be to assist the new employees.","Nhiệm vụ chính của bạn là hỗ trợ các nhân viên mới."
"Part7_Topics","chao-hoi-p7","transfer","chuyển công tác","verb","/ˈtræns.fɚ/","She was transferred to the marketing department last month.","Cô ấy đã được chuyển sang bộ phận marketing vào tháng trước."
"Part7_Topics","chinh-sach-p7","adjust","điều chỉnh","verb","/əˈdʒʌst/","The company adjusted its policy to meet new regulations.","Công ty đã điều chỉnh chính sách để phù hợp với quy định mới."
"Part7_Topics","chinh-sach-p7","adopt","chấp nhận hoặc áp dụng một chính sách, kế hoạch","verb","/əˈdɑːpt/","The company adopted a flexible work-from-home policy.","Công ty đã áp dụng chính sách làm việc tại nhà linh hoạt."
"Part7_Topics","chinh-sach-p7","allocate","phân bổ nguồn lực hoặc ngân sách cho mục đích cụ thể","verb","/ˈæl.ə.keɪt/","The budget committee allocated funds to each department.","Ủy ban ngân sách đã phân bổ quỹ cho từng phòng ban."
"Part7_Topics","chinh-sach-p7","cooperation","sự hợp tác","noun","/koʊˌɑː.pəˈreɪ.ʃən/","Your cooperation in following the new policy is appreciated.","Chúng tôi đánh giá cao sự hợp tác của bạn trong việc tuân thủ chính sách mới."
"Part7_Topics","chinh-sach-p7","dedicated","tận tâm cho mục tiêu hoặc nhiệm vụ","adj","/ˈded.ə.keɪ.t̬ɪd/","We have a dedicated team to ensure policy enforcement.","Chúng tôi có một đội ngũ tận tâm để đảm bảo việc thực thi chính sách."
"Part7_Topics","chinh-sach-p7","effective immediately","có hiệu lực ngay lập tức","adv","/ɪˈfek.tɪv ɪˈmiː.di.ət.li/","The new attendance policy is effective immediately.","Chính sách điểm danh mới có hiệu lực ngay lập tức."
"Part7_Topics","chinh-sach-p7","instruction","hướng dẫn","noun","/ɪnˈstrʌk.ʃən/","Please read all safety instructions before operating the machine.","Vui lòng đọc tất cả hướng dẫn an toàn trước khi vận hành máy."
"Part7_Topics","chinh-sach-p7","mandatory","bắt buộc","adj","/ˈmæn.də.tɔːr.i/","Attendance at the meeting is mandatory for all staff.","Tất cả nhân viên đều bắt buộc phải tham dự cuộc họp."
"Part7_Topics","chinh-sach-p7","policy","chính sách","noun","/ˈpɑː.lə.si/","The company updated its travel reimbursement policy.","Công ty đã cập nhật chính sách hoàn trả chi phí đi lại."
"Part7_Topics","chinh-sach-p7","productivity","năng suất","noun","/ˌproʊ.dəkˈtɪv.ə.t̬i/","The new policy aims to boost employee productivity.","Chính sách mới nhằm tăng năng suất của nhân viên."
"Part7_Topics","chinh-sach-p7","retain","giữ lại, duy trì","verb","/rɪˈteɪn/","The new benefits policy helps retain talented employees.","Chính sách phúc lợi mới giúp giữ chân nhân viên tài năng."
"Part7_Topics","chinh-sach-p7","adjust","điều chỉnh","verb","/əˈdʒʌst/","The company adjusted its policy to meet new regulations.","Công ty đã điều chỉnh chính sách để phù hợp với quy định mới."
"Part7_Topics","chinh-sach-p7","revise","sửa đổi, cải thiện hoặc cập nhật","verb","/rɪˈvaɪz/","The company revised its policy to comply with new laws.","Công ty đã sửa đổi chính sách để tuân thủ luật mới."
"Part7_Topics","chinh-sach-p7","violation","sự vi phạm quy tắc","noun","/ˌvaɪ.əˈleɪ.ʃən/","Any violation of company policy will result in disciplinary action.","Bất kỳ hành vi vi phạm chính sách nào cũng sẽ bị xử lý kỷ luật."
"Part7_Topics","cuoc-hop-p7","address","phát biểu trước nhóm người","verb","/əˈdres/","The CEO will address the board at tomorrow’s meeting.","Giám đốc điều hành sẽ phát biểu trước hội đồng trong cuộc họp ngày mai."
"Part7_Topics","cuoc-hop-p7","agenda","chương trình nghị sự","noun","/əˈdʒen.də/","Please review the agenda before the meeting starts.","Vui lòng xem lại chương trình nghị sự trước khi cuộc họp bắt đầu."
"Part7_Topics","cuoc-hop-p7","board of directors","ban giám đốc","noun","/ˌbɔːrd əv dəˈrek.tɚz/","The board of directors will vote on the proposal next week.","Ban giám đốc sẽ bỏ phiếu về đề xuất vào tuần tới."
"Part7_Topics","cuoc-hop-p7","brainstorm","động não, đưa ra ý tưởng mới","verb","/ˈbreɪn.stɔːrm/","The team met to brainstorm ideas for the new campaign.","Nhóm đã họp để đưa ra ý tưởng cho chiến dịch mới."
"Part7_Topics","cuoc-hop-p7","committee","ủy ban","noun","/kəˈmɪt̬.i/","The finance committee will review the annual budget.","Ủy ban tài chính sẽ xem xét ngân sách hằng năm."
"Part7_Topics","cuoc-hop-p7","compile","tổng hợp thông tin từ nhiều nguồn","verb","/kəmˈpaɪl/","We need to compile the meeting notes into one document.","Chúng tôi cần tổng hợp ghi chú cuộc họp vào một tài liệu."
"Part7_Topics","cuoc-hop-p7","outline","bản phác thảo hoặc kế hoạch sơ bộ","noun","/ˈaʊt.laɪn/","The manager presented a brief outline of the annual report during the meeting.","Người quản lý trình bày bản phác thảo ngắn gọn của báo cáo thường niên trong cuộc họp."
"Part7_Topics","cuoc-hop-p7","performance","hiệu suất làm việc","noun","/pɚˈfɔːr.məns/","Employee performance will be assessed at the end of each quarter.","Hiệu suất làm việc của nhân viên sẽ được đánh giá vào cuối mỗi quý."
"Part7_Topics","cuoc-hop-p7","review","đánh giá lại","noun","/rɪˈvjuː/","The annual performance review will take place next Monday.","Buổi đánh giá hiệu suất hàng năm sẽ diễn ra vào thứ Hai tới."
"Part7_Topics","cuoc-hop-p7","review","xem xét hoặc đánh giá lại","verb","/rɪˈvjuː/","We need to review the sales figures before presenting to the board.","Chúng ta cần xem lại số liệu bán hàng trước khi trình bày trước hội đồng."
"Part7_Topics","cuoc-hop-p7","scheduling conflict","trùng lịch trình","noun","/ˈskɛdʒ.uː.lɪŋ ˈkɑːn.flɪkt/","Mr. Keller canceled the meeting due to a scheduling conflict.","Ông Keller đã hủy cuộc họp do trùng lịch trình."
"Part7_Topics","cuoc-hop-p7","shareholder","cổ đông","noun","/ˈʃerˌhoʊl.dɚ/","Shareholders will vote on the new merger proposal during the meeting.","Cổ đông sẽ bỏ phiếu về đề xuất sáp nhập mới trong cuộc họp."
"Part7_Topics","cuoc-hop-p7","unanimous","đồng thuận hoàn toàn","adj","/juːˈnæn.ə.məs/","The proposal received unanimous approval from all board members.","Đề xuất đã được tất cả thành viên hội đồng phê duyệt nhất trí."
"Part7_Topics","cong-dong-p7","bulletin board","bảng thông báo","noun","/ˈbʊl.ə.t̬ɪn ˌbɔːrd/","The job announcement was posted on the university bulletin board.","Thông báo tuyển dụng được dán trên bảng thông báo của trường đại học."
"Part7_Topics","cong-dong-p7","city council","hội đồng thành phố","noun","/ˈsɪt̬.i ˈkaʊn.səl/","The city council will meet next week to discuss the park renovation project.","Hội đồng thành phố sẽ họp vào tuần tới để thảo luận về dự án cải tạo công viên."
"Part7_Topics","cong-dong-p7","commuter","người đi làm hàng ngày","noun","/kəˈmjuː.t̬ɚ/","Many commuters take the train into the city every morning.","Nhiều người đi làm dùng tàu để vào thành phố mỗi sáng."
"Part7_Topics","cong-dong-p7","convert","chuyển đổi","verb","/kənˈvɝːt/","The warehouse will be converted into a community recreation center.","Nhà kho sẽ được chuyển đổi thành trung tâm giải trí cộng đồng."
"Part7_Topics","cong-dong-p7","disruption","sự gián đoạn","noun","/dɪsˈrʌp.ʃən/","The mayor warned that budget cuts might lead to a disruption in public services.","Thị trưởng cảnh báo rằng việc cắt giảm ngân sách có thể dẫn đến sự gián đoạn dịch vụ công cộng."
"Part7_Topics","cong-dong-p7","grant","khoản trợ cấp tài chính","noun","/ɡrænt/","The city council approved a grant to fund a new community park.","Hội đồng thành phố đã phê duyệt một khoản trợ cấp để tài trợ cho công viên cộng đồng mới."
"Part7_Topics","cong-dong-p7","implement","thực hiện kế hoạch hoặc chính sách","verb","/ˈɪm.plə.ment/","The city council plans to implement new recycling regulations next month.","Hội đồng thành phố dự định thực hiện các quy định tái chế mới vào tháng tới."
"Part7_Topics","cong-dong-p7","launch","bắt đầu hoặc giới thiệu điều mới","verb","/lɑːntʃ/","The town launched a campaign to reduce single-use plastic in public areas.","Thị trấn đã phát động chiến dịch giảm nhựa dùng một lần ở khu vực công cộng."
"Part7_Topics","cong-dong-p7","mayor","thị trưởng","noun","/ˈmeɪ.ɚ/","The mayor will attend the opening ceremony of the new public library.","Thị trưởng sẽ tham dự lễ khai trương thư viện công cộng mới."
"Part7_Topics","cong-dong-p7","municipal","thuộc về chính quyền thành phố","adj","/mjuːˈnɪs.ə.pəl/","The municipal government provides free shuttle services for senior citizens.","Chính quyền thành phố cung cấp dịch vụ đưa đón miễn phí cho người cao tuổi."
"Part7_Topics","cong-dong-p7","overhaul","đại tu, nâng cấp toàn diện","verb","/ˈoʊ.vɚ.hɑːl/","The city will overhaul its aging transportation network to accommodate population growth.","Thành phố sẽ đại tu mạng lưới giao thông cũ kỹ để thích nghi với sự gia tăng dân số."
"Part7_Topics","cong-dong-p7","renovation","cải tạo, nâng cấp công trình cũ","noun","/ˌren.əˈveɪ.ʃən/","The city approved a renovation plan for the historic downtown library.","Thành phố đã phê duyệt kế hoạch cải tạo thư viện cổ ở trung tâm."
"Part7_Topics","cong-dong-p7","resume","tiếp tục lại","verb","/rɪˈzuːm/","The community center will resume classes next Monday after the holiday break.","Trung tâm cộng đồng sẽ tiếp tục các lớp học vào thứ Hai tới sau kỳ nghỉ lễ."
"Part7_Topics","cong-dong-p7","waive","miễn trừ, bỏ qua khoản phí hoặc điều kiện","verb","/weɪv/","The city will waive registration fees for community sports programs.","Thành phố sẽ miễn phí đăng ký cho các chương trình thể thao cộng đồng."
"Part7_Topics","cong-dong-p7","wing","cánh (khu vực phụ của tòa nhà)","noun","/wɪŋ/","The museum’s new wing will feature Renaissance art.","Cánh mới của bảo tàng sẽ trưng bày nghệ thuật thời Phục hưng."
"Part7_Topics","cong-dong-p7","authority","cơ quan có thẩm quyền","noun","/əˈθɔːr.ə.t̬i/","Local authorities will review zoning laws before approving new construction.","Chính quyền địa phương sẽ xem xét các luật quy hoạch trước khi phê duyệt xây dựng mới."
"Part7_Topics","cong-dong-p7","ballot","lá phiếu bầu cử","noun","/ˈbæl.ət/","Residents cast their ballots to elect a new city council member.","Người dân đã bỏ phiếu để bầu chọn một thành viên hội đồng thành phố mới."
"Part7_Topics","cong-dong-p7","city hall","tòa thị chính","noun","/ˌsɪt̬.i ˈhɑːl/","A public forum will be held at city hall this Thursday evening.","Một diễn đàn công khai sẽ được tổ chức tại tòa thị chính vào tối thứ Năm này."
"Part7_Topics","cong-dong-p7","city official","cán bộ thành phố","noun","/ˈsɪt̬.i əˈfɪʃ.əl/","City officials confirmed that the lake pollution levels have exceeded the safety limit.","Các quan chức thành phố xác nhận rằng mức ô nhiễm của hồ đã vượt giới hạn an toàn."
"Part7_Topics","cong-dong-p7","debate","cuộc tranh luận chính thức","noun","/dɪˈbeɪt/","There was a heated debate among city council members regarding the environmental cleanup.","Đã có một cuộc tranh luận sôi nổi giữa các thành viên hội đồng thành phố về việc làm sạch môi trường."
"Part7_Topics","cong-dong-p7","environment-friendly","thân thiện với môi trường","adj","/ɪnˌvaɪ.rən.məntˈfrend.li/","The town encourages environment-friendly building practices in new housing projects.","Thị trấn khuyến khích các thực hành xây dựng thân thiện với môi trường trong các dự án nhà ở mới."
"Part7_Topics","cong-dong-p7","gathering","cuộc tụ họp","noun","/ˈɡæð.ɚ.ɪŋ/","The annual community gathering will take place this Saturday at Roland Park.","Buổi tụ họp cộng đồng thường niên sẽ diễn ra vào thứ Bảy này tại Công viên Roland."
"Part7_Topics","cong-dong-p7","improvement","sự cải thiện","noun","/ɪmˈpruːv.mənt/","The mayor discussed road improvement plans in the town meeting.","Thị trưởng đã thảo luận về kế hoạch cải thiện đường trong cuộc họp thị trấn."
"Part7_Topics","cong-dong-p7","measure","biện pháp","noun","/ˈmeʒ.ɚ/","The city council introduced new safety measures for public parks.","Hội đồng thành phố đã giới thiệu các biện pháp an toàn mới cho công viên công cộng."
"Part7_Topics","cong-dong-p7","population","dân số","noun","/ˌpɑː.pjəˈleɪ.ʃən/","The city’s population has nearly doubled in the past decade.","Dân số thành phố đã gần như tăng gấp đôi trong thập kỷ qua."
"Part7_Topics","cong-dong-p7","recycle","tái chế","verb","/riːˈsaɪ.kəl/","The town has launched a new program to recycle food waste.","Thị trấn đã khởi động một chương trình mới để tái chế rác thực phẩm."
"Part7_Topics","cong-dong-p7","region","khu vực","noun","/ˈriː.dʒən/","This policy applies to all cities within the southeastern region.","Chính sách này áp dụng cho tất cả các thành phố trong khu vực đông nam."
"Part7_Topics","cong-dong-p7","the majority of","phần lớn","determiner","/ðə məˈdʒɔːr.ə.t̬i əv/","The majority of residents support the plan to build a new park.","Phần lớn cư dân ủng hộ kế hoạch xây dựng công viên mới."
"Part7_Topics","cong-dong-p7","vote","bỏ phiếu","verb","/voʊt/","Citizens will vote on the budget proposal this Friday.","Người dân sẽ bỏ phiếu về đề xuất ngân sách vào thứ Sáu này."
"Part7_Topics","cong-dong-p7","authority","cơ quan có thẩm quyền","noun","/əˈθɔːr.ə.t̬i/","The local transportation authority announced new bus routes.","Cơ quan giao thông địa phương đã công bố các tuyến xe buýt mới."
"Part7_Topics","cuoc-thi-trien-lam-p7","competition","cuộc thi cạnh tranh","noun","/ˌkɑːm.pəˈtɪʃ.ən/","The photography competition attracted over 300 submissions from amateur artists.","Cuộc thi nhiếp ảnh đã thu hút hơn 300 bài dự thi từ các nghệ sĩ nghiệp dư."
"Part7_Topics","cuoc-thi-trien-lam-p7","content","nội dung","noun","/ˈkɑːn.tent/","The contest rules require all video content to be original.","Quy định cuộc thi yêu cầu tất cả nội dung video phải là nguyên bản."
"Part7_Topics","cuoc-thi-trien-lam-p7","critic","người phê bình","noun","/ˈkrɪt̬.ɪk/","Art critics praised the exhibition for its bold use of color and texture.","Các nhà phê bình nghệ thuật khen ngợi triển lãm vì cách sử dụng màu sắc và kết cấu táo bạo."
"Part7_Topics","cuoc-thi-trien-lam-p7","deadline","thời hạn cuối để hoàn thành nhiệm vụ","noun","/ˈded.laɪn/","All design entries must be received by the March 1 deadline.","Tất cả bài thiết kế phải được nhận trước hạn chót ngày 1 tháng 3."
"Part7_Topics","cuoc-thi-trien-lam-p7","description","bài mô tả","noun","/dɪˈskrɪp.ʃən/","Please send a short description of your artwork and creative process.","Vui lòng gửi một đoạn mô tả ngắn về tác phẩm và quy trình sáng tạo của bạn."
"Part7_Topics","cuoc-thi-trien-lam-p7","draw","thu hút","verb","/drɑː/","The exhibit is expected to draw hundreds of visitors on opening night.","Buổi triển lãm được kỳ vọng sẽ thu hút hàng trăm khách tham quan vào đêm khai mạc."
"Part7_Topics","cuoc-thi-trien-lam-p7","entry","bài dự thi","noun","/ˈen.tri/","Each entry must include a title, description, and three photographs.","Mỗi bài dự thi phải bao gồm tiêu đề, mô tả và ba bức ảnh."
"Part7_Topics","cuoc-thi-trien-lam-p7","exhibit","buổi trưng bày nghệ thuật","noun","/ɪɡˈzɪb.ɪt/","The art exhibit will feature over 30 works by local painters.","Triển lãm nghệ thuật sẽ trưng bày hơn 30 tác phẩm của các họa sĩ địa phương."
"Part7_Topics","cuoc-thi-trien-lam-p7","judge","giám khảo","noun","/dʒʌdʒ/","A panel of expert judges will review all submissions.","Một ban giám khảo gồm các chuyên gia sẽ đánh giá tất cả các bài dự thi."
"Part7_Topics","cuoc-thi-trien-lam-p7","material","vật liệu hoặc tài liệu sử dụng trong tác phẩm","noun","/məˈtɪr.i.əl/","Participants are required to use eco-friendly materials in their submissions.","Người tham gia được yêu cầu sử dụng vật liệu thân thiện với môi trường trong bài dự thi."
"Part7_Topics","cuoc-thi-trien-lam-p7","nominee","người được đề cử","noun","/ˌnɑː.məˈniː/","Each nominee will be evaluated based on creativity and impact.","Mỗi ứng viên sẽ được đánh giá dựa trên sự sáng tạo và tầm ảnh hưởng."
"Part7_Topics","cuoc-thi-trien-lam-p7","notify","thông báo","verb","/ˈnoʊ.t̬ə.faɪ/","All selected artists will be notified via e-mail by July 10.","Tất cả các nghệ sĩ được chọn sẽ được thông báo qua e-mail trước ngày 10 tháng 7."
"Part7_Topics","cuoc-thi-trien-lam-p7","on a first-come, first-served","theo thứ tự đến trước được phục vụ trước","adv","/ˌfɝːst ˈkʌm ˌfɝːst ˈsɝːvd/","Tickets will be distributed on a first-come, first-served basis.","Vé sẽ được phát theo nguyên tắc đến trước được phục vụ trước."
"Part7_Topics","xu-ly-don-hang-van-chuyen-p7","track","theo dõi","verb","/træk/","Customers can track their orders online using the confirmation number.","Khách hàng có thể theo dõi đơn hàng trực tuyến bằng số xác nhận."
"Part7_Topics","xu-ly-don-hang-van-chuyen-p7","shipment","lô hàng gửi đi","noun","/ˈʃɪp.mənt/","The shipment will be delayed due to customs clearance procedures.","Lô hàng sẽ bị trì hoãn do thủ tục thông quan."
"Part7_Topics","xu-ly-don-hang-van-chuyen-p7","a large volume of","một số lượng lớn","phrase","/ə lɑːrdʒ ˈvɑːl.jum əv/","Our company processes a large volume of orders during the holiday season.","Công ty chúng tôi xử lý một số lượng lớn đơn đặt hàng trong mùa lễ."
"Part7_Topics","xu-ly-don-hang-van-chuyen-p7","overnight delivery","giao hàng qua đêm","noun","/ˌoʊ.vɚˈnaɪt dɪˈlɪv.ɚ.i/","The customer selected overnight delivery to ensure the package arrives tomorrow.","Khách hàng đã chọn giao hàng qua đêm để đảm bảo gói hàng đến vào ngày mai."
"Part7_Topics","xu-ly-don-hang-van-chuyen-p7","express","chuyển phát nhanh","adj","/ɪkˈspres/","Please select the express option if you need faster shipping.","Vui lòng chọn tùy chọn chuyển phát nhanh nếu bạn cần giao hàng nhanh hơn."
"Part7_Topics","xu-ly-don-hang-van-chuyen-p7","expedite","đẩy nhanh","verb","/ˈek.spə.daɪt/","We will expedite the shipping process to meet the deadline.","Chúng tôi sẽ đẩy nhanh quá trình vận chuyển để kịp hạn."
"Part7_Topics","xu-ly-don-hang-van-chuyen-p7","back order","đơn hàng chờ giao","noun","/ˈbæk ˌɔːr.dɚ/","The item is on back order and will be shipped once it becomes available.","Mặt hàng này hiện đang hết và sẽ được giao khi có hàng trở lại."
"Part7_Topics","xu-ly-don-hang-van-chuyen-p7","courier","người giao hàng","noun","/ˈkʊr.i.ɚ/","Please leave the package with the courier at the front desk.","Vui lòng để gói hàng cho nhân viên giao hàng tại bàn tiếp tân."
"Part7_Topics","xu-ly-don-hang-van-chuyen-p7","process","xử lý","verb","/ˈprɑː.ses/","Your order is being processed and will ship within two days.","Đơn hàng của bạn đang được xử lý và sẽ được gửi trong vòng hai ngày."
"Part7_Topics","xu-ly-don-hang-van-chuyen-p7","stock","hàng tồn kho","noun","/stɑːk/","Our warehouse keeps a large stock of popular items for quick shipping.","Nhà kho của chúng tôi giữ nhiều hàng tồn kho các mặt hàng phổ biến để giao nhanh."
"Part7_Topics","xu-ly-don-hang-van-chuyen-p7","take long","mất nhiều thời gian","verb","/teɪk lɔːŋ/","Will the delivery take long during the holiday season?","Việc giao hàng có mất nhiều thời gian trong mùa lễ không?"
"Part7_Topics","xu-ly-don-hang-van-chuyen-p7","custom order","đơn đặt hàng theo yêu cầu","noun","/ˈkʌs.təm ˈɔːr.dɚ/","Custom orders usually take longer to produce and ship.","Các đơn đặt hàng theo yêu cầu thường mất nhiều thời gian hơn để sản xuất và vận chuyển."
"Part7_Topics","xu-ly-don-hang-van-chuyen-p7","customer inquiry","thắc mắc của khách hàng","noun","/ˈkʌs.tə.mɚ ˈɪŋ.kwə.ri/","Our customer service team will respond to your inquiry within one business day.","Nhóm chăm sóc khách hàng của chúng tôi sẽ phản hồi thắc mắc của bạn trong vòng một ngày làm việc."
"Part7_Topics","xu-ly-don-hang-van-chuyen-p7","business day","ngày làm việc","noun","/ˈbɪz.nɪs ˌdeɪ/","Express delivery will arrive within two to four business days.","Giao hàng nhanh sẽ đến trong vòng từ hai đến bốn ngày làm việc."
"Part7_Topics","xu-ly-don-hang-van-chuyen-p7","distance","khoảng cách","noun","/ˈdɪs.təns/","Delivery times may vary depending on the distance to your location.","Thời gian giao hàng có thể khác nhau tùy vào khoảng cách đến địa điểm của bạn."
"Part7_Topics","xuat-ban-p7","autograph","chữ ký của người nổi tiếng","noun","/ˈɔː.tə.ɡræf/","Fans waited in line for hours to get the author’s autograph.","Người hâm mộ xếp hàng nhiều giờ để lấy chữ ký của tác giả."
"Part7_Topics","xuat-ban-p7","biography","tiểu sử người nổi tiếng","noun","/baɪˈɑː.ɡrə.fi/","The publisher is releasing a new biography of the former president.","Nhà xuất bản sắp phát hành tiểu sử mới về cựu tổng thống."
"Part7_Topics","xuat-ban-p7","circulation","số lượng phát hành","noun","/ˌsɝː.kjəˈleɪ.ʃən/","The magazine has a circulation of over 100,000 copies monthly.","Tạp chí có số lượng phát hành hơn 100.000 bản mỗi tháng."
"Part7_Topics","xuat-ban-p7","edit","chỉnh sửa","verb","/ˈed.ɪt/","The manuscript must be edited before the final version is printed.","Bản thảo phải được chỉnh sửa trước khi bản cuối cùng được in."
"Part7_Topics","xuat-ban-p7","edition","phiên bản xuất bản chính thức","noun","/ɪˈdɪʃ.ən/","This is the revised edition with updated content and illustrations.","Đây là phiên bản chỉnh sửa với nội dung và hình minh họa cập nhật."
"Part7_Topics","xuat-ban-p7","format","định dạng","noun","/ˈfɔːr.mæt/","The digital format of the book is available for download.","Định dạng kỹ thuật số của cuốn sách có thể được tải xuống."
"Part7_Topics","xuat-ban-p7","freelancer","người làm việc tự do","noun","/ˈfriː.læn.sɚ/","Carl Deluth is a freelancer who illustrates children's books.","Carl Deluth là người làm việc tự do chuyên vẽ minh họa sách thiếu nhi."
"Part7_Topics","xuat-ban-p7","hardcover","sách bìa cứng","noun","/ˈhɑːrdˌkʌv.ɚ/","The informative guide is now available in hardcover format.","Cuốn hướng dẫn nhiều thông tin hiện đã có bản bìa cứng."
"Part7_Topics","xuat-ban-p7","informative","nhiều thông tin, cung cấp kiến thức","adj","/ɪnˈfɔːr.mə.t̬ɪv/","The article about investment strategies was quite informative.","Bài viết về chiến lược đầu tư rất nhiều thông tin."
"Part7_Topics","xuat-ban-p7","issue","số phát hành (báo, tạp chí)","noun","/ˈɪʃ.uː/","This month's issue of the magazine features an exclusive interview.","Số tạp chí tháng này có cuộc phỏng vấn độc quyền."
"Part7_Topics","xuat-ban-p7","periodical","tạp chí định kỳ","noun","/ˌpɪr.iˈɑː.dɪ.kəl/","The library subscribes to a variety of periodicals.","Thư viện đăng ký nhiều loại tạp chí định kỳ khác nhau."
"Part7_Topics","xuat-ban-p7","publication","sự xuất bản hoặc ấn phẩm đã xuất bản","noun","/ˌpʌb.ləˈkeɪ.ʃən/","The publication of her novel was delayed by the publisher.","Việc xuất bản tiểu thuyết của cô ấy bị trì hoãn bởi nhà xuất bản."
"Part7_Topics","xuat-ban-p7","submission","bài nộp để xét duyệt","noun","/səbˈmɪʃ.ən/","The editor asked the author to shorten the submission to fit the newsletter.","Biên tập viên yêu cầu tác giả rút ngắn bài nộp để phù hợp với bản tin."
"Part7_Topics","xuat-ban-p7","subscription","đăng ký nhận ấn phẩm định kỳ","noun","/səbˈskrɪp.ʃən/","You can get a free mug with your subscription to the magazine.","Bạn có thể nhận một cái cốc miễn phí khi đăng ký nhận tạp chí."
"Part7_Topics","xuat-ban-p7","volume","tập sách hoặc tạp chí","noun","/ˈvɑːl.juːm/","The next volume of the travel magazine will be available this fall.","Tập tiếp theo của tạp chí du lịch sẽ phát hành vào mùa thu này."
"Part7_Topics","hieu-suat-p7","audience","khán giả","noun","/ˈɑː.di.əns/","The presenter spoke clearly to ensure the audience understood the message.","Người thuyết trình nói rõ ràng để đảm bảo khán giả hiểu thông điệp."
"Part7_Topics","hieu-suat-p7","conclusion","phần kết luận hoặc tổng kết","noun","/kənˈkluː.ʒən/","The report's conclusion recommended revising the marketing strategy.","Phần kết luận của báo cáo khuyến nghị điều chỉnh chiến lược tiếp thị."
"Part7_Topics","hieu-suat-p7","costume","trang phục biểu diễn hoặc sự kiện đặc biệt","noun","/ˈkɑː.stuːm/","Each performer wore a traditional costume for the cultural festival.","Mỗi nghệ sĩ mặc một bộ trang phục truyền thống cho lễ hội văn hóa."
"Part7_Topics","hieu-suat-p7","debut","buổi ra mắt","noun","/ˈdeɪ.bjuː/","The singer made her debut at the city opera house last night.","Nữ ca sĩ đã có buổi ra mắt tại nhà hát opera thành phố vào tối qua."
"Part7_Topics","hieu-suat-p7","formal","trang trọng, chính thức","adj","/ˈfɔːr.məl/","Guests are expected to wear formal attire to the award ceremony.","Khách mời được yêu cầu mặc trang phục trang trọng cho buổi lễ trao giải."
"Part7_Topics","hieu-suat-p7","intermission","giờ nghỉ giữa chương trình","noun","/ˌɪn.t̬ɚˈmɪʃ.ən/","Snacks will be available in the lobby during the intermission.","Đồ ăn nhẹ sẽ được phục vụ ở sảnh trong giờ nghỉ giữa chương trình."
"Part7_Topics","hieu-suat-p7","masterpiece","kiệt tác","noun","/ˈmæs.tɚ.piːs/","The sculpture was widely praised as the artist's greatest masterpiece.","Bức điêu khắc được ca ngợi rộng rãi là kiệt tác vĩ đại nhất của nghệ sĩ."
"Part7_Topics","hieu-suat-p7","overwhelming","áp đảo, mạnh mẽ đến mức khó chịu đựng","adj","/ˌoʊ.vɚˈwel.mɪŋ/","The play received overwhelming applause from the audience.","Vở kịch nhận được tràng pháo tay vang dội từ khán giả."
"Part7_Topics","hieu-suat-p7","refrain from","kiềm chế không làm điều gì đó","verb","/rɪˈfreɪn frəm/","Please refrain from talking during the performance.","Vui lòng không nói chuyện trong suốt buổi biểu diễn."
"Part7_Topics","hieu-suat-p7","premiere","buổi ra mắt","noun","/prɪˈmɪr/","The theater will host the premiere of the documentary next Friday.","Nhà hát sẽ tổ chức buổi công chiếu bộ phim tài liệu vào thứ Sáu tới."
"Part7_Topics","hieu-suat-p7","preview","buổi xem trước","noun","/ˈpriː.vjuː/","Invited guests attended a special preview of the new musical.","Khách mời được tham dự buổi xem trước đặc biệt của vở nhạc kịch mới."
"Part7_Topics","hieu-suat-p7","prohibit","cấm, không cho phép","verb","/prəˈhɪb.ɪt/","The venue strictly prohibits photography during the performance.","Địa điểm này nghiêm cấm chụp ảnh trong suốt buổi biểu diễn."
"Part7_Topics","hieu-suat-p7","sequel","phần tiếp theo","noun","/ˈsiː.kwəl/","The studio announced a sequel to the hit movie will be released next summer.","Hãng phim thông báo phần tiếp theo của bộ phim ăn khách sẽ được phát hành vào mùa hè tới."
"Part7_Topics","hieu-suat-p7","star","diễn viên chính","noun","/stɑːr/","The show’s lead star gave a stunning performance.","Diễn viên chính của chương trình đã có một màn trình diễn tuyệt vời."
"Part7_Topics","hieu-suat-p7","usher","người hướng dẫn chỗ ngồi","noun","/ˈʌʃ.ɚ/","The usher checked tickets and guided guests to their seats.","Người soát vé kiểm tra vé và hướng dẫn khách đến chỗ ngồi."
"Part7_Topics","kinh-te-p7","analysis","phân tích","noun","/əˈnæl.ə.sɪs/","The financial analysis revealed a steady increase in company profits.","Phân tích tài chính cho thấy lợi nhuận công ty tăng đều đặn."
"Part7_Topics","kinh-te-p7","commerce","thương mại","noun","/ˈkɑː.mɝːs/","The new trade agreement is expected to boost international commerce.","Hiệp định thương mại mới dự kiến sẽ thúc đẩy thương mại quốc tế."
"Part7_Topics","kinh-te-p7","debt","khoản nợ","noun","/det/","The company is working to reduce its outstanding debt.","Công ty đang nỗ lực giảm khoản nợ tồn đọng."
"Part7_Topics","kinh-te-p7","expenditure","khoản chi tiêu","noun","/ɪkˈspen.də.tʃɚ/","The company's marketing expenditure increased significantly last quarter.","Chi tiêu cho tiếp thị của công ty đã tăng đáng kể trong quý vừa rồi."
"Part7_Topics","kinh-te-p7","fluctuate","dao động, thay đổi không ổn định","verb","/ˈflʌk.tʃu.eɪt/","The price of oil has fluctuated greatly in recent months.","Giá dầu đã dao động mạnh trong vài tháng gần đây."
"Part7_Topics","kinh-te-p7","generate","tạo ra, sản xuất ra","verb","/ˈdʒen.ə.reɪt/","The investment is expected to generate steady revenue.","Khoản đầu tư được kỳ vọng sẽ tạo ra doanh thu ổn định."
"Part7_Topics","kinh-te-p7","investment","đầu tư","noun","/ɪnˈvest.mənt/","The company made a major investment in renewable energy.","Công ty đã đầu tư lớn vào năng lượng tái tạo."
"Part7_Topics","kinh-te-p7","loan","khoản vay","noun","/loʊn/","The company secured a bank loan to expand its operations.","Công ty đã vay được một khoản từ ngân hàng để mở rộng hoạt động."
"Part7_Topics","kinh-te-p7","offset","bù đắp, cân bằng tác động","verb","/ˈɑːf.set/","The new tax incentives helped offset rising production costs.","Các ưu đãi thuế mới giúp bù đắp chi phí sản xuất đang tăng."
"Part7_Topics","kinh-te-p7","plummet","giảm mạnh, giảm đột ngột","verb","/ˈplʌm.ɪt/","Stock prices plummeted after the earnings report was released.","Giá cổ phiếu giảm mạnh sau khi báo cáo lợi nhuận được công bố."
"Part7_Topics","kinh-te-p7","recession","suy thoái kinh tế","noun","/rɪˈseʃ.ən/","The country is taking measures to recover from the recession.","Đất nước đang thực hiện các biện pháp để phục hồi sau suy thoái."
"Part7_Topics","kinh-te-p7","sector","khu vực","noun","/ˈsek.tɚ/","The government is encouraging growth in the private sector.","Chính phủ đang thúc đẩy tăng trưởng trong khu vực tư nhân."
"Part7_Topics","kinh-te-p7","significant","đáng kể, quan trọng, có ảnh hưởng rõ rệt","adj","/sɪɡˈnɪf.ə.kənt/","There was a significant increase in export volume last year.","Có một sự gia tăng đáng kể trong khối lượng xuất khẩu năm ngoái."
"Part7_Topics","kinh-te-p7","statistics","số liệu thống kê","noun","/stəˈtɪs.tɪks/","The latest statistics show a rise in consumer spending.","Số liệu mới nhất cho thấy chi tiêu của người tiêu dùng đang tăng."
"Part7_Topics","quan-ly-p7-1","flexible working hours","giờ làm việc linh hoạt","noun","/ˈflek.sə.bəl ˈwɝː.kɪŋ aʊɚz/","The company introduced flexible working hours to improve work-life balance.","Công ty áp dụng giờ làm linh hoạt để cải thiện sự cân bằng giữa công việc và cuộc sống."
"Part7_Topics","quan-ly-p7-1","merger and acquisition","sáp nhập và mua lại doanh nghiệp","noun","/ˈmɝː.dʒɚ ənd ˌæk.wəˈzɪʃ.ən/","The firm specializes in advising clients on mergers and acquisitions.","Công ty chuyên tư vấn khách hàng về các thương vụ sáp nhập và mua lại."
"Part7_Topics","quan-ly-p7-1","morale","tinh thần nhóm","noun","/məˈræl/","Management is taking steps to boost employee morale.","Ban quản lý đang thực hiện các biện pháp để nâng cao tinh thần nhân viên."
"Part7_Topics","quan-ly-p7-1","motivate","thúc đẩy hành động","verb","/ˈmoʊ.t̬ə.veɪt/","Managers should find ways to motivate their teams effectively.","Các nhà quản lý nên tìm cách thúc đẩy nhóm của mình một cách hiệu quả."
"Part7_Topics","quan-ly-p7-1","obstacle","trở ngại","noun","/ˈɑːb.stə.kəl/","Time constraints are a common obstacle in project management.","Giới hạn thời gian là một trở ngại phổ biến trong quản lý dự án."
"Part7_Topics","quan-ly-p7-1","pioneer","người tiên phong","noun","/ˌpaɪəˈnɪr/","She is recognized as a pioneer in sustainable business practices.","Cô ấy được công nhận là người tiên phong trong các thực hành kinh doanh bền vững."
"Part7_Topics","quan-ly-p7-1","primary","chính, chủ yếu, quan trọng nhất","adj","/ˈpraɪ.mer.i/","The manager’s primary concern is meeting project deadlines.","Mối quan tâm chính của người quản lý là đáp ứng thời hạn dự án."
"Part7_Topics","quan-ly-p7-1","prosperous","thịnh vượng, giàu có và thành công","adj","/ˈprɑː.spɚ.əs/","They expanded operations during a prosperous economic period.","Họ đã mở rộng hoạt động trong thời kỳ kinh tế thịnh vượng."
"Part7_Topics","quan-ly-p7-1","rapport","mối quan hệ hài hòa, sự hiểu nhau tốt giữa người với người","noun","/ræˈpɔːr/","The supervisor has built a strong rapport with her team.","Người giám sát đã xây dựng mối quan hệ tốt với nhóm của mình."
"Part7_Topics","quan-ly-p7-1","reward","phần thưởng cho nỗ lực hoặc thành tích","noun","/rɪˈwɔːrd/","Employees were given a bonus as a reward for outstanding performance.","Nhân viên được thưởng vì hiệu suất làm việc xuất sắc."
"Part7_Topics","quan-ly-p7-1","step down","từ chức hoặc rời khỏi vị trí lãnh đạo","verb","/step daʊn/","The CEO announced he would step down at the end of the year.","Giám đốc điều hành thông báo sẽ từ chức vào cuối năm."
"Part7_Topics","quan-ly-p7-1","strategy","chiến lược","noun","/ˈstræt̬.ə.dʒi/","Their new marketing strategy has led to a rise in sales.","Chiến lược tiếp thị mới của họ đã giúp tăng doanh số bán hàng."
"Part7_Topics","quan-ly-p7-1","take over","tiếp quản","verb","/ˈteɪk ˌoʊ.vɚ/","The new manager will take over the department starting next month.","Quản lý mới sẽ tiếp quản bộ phận bắt đầu từ tháng tới."
"Part7_Topics","quan-ly-p7-1","workforce","lực lượng lao động","noun","/ˈwɝːk.fɔːrs/","The company plans to expand its workforce by 15% this year.","Công ty dự định mở rộng lực lượng lao động thêm 15% trong năm nay."
"Part7_Topics","quan-ly-p7-1","flexible working hours","giờ làm việc linh hoạt","noun","/ˈflek.sə.bəl ˈwɝː.kɪŋ aʊɚz/","Flexible working hours allow employees to start and finish at different times.","Giờ làm linh hoạt cho phép nhân viên bắt đầu và kết thúc công việc vào các thời điểm khác nhau."
"Part7_Topics","san-pham-bieu-mau-p7","brochure","tờ rơi quảng cáo","noun","/broʊˈʃʊr/","The brochure includes detailed descriptions of all available services.","Tờ rơi bao gồm mô tả chi tiết về tất cả các dịch vụ hiện có."
"Part7_Topics","san-pham-bieu-mau-p7","comment","nhận xét","noun","/ˈkɑː.ment/","Customers are encouraged to leave a comment about the product.","Khuyến khích khách hàng để lại nhận xét về sản phẩm."
"Part7_Topics","san-pham-bieu-mau-p7","complaint","lời phàn nàn về dịch vụ hoặc sản phẩm","noun","/kəmˈpleɪnt/","The company received several complaints about delayed shipments.","Công ty nhận được một số phản ánh về việc giao hàng chậm trễ."
"Part7_Topics","san-pham-bieu-mau-p7","complete","điền đầy đủ thông tin","verb","/kəmˈpliːt/","Please complete the feedback form before leaving the store.","Vui lòng điền vào biểu mẫu phản hồi trước khi rời cửa hàng."
"Part7_Topics","san-pham-bieu-mau-p7","content","nội dung","noun","/ˈkɑːn.tent/","The brochure's content highlights the new product features.","Nội dung tờ rơi nêu bật các tính năng mới của sản phẩm."
"Part7_Topics","san-pham-bieu-mau-p7","coupon","phiếu giảm giá","noun","/ˈkuː.pɑːn/","Customers can redeem this coupon for a 10% discount.","Khách hàng có thể sử dụng phiếu này để được giảm 10%."
"Part7_Topics","san-pham-bieu-mau-p7","evaluation","quá trình đánh giá chất lượng hoặc giá trị","noun","/ɪˌvæl.juˈeɪ.ʃən/","The manager conducted an evaluation of all team members.","Quản lý đã thực hiện đánh giá đối với tất cả thành viên trong nhóm."
"Part7_Topics","san-pham-bieu-mau-p7","feedback","phản hồi, ý kiến nhận xét","noun","/ˈfiːd.bæk/","We welcome your feedback on our new product line.","Chúng tôi hoan nghênh phản hồi của bạn về dòng sản phẩm mới."
"Part7_Topics","san-pham-bieu-mau-p7","flyer","tờ rơi quảng cáo","noun","/ˈflaɪ.ɚ/","The store handed out flyers to promote its grand opening.","Cửa hàng phát tờ rơi để quảng bá sự kiện khai trương lớn."
"Part7_Topics","san-pham-bieu-mau-p7","form","biểu mẫu","noun","/fɔːrm/","Please fill out the registration form before attending the event.","Vui lòng điền vào mẫu đăng ký trước khi tham dự sự kiện."
"Part7_Topics","san-pham-bieu-mau-p7","receipt","hóa đơn hoặc biên lai nhận hàng","noun","/rɪˈsiːt/","Please keep the receipt in case you need to return the item.","Vui lòng giữ lại hóa đơn phòng khi bạn cần trả hàng."
"Part7_Topics","san-pham-bieu-mau-p7","response","phản hồi","noun","/rɪˈspɑːns/","We received a positive response to the promotional campaign.","Chúng tôi đã nhận được phản hồi tích cực cho chiến dịch quảng cáo."
"Part7_Topics","san-pham-bieu-mau-p7","schedule","lịch trình","noun","/ˈskedʒ.uːl/","The seminar schedule is listed on the last page of the brochure.","Lịch hội thảo được liệt kê ở trang cuối cùng của tờ rơi."
"Part7_Topics","san-pham-bieu-mau-p7","survey","bảng khảo sát ý kiến","noun","/ˈsɝː.veɪ/","Customers were asked to complete a short survey after the event.","Khách hàng được yêu cầu điền khảo sát ngắn sau sự kiện."
"Part7_Topics","san-pham-bieu-mau-p7","testimonial","lời chứng thực của khách hàng về sản phẩm hoặc dịch vụ","noun","/ˌtes.təˈmoʊ.ni.əl/","The brochure includes customer testimonials about their experience.","Tờ rơi bao gồm lời chứng thực của khách hàng về trải nghiệm của họ."
"Part7_Topics","danh-gia-p7","cleanness","sự sạch sẽ","noun","/ˈkliːn.nəs/","Guests appreciated the cleanness of the lobby and restrooms.","Khách hàng đánh giá cao sự sạch sẽ của sảnh và nhà vệ sinh."
"Part7_Topics","danh-gia-p7","comfortable","thoải mái","adj","/ˈkʌm.fɚ.tə.bəl/","The chairs in the waiting room were very comfortable.","Ghế trong phòng chờ rất thoải mái."
"Part7_Topics","danh-gia-p7","disappointed","thất vọng","adj","/ˌdɪs.əˈpɔɪn.t̬ɪd/","The customer was disappointed with the slow service.","Khách hàng thất vọng vì dịch vụ chậm."
"Part7_Topics","danh-gia-p7","indicate","chỉ ra, cho thấy","verb","/ˈɪn.də.keɪt/","Survey results indicate a high level of customer satisfaction.","Kết quả khảo sát cho thấy mức độ hài lòng cao của khách hàng."
"Part7_Topics","danh-gia-p7","measure","đo lường, đánh giá mức độ, số lượng","verb","/ˈmeʒ.ɚ/","We use surveys to measure customer satisfaction.","Chúng tôi sử dụng khảo sát để đo lường sự hài lòng của khách hàng."
"Part7_Topics","danh-gia-p7","minor","nhỏ, không nghiêm trọng","adj","/ˈmaɪ.nɚ/","There were only minor complaints about the service.","Chỉ có một vài phàn nàn nhỏ về dịch vụ."
"Part7_Topics","danh-gia-p7","overall","tổng thể, nhìn chung","adj","/ˌoʊ.vɚˈɑːl/","The overall experience was very positive according to the survey.","Trải nghiệm tổng thể rất tích cực theo khảo sát."
"Part7_Topics","danh-gia-p7","rate","đánh giá","verb","/reɪt/","Customers were asked to rate the product from 1 to 5 stars.","Khách hàng được yêu cầu đánh giá sản phẩm từ 1 đến 5 sao."
"Part7_Topics","danh-gia-p7","recommend","khuyên dùng","verb","/ˌrek.əˈmend/","I would highly recommend this restaurant to others.","Tôi rất khuyên dùng nhà hàng này cho người khác."
"Part7_Topics","danh-gia-p7","responsive","phản hồi nhanh chóng","adj","/rɪˈspɑːn.sɪv/","The customer service team was very responsive to our inquiries.","Bộ phận chăm sóc khách hàng phản hồi rất nhanh với các thắc mắc của chúng tôi."
"Part7_Topics","danh-gia-p7","satisfied","hài lòng","adj","/ˈsæt̬.ɪs.faɪd/","Most customers were satisfied with the product quality.","Hầu hết khách hàng hài lòng với chất lượng sản phẩm."
"Part7_Topics","danh-gia-p7","scale","thang đo","noun","/skeɪl/","The evaluation uses a scale from 1 to 10.","Bản đánh giá sử dụng thang điểm từ 1 đến 10."
"Part7_Topics","danh-gia-p7","suggestion","đề xuất","noun","/səˈdʒes.tʃən/","Customers are encouraged to leave suggestions in the comment box.","Khuyến khích khách hàng để lại đề xuất trong hộp ý kiến."
"Part7_Topics","danh-gia-p7","badge","thẻ tên hoặc biểu tượng nhận diện","noun","/bædʒ/","All staff must wear a name badge during work hours.","Tất cả nhân viên phải đeo thẻ tên trong giờ làm việc."
"Part7_Topics","danh-gia-p7","duration","thời gian kéo dài","noun","/dʊˈreɪ.ʃən/","The duration of the customer survey is approximately ten minutes.","Thời gian khảo sát khách hàng kéo dài khoảng mười phút."
"Part7_Topics","danh-gia-p7","employer","nhà tuyển dụng","noun","/ɪmˈplɔɪ.ɚ/","The employer asked staff to complete a satisfaction survey.","Nhà tuyển dụng yêu cầu nhân viên hoàn thành khảo sát mức độ hài lòng."
"Part7_Topics","danh-gia-p7","ID","giấy tờ tùy thân","noun","/ˌaɪˈdiː/","Please show a valid ID before entering the building.","Vui lòng xuất trình giấy tờ tùy thân hợp lệ trước khi vào tòa nhà."
"Part7_Topics","danh-gia-p7","lecture","bài giảng","noun","/ˈlek.tʃɚ/","Attendees were asked to evaluate the quality of the lecture.","Người tham dự được yêu cầu đánh giá chất lượng bài giảng."
"Part7_Topics","danh-gia-p7","option","sự lựa chọn","noun","/ˈɑːp.ʃən/","Participants were given the option to complete the evaluation online.","Người tham gia được chọn hoàn thành đánh giá trực tuyến."
"Part7_Topics","danh-gia-p7","penalty","hình phạt do vi phạm quy định","noun","/ˈpen.əl.ti/","Late cancellations may result in a penalty.","Việc hủy trễ có thể dẫn đến bị phạt."
"Part7_Topics","danh-gia-p7","previous","trước đó","adj","/ˈpriː.vi.əs/","The previous review was more favorable than the current one.","Đánh giá trước đó tích cực hơn đánh giá hiện tại."
"Part7_Topics","danh-gia-p7","provide","cung cấp","verb","/prəˈvaɪd/","The company will provide a form for customer feedback.","Công ty sẽ cung cấp biểu mẫu để khách hàng phản hồi."
"Part7_Topics","danh-gia-p7","related","có liên quan","adj","/rɪˈleɪ.t̬ɪd/","The comments were related to the quality of the lecture.","Các nhận xét liên quan đến chất lượng buổi giảng."
"Part7_Topics","chuong-trinh-nghi-su-p7","accompanying","đi kèm","adj","/əˈkʌm.pə.ni.ɪŋ/","Please review the accompanying agenda before the meeting.","Vui lòng xem qua chương trình nghị sự đính kèm trước cuộc họp."
"Part7_Topics","chuong-trinh-nghi-su-p7","adjourn","tạm ngừng hoặc kết thúc cuộc họp","verb","/əˈdʒɝːn/","The chairperson decided to adjourn the meeting at 4 p.m.","Chủ tọa quyết định hoãn cuộc họp lúc 4 giờ chiều."
"Part7_Topics","chuong-trinh-nghi-su-p7","attendance","sự tham dự hoặc số người có mặt","noun","/əˈten.dəns/","Employee attendance at the briefing is mandatory.","Sự tham dự của nhân viên tại buổi họp là bắt buộc."
"Part7_Topics","chuong-trinh-nghi-su-p7","auditorium","khán phòng","noun","/ˌɑː.dəˈtɔːr.i.əm/","The presentation will take place in the main auditorium at 2 p.m.","Bài thuyết trình sẽ diễn ra tại khán phòng chính lúc 2 giờ chiều."
"Part7_Topics","chuong-trinh-nghi-su-p7","excursion","chuyến tham quan ngắn","noun","/ɪkˈskɝː.ʒən/","The conference includes a half-day excursion to the local museum.","Hội nghị bao gồm chuyến tham quan nửa ngày đến bảo tàng địa phương."
"Part7_Topics","chuong-trinh-nghi-su-p7","immediately","ngay lập tức","adverb","/ɪˈmiː.di.ət.li/","The meeting will begin immediately after the welcome speech.","Cuộc họp sẽ bắt đầu ngay sau bài phát biểu chào mừng."
"Part7_Topics","chuong-trinh-nghi-su-p7","institute","viện chuyên môn","noun","/ˈɪn.stə.tuːt/","The seminar is hosted by a leading research institute.","Hội thảo được tổ chức bởi một viện nghiên cứu hàng đầu."
"Part7_Topics","chuong-trinh-nghi-su-p7","last-minute","vào phút chót","adj","/ˌlæstˈmɪn.ɪt/","There were some last-minute changes to the agenda.","Có một số thay đổi vào phút chót trong chương trình nghị sự."
"Part7_Topics","chuong-trinh-nghi-su-p7","moderate","điều phối buổi họp, thảo luận","verb","/ˈmɑː.də.reɪt/","She was invited to moderate the afternoon panel discussion.","Cô ấy được mời điều phối buổi tọa đàm buổi chiều."
"Part7_Topics","chuong-trinh-nghi-su-p7","opening remarks","lời phát biểu khai mạc","noun","/ˈoʊ.pən.ɪŋ rɪˈmɑːrks/","The director will deliver the opening remarks at 9 a.m.","Giám đốc sẽ phát biểu khai mạc lúc 9 giờ sáng."
"Part7_Topics","chuong-trinh-nghi-su-p7","preliminary","sơ bộ, ban đầu","adj","/prɪˈlɪm.ə.ner.i/","Please review the preliminary schedule before final confirmation.","Vui lòng xem qua lịch sơ bộ trước khi xác nhận chính thức."
"Part7_Topics","chuong-trinh-nghi-su-p7","presentation","bài thuyết trình","noun","/ˌprez.ənˈteɪ.ʃən/","The product manager gave a detailed presentation on the new launch.","Quản lý sản phẩm đã trình bày chi tiết về lần ra mắt mới."
"Part7_Topics","chuong-trinh-nghi-su-p7","press","giới báo chí","noun","/pres/","Members of the press are invited to attend the opening session.","Các phóng viên báo chí được mời tham dự phiên khai mạc."
"Part7_Topics","chuong-trinh-nghi-su-p7","rear entrance","lối vào phía sau","noun","/rɪr ˈen.trəns/","Staff and service vendors must use the rear entrance.","Nhân viên và nhà cung cấp dịch vụ phải sử dụng lối vào phía sau."
"Part7_Topics","xay-dung-p7","adjacent","liền kề, gần sát","adj","/əˈdʒeɪ.sənt/","The new parking garage is adjacent to the main building.","Bãi đỗ xe mới nằm liền kề với tòa nhà chính."
"Part7_Topics","xay-dung-p7","archaeologist","nhà khảo cổ học","noun","/ˌɑːr.kiˈɑː.lə.dʒɪst/","The archaeologist discovered ancient tools at the construction site.","Nhà khảo cổ phát hiện công cụ cổ tại địa điểm xây dựng."
"Part7_Topics","xay-dung-p7","architect","kiến trúc sư","noun","/ˈɑːr.kə.tekt/","The architect submitted revised blueprints for the office tower.","Kiến trúc sư đã nộp bản thiết kế điều chỉnh cho tòa tháp văn phòng."
"Part7_Topics","xay-dung-p7","be torn down","bị phá dỡ hoàn toàn","verb","/bi tɔːrn daʊn/","The abandoned warehouse will be torn down next month.","Nhà kho bỏ hoang sẽ bị phá dỡ vào tháng tới."
"Part7_Topics","xay-dung-p7","capacity","sức chứa hoặc khả năng tối đa","noun","/kəˈpæs.ə.t̬i/","The new auditorium has a seating capacity of 500.","Khán phòng mới có sức chứa 500 chỗ ngồi."
"Part7_Topics","xay-dung-p7","extensive","rộng lớn, bao quát nhiều lĩnh vực","adj","/ɪkˈsten.sɪv/","The facility will undergo extensive renovations over six months.","Cơ sở sẽ được cải tạo trên diện rộng trong vòng sáu tháng."
"Part7_Topics","xay-dung-p7","insulation","vật liệu cách nhiệt, cách âm","noun","/ˌɪn.səˈleɪ.ʃən/","Proper insulation reduces energy loss in buildings.","Việc cách nhiệt đúng cách giúp giảm thất thoát năng lượng trong các tòa nhà."
"Part7_Topics","xay-dung-p7","in the vicinity of","gần khu vực của","preposition","/ɪn ðə vəˈsɪn.ə.t̬i əv/","Several construction vehicles were parked in the vicinity of the site.","Nhiều xe xây dựng đỗ gần khu vực công trường."
"Part7_Topics","xay-dung-p7","plant","nhà máy","noun","/plænt/","The new manufacturing plant will open next spring.","Nhà máy sản xuất mới sẽ khai trương vào mùa xuân tới."
"Part7_Topics","xay-dung-p7","proximity","sự gần gũi về khoảng cách","noun","/prɑːkˈsɪm.ə.t̬i/","The proximity of the warehouse to the highway is convenient for deliveries.","Khoảng cách gần giữa nhà kho và đường cao tốc thuận tiện cho việc giao hàng."
"Part7_Topics","xay-dung-p7","refurbish","tân trang, cải tạo lại","verb","/ˌriːˈfɝː.bɪʃ/","The company plans to refurbish the office building next year.","Công ty dự định tân trang tòa nhà văn phòng vào năm sau."
"Part7_Topics","xay-dung-p7","restoration","quá trình phục hồi về trạng thái ban đầu","noun","/ˌres.təˈreɪ.ʃən/","The restoration of the historic theater took over a year.","Việc phục hồi nhà hát cổ mất hơn một năm."
"Part7_Topics","xay-dung-p7","transform","chuyển đổi hoàn toàn","verb","/trænsˈfɔːrm/","The abandoned lot was transformed into a public park.","Khu đất bỏ hoang được chuyển đổi thành công viên công cộng."
"Part7_Topics","xay-dung-p7","underway","đang diễn ra","adj","/ˌʌn.dɚˈweɪ/","Construction of the new conference center is currently underway.","Việc xây dựng trung tâm hội nghị mới hiện đang được tiến hành."
"Part7_Topics","van-hoa-nghe-thuat-p7","acclaimed","được ca ngợi rộng rãi","adj","/əˈkleɪmd/","The museum is currently exhibiting works by an internationally acclaimed artist.","Bảo tàng hiện đang trưng bày tác phẩm của một nghệ sĩ được quốc tế ca ngợi."
"Part7_Topics","van-hoa-nghe-thuat-p7","archive","nơi lưu trữ tài liệu lịch sử hoặc nghệ thuật","noun","/ˈɑːr.kaɪv/","Historical documents are stored in the national archive.","Các tài liệu lịch sử được lưu trữ tại kho lưu trữ quốc gia."
"Part7_Topics","van-hoa-nghe-thuat-p7","artifact","hiện vật văn hóa lịch sử","noun","/ˈɑːr.t̬ə.fækt/","The artifact was recovered during an archaeological excavation.","Hiện vật được tìm thấy trong một cuộc khai quật khảo cổ."
"Part7_Topics","van-hoa-nghe-thuat-p7","aspiring","đầy khát vọng, nỗ lực theo đuổi mục tiêu","adj","/əˈspaɪr.ɪŋ/","The festival offers opportunities for aspiring musicians to perform.","Lễ hội tạo cơ hội cho các nhạc sĩ trẻ đầy khát vọng được biểu diễn."
"Part7_Topics","van-hoa-nghe-thuat-p7","authentic","nguyên bản, xác thực","adj","/ɑːˈθen.t̬ɪk/","The exhibit features authentic costumes from the 18th century.","Triển lãm trưng bày trang phục nguyên bản từ thế kỷ 18."
"Part7_Topics","van-hoa-nghe-thuat-p7","collaboration","sự hợp tác","noun","/kəˌlæb.əˈreɪ.ʃən/","The film was a successful collaboration between two well-known directors.","Bộ phim là sự hợp tác thành công giữa hai đạo diễn nổi tiếng."
"Part7_Topics","van-hoa-nghe-thuat-p7","collection","bộ sưu tập","noun","/kəˈlek.ʃən/","The museum houses an impressive collection of modern sculptures.","Bảo tàng sở hữu bộ sưu tập tượng điêu khắc hiện đại ấn tượng."
"Part7_Topics","van-hoa-nghe-thuat-p7","distinguished","nổi bật, có thành tựu xuất sắc","adj","/dɪˈstɪŋ.ɡwɪʃt/","The award was presented to a distinguished figure in contemporary dance.","Giải thưởng được trao cho một nhân vật xuất sắc trong múa đương đại."
"Part7_Topics","van-hoa-nghe-thuat-p7","diverse","đa dạng, phong phú về loại hình, nguồn gốc, văn hóa","adj","/daɪˈvɝːs/","The gallery showcases a diverse range of contemporary art.","Phòng tranh trưng bày nhiều thể loại nghệ thuật đương đại đa dạng."
"Part7_Topics","van-hoa-nghe-thuat-p7","inspire","truyền cảm hứng","verb","/ɪnˈspaɪɚ/","The exhibit is designed to inspire young artists.","Triển lãm được thiết kế nhằm truyền cảm hứng cho các nghệ sĩ trẻ."
"Part7_Topics","van-hoa-nghe-thuat-p7","patron","người bảo trợ, ủng hộ nghệ thuật hoặc tổ chức văn hóa","noun","/ˈpeɪ.trən/","The theater received generous donations from a long-time patron.","Nhà hát nhận được khoản tài trợ hào phóng từ một người bảo trợ lâu năm."
"Part7_Topics","van-hoa-nghe-thuat-p7","publicize","quảng bá, công khai thông tin","verb","/ˈpʌb.lə.saɪz/","The organization publicized the event through social media and posters.","Tổ chức đã quảng bá sự kiện qua mạng xã hội và áp phích."
"Part7_Topics","van-hoa-nghe-thuat-p7","renowned","nổi tiếng, được biết đến rộng rãi","adj","/rɪˈnaʊnd/","The city is renowned for its traditional music festivals.","Thành phố nổi tiếng với các lễ hội âm nhạc truyền thống."
"Part7_Topics","van-hoa-nghe-thuat-p7","respected","được kính trọng vì phẩm chất hoặc đóng góp chuyên môn","adj","/rɪˈspek.tɪd/","She is a respected curator known for her knowledge of Asian art.","Cô là một người phụ trách được kính trọng vì hiểu biết về nghệ thuật châu Á."
"Part7_Topics","kinh-doanh-p7-2","landscaping","thiết kế và chăm sóc cảnh quan ngoài trời","noun","/ˈlænd.skeɪ.pɪŋ/","The company hired a firm to handle the landscaping around the building.","Công ty đã thuê một đơn vị để chăm sóc cảnh quan xung quanh tòa nhà."
"Part7_Topics","kinh-doanh-p7-2","establish","thành lập, tạo dựng","verb","/ɪˈstæb.lɪʃ/","They established a new branch in Singapore last year.","Họ đã thành lập một chi nhánh mới ở Singapore vào năm ngoái."
"Part7_Topics","kinh-doanh-p7-2","founder","người sáng lập","noun","/ˈfaʊn.dɚ/","The founder of the tech firm gave a keynote speech at the event.","Người sáng lập công ty công nghệ đã phát biểu chính tại sự kiện."
"Part7_Topics","kinh-doanh-p7-2","decade","thập kỷ, khoảng thời gian 10 năm","noun","/ˈdek.eɪd/","The company has grown steadily over the past decade.","Công ty đã phát triển ổn định trong suốt thập kỷ qua."
"Part7_Topics","kinh-doanh-p7-2","reputation","danh tiếng","noun","/ˌrep.jəˈteɪ.ʃən/","The firm has a strong reputation for quality and service.","Công ty có danh tiếng tốt về chất lượng và dịch vụ."
"Part7_Topics","kinh-doanh-p7-2","brand awareness","nhận diện thương hiệu","noun","/brænd əˈwer.nəs/","The marketing team launched a campaign to boost brand awareness.","Đội ngũ marketing triển khai chiến dịch nhằm tăng nhận diện thương hiệu."
"Part7_Topics","kinh-doanh-p7-2","brand recognition","nhận diện thương hiệu","noun","/brænd ˌrek.əɡˈnɪʃ.ən/","Consistent packaging helps increase brand recognition.","Bao bì nhất quán giúp tăng khả năng nhận diện thương hiệu."
"Part7_Topics","kinh-doanh-p7-2","proprietor","chủ sở hữu doanh nghiệp nhỏ","noun","/prəˈpraɪə.t̬ɚ/","The proprietor of the café welcomed every customer personally.","Chủ quán cà phê chào đón từng khách hàng một cách thân thiện."
"Part7_Topics","kinh-doanh-p7-2","location","địa điểm hoặc vị trí","noun","/loʊˈkeɪ.ʃən/","We’re looking for a central location to open our new store.","Chúng tôi đang tìm một địa điểm trung tâm để mở cửa hàng mới."
"Part7_Topics","kinh-doanh-p7-2","family-run","do gia đình điều hành","adj","/ˈfæm.ə.li rʌn/","The family-run restaurant has served the community for over 30 years.","Nhà hàng do gia đình điều hành đã phục vụ cộng đồng hơn 30 năm."
"Part7_Topics","kinh-doanh-p7-2","respected","được kính trọng, đánh giá cao","adj","/rɪˈspek.tɪd/","The firm is one of the most respected names in the industry.","Công ty là một trong những cái tên được kính trọng nhất trong ngành."
"Part7_Topics","kinh-doanh-p7-2","consistently","một cách nhất quán","adverb","/kənˈsɪs.tənt.li/","The brand has consistently delivered high-quality products.","Thương hiệu này luôn cung cấp sản phẩm chất lượng cao một cách nhất quán."
"Part7_Topics","kinh-doanh-p7-2","overseas","ở nước ngoài","adj","/ˌoʊ.vɚˈsiːz/","The company plans to expand its overseas operations next year.","Công ty dự định mở rộng hoạt động ở nước ngoài vào năm tới."
"Part7_Topics","kinh-doanh-p7-2","warehouse","kho hàng","noun","/ˈwer.haʊs/","Products are shipped directly from the central warehouse.","Sản phẩm được vận chuyển trực tiếp từ kho trung tâm."
"Part7_Topics","kinh-doanh-p7-2","accomplish","hoàn thành, đạt được mục tiêu","verb","/əˈkɑːm.plɪʃ/","We accomplished all of our sales goals this quarter.","Chúng tôi đã hoàn thành tất cả mục tiêu doanh số trong quý này."
"Part7_Topics","kinh-doanh-p7-2","acquisition","sự mua lại tài sản hoặc công ty","noun","/ˌæk.wəˈzɪʃ.ən/","The company announced the acquisition of a regional competitor.","Công ty thông báo việc mua lại một đối thủ trong khu vực."
"Part7_Topics","kinh-doanh-p7-2","agenda","chương trình nghị sự","noun","/əˈdʒen.də/","Please review the agenda before the meeting starts.","Vui lòng xem trước chương trình nghị sự trước khi cuộc họp bắt đầu."
"Part7_Topics","kinh-doanh-p7-2","assign","giao nhiệm vụ","verb","/əˈsaɪn/","The manager assigned the task to the most experienced employee.","Người quản lý đã giao nhiệm vụ cho nhân viên nhiều kinh nghiệm nhất."
"Part7_Topics","kinh-doanh-p7-2","assignment","nhiệm vụ được giao","noun","/əˈsaɪn.mənt/","Each team member was given a specific assignment for the project.","Mỗi thành viên được giao một nhiệm vụ cụ thể cho dự án."
"Part7_Topics","kinh-doanh-p7-2","circulate","phát tán, phân phối thông tin","verb","/ˈsɝː.kjə.leɪt/","The updated policy will be circulated to all departments.","Chính sách cập nhật sẽ được gửi đến tất cả các phòng ban."
"Part7_Topics","kinh-doanh-p7-2","compromise","thỏa hiệp","noun","/ˈkɑːm.prə.maɪz/","After hours of negotiation, both sides reached a compromise.","Sau nhiều giờ đàm phán, hai bên đã đạt được thỏa hiệp."
"Part7_Topics","kinh-doanh-p7-2","consensus","sự đồng thuận chung","noun","/kənˈsen.səs/","The team reached a consensus on the new marketing strategy.","Nhóm đã đạt được sự đồng thuận về chiến lược marketing mới."
"Part7_Topics","kinh-doanh-p7-2","coordinate","điều phối","verb","/koʊˈɔːr.dən.eɪt/","She was hired to coordinate logistics for the international trade show.","Cô ấy được thuê để điều phối hậu cần cho hội chợ thương mại quốc tế."
"Part7_Topics","kinh-doanh-p7-2","correspondence with somebody","trao đổi thư từ với ai đó","noun","/ˌkɔːr.əˈspɑːn.dəns/","All correspondence with the supplier must be documented.","Tất cả thư từ với nhà cung cấp phải được lưu lại."
"Part7_Topics","kinh-doanh-p7-2","dispute","tranh chấp","noun","/dɪˈspjuːt/","The two companies are involved in a legal dispute over trademark rights.","Hai công ty đang vướng vào tranh chấp pháp lý về quyền thương hiệu."
"Part7_Topics","kinh-doanh-p7-2","dress code","quy định trang phục","noun","/ˈdres ˌkoʊd/","Employees must follow the company's professional dress code.","Nhân viên phải tuân theo quy định trang phục chuyên nghiệp của công ty."
"Part7_Topics","kinh-doanh-p7-2","embark","bắt đầu một dự án hoặc hành trình mới","verb","/ɛmˈbɑːrk/","We are about to embark on a major expansion project in Asia.","Chúng tôi sắp bắt đầu một dự án mở rộng lớn tại châu Á."
"Part7_Topics","kinh-doanh-p7-2","evaluate","đánh giá chất lượng hoặc hiệu quả","verb","/ɪˈvæl.ju.eɪt/","Managers regularly evaluate employee performance.","Các quản lý thường xuyên đánh giá hiệu suất làm việc của nhân viên."
"Part7_Topics","kinh-doanh-p7-2","implement","thực hiện, áp dụng kế hoạch hoặc chính sách","verb","/ˈɪm.plə.ment/","The company plans to implement a new training program.","Công ty dự định triển khai một chương trình đào tạo mới."
"Part7_Topics","kinh-doanh-p7-2","mediate","làm trung gian giải quyết tranh chấp","verb","/ˈmiː.di.eɪt/","A consultant was brought in to mediate the contract dispute.","Một cố vấn được mời để làm trung gian giải quyết tranh chấp hợp đồng."
"Part7_Topics","kinh-doanh-p7-2","negotiation","cuộc thương lượng để đạt thỏa thuận","noun","/nəˌɡoʊ.ʃiˈeɪ.ʃən/","Contract terms are still under negotiation between the two parties.","Các điều khoản hợp đồng vẫn đang được thương lượng giữa hai bên."
"Part7_Topics","kinh-doanh-p7-2","oversee","giám sát","verb","/ˌoʊ.vɚˈsiː/","She was hired to oversee the company’s expansion in Europe.","Cô ấy được thuê để giám sát việc mở rộng của công ty tại châu Âu."
"Part7_Topics","kinh-doanh-p7-2","performance","hiệu suất làm việc","noun","/pɚˈfɔːr.məns/","The manager praised the team for their excellent performance.","Quản lý đã khen ngợi nhóm vì hiệu suất làm việc xuất sắc."
"Part7_Topics","kinh-doanh-p7-2","recipient","người nhận","noun","/rɪˈsɪp.i.ənt/","Each grant recipient must submit a progress report quarterly.","Mỗi người nhận tài trợ phải nộp báo cáo tiến độ hàng quý."
"Part7_Topics","kinh-doanh-p7-2","reimburse","hoàn tiền đã chi","verb","/ˌriː.ɪmˈbɝːs/","The company will reimburse travel expenses within five business days.","Công ty sẽ hoàn lại chi phí đi lại trong vòng năm ngày làm việc."
"Part7_Topics","kinh-doanh-p7-2","routine","công việc thường lệ","noun","/ruːˈtiːn/","Daily maintenance is part of the technician’s routine.","Bảo trì hằng ngày là một phần trong công việc thường lệ của kỹ thuật viên."
"Part7_Topics","kinh-doanh-p7-2","set out to do","bắt đầu thực hiện mục tiêu","verb","/set aʊt tuː duː/","The team set out to increase customer retention through new strategies.","Nhóm đã bắt đầu nhằm tăng tỷ lệ giữ chân khách hàng bằng các chiến lược mới."
"Part7_Topics","kinh-doanh-p7-2","submission","việc nộp tài liệu, đơn từ chính thức","noun","/səbˈmɪʃ.ən/","The deadline for proposal submission is next Friday.","Hạn chót nộp đề xuất là thứ Sáu tới."
"Part7_Topics","kinh-doanh-p7-2","take on","đảm nhận trách nhiệm hoặc vai trò mới","verb","/teɪk ɑːn/","She will take on the role of project manager next month.","Cô ấy sẽ đảm nhận vai trò quản lý dự án vào tháng tới."
"Part7_Topics","kinh-doanh-p7-2","undertake","thực hiện nhiệm vụ hoặc trách nhiệm","verb","/ˌʌn.dɚˈteɪk/","The company will undertake a full review of its operations.","Công ty sẽ tiến hành rà soát toàn bộ hoạt động của mình."
"Part7_Topics","kinh-doanh-p7-2","workload","khối lượng công việc","noun","/ˈwɝːk.loʊd/","We hired temporary staff to handle the increased workload.","Chúng tôi đã thuê nhân viên tạm thời để xử lý khối lượng công việc tăng lên."
"Part7_Topics","san-xuat-p7","apparatus","thiết bị, dụng cụ trong sản xuất hoặc thí nghiệm","noun","/ˌæp.əˈræt̬.əs/","Each apparatus must be cleaned after the production cycle.","Mỗi thiết bị phải được làm sạch sau chu kỳ sản xuất."
"Part7_Topics","san-xuat-p7","assembly line","dây chuyền lắp ráp","noun","/əˈsem.bli ˌlaɪn/","The company invested in a new automated assembly line.","Công ty đã đầu tư vào dây chuyền lắp ráp tự động mới."
"Part7_Topics","san-xuat-p7","component","thành phần","noun","/kəmˈpoʊ.nənt/","Each component is tested before being assembled into the final product.","Mỗi bộ phận được kiểm tra trước khi lắp vào sản phẩm hoàn chỉnh."
"Part7_Topics","san-xuat-p7","construct","xây dựng hoặc lắp đặt","verb","/kənˈstrʌkt/","The company will construct a new facility near the port.","Công ty sẽ xây dựng một cơ sở mới gần cảng."
"Part7_Topics","san-xuat-p7","conveyor","băng chuyền","noun","/kənˈveɪ.ɚ/","The products are moved along the conveyor for final inspection.","Sản phẩm được di chuyển trên băng chuyền để kiểm tra lần cuối."
"Part7_Topics","san-xuat-p7","defect","lỗi, khiếm khuyết trong sản phẩm","noun","/ˈdiː.fekt/","Any product with a defect is removed from the assembly line.","Bất kỳ sản phẩm nào có lỗi đều bị loại khỏi dây chuyền lắp ráp."
"Part7_Topics","san-xuat-p7","device","thiết bị, dụng cụ có chức năng cụ thể","noun","/dɪˈvaɪs/","The new monitoring device helps track production output.","Thiết bị giám sát mới giúp theo dõi sản lượng sản xuất."
"Part7_Topics","san-xuat-p7","equipment","thiết bị, máy móc phục vụ sản xuất hoặc công nghiệp","noun","/ɪˈkwɪp.mənt/","All equipment must be regularly maintained to ensure safety.","Tất cả thiết bị phải được bảo trì thường xuyên để đảm bảo an toàn."
"Part7_Topics","san-xuat-p7","facilitate","tạo điều kiện thuận lợi","verb","/fəˈsɪl.ə.teɪt/","The system was upgraded to facilitate faster data processing.","Hệ thống được nâng cấp để tạo điều kiện xử lý dữ liệu nhanh hơn."
"Part7_Topics","san-xuat-p7","facilities","cơ sở vật chất, thiết bị phục vụ hoạt động","noun","/fəˈsɪl.ə.tiz/","The company invested in new manufacturing facilities overseas.","Công ty đã đầu tư vào các cơ sở sản xuất mới ở nước ngoài."
"Part7_Topics","san-xuat-p7","fully-equipped","được trang bị đầy đủ","adj","/ˈfʊl.i ɪˈkwɪpt/","The lab is fully-equipped with the latest testing instruments.","Phòng thí nghiệm được trang bị đầy đủ các thiết bị kiểm tra mới nhất."
"Part7_Topics","san-xuat-p7","inspection","sự kiểm tra chất lượng hoặc an toàn","noun","/ɪnˈspek.ʃən/","Regular inspections are required to maintain compliance.","Các cuộc kiểm tra định kỳ là cần thiết để đảm bảo tuân thủ quy định."
"Part7_Topics","san-xuat-p7","instrument","dụng cụ, thiết bị đo lường hoặc kiểm tra","noun","/ˈɪn.strə.mənt/","Each instrument must be calibrated before use.","Mỗi thiết bị phải được hiệu chuẩn trước khi sử dụng."
"Part7_Topics","san-xuat-p7","machinery","máy móc","noun","/məˈʃiː.nɚ.i/","The company upgraded its factory with automated machinery.","Công ty đã nâng cấp nhà máy với hệ thống máy móc tự động."
"Part7_Topics","san-xuat-p7","maintenance","bảo trì","noun","/ˈmeɪn.tən.əns/","The production line is shut down for regular maintenance.","Dây chuyền sản xuất được tạm dừng để bảo trì định kỳ."
"Part7_Topics","san-xuat-p7","malfunction","sự cố kỹ thuật","noun","/ˌmælˈfʌŋk.ʃən/","A technical malfunction caused the production line to stop.","Một sự cố kỹ thuật khiến dây chuyền sản xuất ngừng hoạt động."
"Part7_Topics","san-xuat-p7","manufacture","sản xuất hàng hóa bằng máy móc","verb","/ˌmæn.jəˈfæk.tʃɚ/","This factory manufactures automotive parts for international brands.","Nhà máy này sản xuất phụ tùng ô tô cho các thương hiệu quốc tế."
"Part7_Topics","san-xuat-p7","maximize","tối đa hóa","verb","/ˈmæk.sə.maɪz/","We aim to maximize productivity through automation.","Chúng tôi đặt mục tiêu tối đa hóa năng suất thông qua tự động hóa."
"Part7_Topics","san-xuat-p7","mechanical","liên quan đến máy móc","adj","/məˈkæn.ɪ.kəl/","The mechanical failure caused a delay in production.","Sự cố cơ khí đã gây ra sự chậm trễ trong sản xuất."
"Part7_Topics","san-xuat-p7","outsourcing","thuê ngoài công việc để tiết kiệm chi phí","noun","/ˈaʊtˌsɔːr.sɪŋ/","The company is considering outsourcing part of its production.","Công ty đang xem xét thuê ngoài một phần quy trình sản xuất."
"Part7_Topics","san-xuat-p7","plant","nhà máy","noun","/plænt/","The new plant will open in the industrial zone next month.","Nhà máy mới sẽ khai trương tại khu công nghiệp vào tháng tới."
"Part7_Topics","san-xuat-p7","process","quy trình","noun","/ˈprɑː.ses/","Each step in the process must be followed carefully.","Mỗi bước trong quy trình phải được thực hiện cẩn thận."
"Part7_Topics","san-xuat-p7","produce","sản xuất","verb","/prəˈduːs/","The factory produces 1,000 units per day.","Nhà máy sản xuất 1.000 đơn vị mỗi ngày."
"Part7_Topics","san-xuat-p7","productivity","năng suất","noun","/ˌproʊ.dəkˈtɪv.ə.t̬i/","The new system significantly improved productivity.","Hệ thống mới đã cải thiện đáng kể năng suất."
"Part7_Topics","san-xuat-p7","prototype","nguyên mẫu thử nghiệm","noun","/ˈproʊ.t̬ə.taɪp/","The engineering team built a prototype to test the product's function.","Nhóm kỹ sư đã chế tạo nguyên mẫu để kiểm tra chức năng sản phẩm."
"Part7_Topics","san-xuat-p7","quality","chất lượng","noun","/ˈkwɑː.lə.t̬i/","They implement strict controls to ensure product quality.","Họ áp dụng kiểm soát nghiêm ngặt để đảm bảo chất lượng sản phẩm."
"Part7_Topics","san-xuat-p7","quantity","số lượng","noun","/ˈkwɑːn.t̬ə.t̬i/","Large quantities of raw materials were delivered to the plant.","Một lượng lớn nguyên liệu thô đã được giao đến nhà máy."
"Part7_Topics","san-xuat-p7","renovate","cải tạo hoặc nâng cấp","verb","/ˈren.ə.veɪt/","The company plans to renovate the warehouse to improve storage capacity.","Công ty dự định cải tạo kho để tăng sức chứa lưu trữ."
"Part7_Topics","san-xuat-p7","resources","nguồn lực phục vụ sản xuất","noun","/ˈriː.sɔːr.sɪz/","We need more resources to meet the production deadline.","Chúng tôi cần thêm nguồn lực để đáp ứng thời hạn sản xuất."
"Part7_Topics","san-xuat-p7","shift","ca làm việc","noun","/ʃɪft/","The plant operates three shifts to maintain 24-hour production.","Nhà máy vận hành ba ca để duy trì sản xuất 24 giờ."
"Part7_Topics","san-xuat-p7","standardize","chuẩn hóa","verb","/ˈstæn.dɚd.aɪz/","The company aims to standardize production procedures across all facilities.","Công ty đặt mục tiêu chuẩn hóa quy trình sản xuất tại tất cả các cơ sở."
"Part7_Topics","san-xuat-p7","unit","đơn vị","noun","/ˈjuː.nɪt/","The plant produces 5,000 units per day.","Nhà máy sản xuất 5.000 đơn vị mỗi ngày."
"Part7_Topics","san-xuat-p7","update","cập nhật thông tin hoặc hệ thống","verb","/ˌʌpˈdeɪt/","We need to update the production software to avoid errors.","Chúng tôi cần cập nhật phần mềm sản xuất để tránh lỗi."
"Part7_Topics","san-xuat-p7","upgrade","nâng cấp","verb","/ʌpˈɡreɪd/","The factory upgraded its machinery to boost productivity.","Nhà máy đã nâng cấp máy móc để tăng năng suất."
"Part7_Topics","san-xuat-p7","yield","sản lượng","noun","/jiːld/","This method significantly increases crop yield.","Phương pháp này làm tăng sản lượng cây trồng đáng kể."
"Part7_Topics","o-san-bay-p7","aircraft","máy bay","noun","/ˈer.kræft/","The aircraft was delayed due to severe weather conditions.","Máy bay bị hoãn vì điều kiện thời tiết khắc nghiệt."
"Part7_Topics","o-san-bay-p7","airfare","chi phí vé máy bay","noun","/ˈer.fer/","The company covers the airfare for all business trips.","Công ty chi trả tiền vé máy bay cho tất cả các chuyến công tác."
"Part7_Topics","o-san-bay-p7","airsickness","say máy bay","noun","/ˈer.sɪk.nəs/","He always carries medication to prevent airsickness.","Anh ấy luôn mang theo thuốc để phòng chống say máy bay."
"Part7_Topics","o-san-bay-p7","aviation","ngành hàng không","noun","/ˌeɪ.viˈeɪ.ʃən/","The government is investing in sustainable aviation technology.","Chính phủ đang đầu tư vào công nghệ hàng không bền vững."
"Part7_Topics","o-san-bay-p7","baggage","hành lý","noun","/ˈbæɡ.ɪdʒ/","Passengers must collect their baggage at the claim area.","Hành khách phải nhận hành lý của mình tại khu vực nhận hành lý."
"Part7_Topics","o-san-bay-p7","boarding pass","thẻ lên máy bay","noun","/ˈbɔːr.dɪŋ ˌpæs/","Please have your boarding pass ready at the gate.","Vui lòng chuẩn bị sẵn thẻ lên máy bay của bạn tại cổng."
"Part7_Topics","o-san-bay-p7","departure","sự khởi hành","noun","/dɪˈpɑːr.tʃɚ/","The departure of Flight 709 has been delayed by two hours.","Chuyến bay số 709 đã bị hoãn khởi hành hai tiếng."
"Part7_Topics","o-san-bay-p7","destination","điểm đến","noun","/ˌdes.təˈneɪ.ʃən/","Our flight’s final destination is Vancouver.","Điểm đến cuối cùng của chuyến bay của chúng tôi là Vancouver."
"Part7_Topics","o-san-bay-p7","duties","thuế nhập khẩu","noun","/ˈduː.t̬iz/","You must declare goods and pay any necessary duties upon arrival.","Bạn phải khai báo hàng hóa và nộp các khoản thuế cần thiết khi đến."
"Part7_Topics","o-san-bay-p7","duty-free shop","cửa hàng miễn thuế","noun","/ˌduː.t̬iˈfriː ˌʃɑːp/","She bought perfume and chocolates at the duty-free shop before boarding.","Cô ấy mua nước hoa và sô-cô-la tại cửa hàng miễn thuế trước khi lên máy bay."
"Part7_Topics","o-san-bay-p7","emergency","tình huống khẩn cấp","noun","/ɪˈmɝː.dʒən.si/","In case of an emergency, oxygen masks will drop from the panel above.","Trong trường hợp khẩn cấp, mặt nạ oxy sẽ rơi từ bảng phía trên."
"Part7_Topics","o-san-bay-p7","flight attendant","tiếp viên hàng không","noun","/ˈflaɪt əˌten.dənt/","The flight attendant demonstrated how to use the life vest.","Tiếp viên hàng không hướng dẫn cách sử dụng áo phao."
"Part7_Topics","o-san-bay-p7","go through customs","làm thủ tục hải quan","verb","/ɡoʊ θruː ˈkʌs.təmz/","After landing, passengers must go through customs before exiting the airport.","Sau khi hạ cánh, hành khách phải làm thủ tục hải quan trước khi rời sân bay."
"Part7_Topics","o-san-bay-p7","immigration","nhập cảnh","noun","/ˌɪm.əˈɡreɪ.ʃən/","Please proceed to immigration for passport control.","Vui lòng đến khu vực nhập cảnh để kiểm tra hộ chiếu."
"Part7_Topics","o-san-bay-p7","jet lag","mệt mỏi do lệch múi giờ sau chuyến bay dài","noun","/ˈdʒet ˌlæɡ/","I usually need a day to recover from jet lag after an international flight.","Tôi thường cần một ngày để hồi phục sau cơn mệt do lệch múi giờ khi bay quốc tế."
"Part7_Topics","o-san-bay-p7","land","hạ cánh","verb","/lænd/","The plane is scheduled to land at 6:45 P.M. local time.","Máy bay dự kiến hạ cánh lúc 6:45 chiều theo giờ địa phương."
"Part7_Topics","o-san-bay-p7","local time","giờ địa phương","noun","/ˈloʊ.kəl taɪm/","We arrived in Paris at 7:00 A.M. local time.","Chúng tôi đến Paris lúc 7 giờ sáng giờ địa phương."
"Part7_Topics","o-san-bay-p7","luggage","hành lý","noun","/ˈlʌɡ.ɪdʒ/","Passengers are allowed one piece of carry-on luggage.","Hành khách được mang theo một kiện hành lý xách tay."
"Part7_Topics","o-san-bay-p7","renew","gia hạn hoặc làm mới lại tài liệu chính thức","verb","/rɪˈnuː/","You should renew your passport at least six months before it expires.","Bạn nên gia hạn hộ chiếu ít nhất sáu tháng trước khi hết hạn."
"Part7_Topics","o-san-bay-p7","stand-by","hành khách chờ","noun","/ˈstænd.baɪ/","I didn’t have a ticket but managed to get on the flight as a stand-by passenger.","Tôi không có vé nhưng đã lên được chuyến bay dưới dạng hành khách chờ."
"Part7_Topics","o-san-bay-p7","take off","cất cánh","verb","/ˈteɪk ˌɔːf/","The plane will take off in 20 minutes. Please remain seated.","Máy bay sẽ cất cánh trong 20 phút. Vui lòng ngồi yên tại chỗ."
"Part7_Topics","o-san-bay-p7","visa","giấy phép nhập cảnh","noun","/ˈviː.zə/","You must obtain a tourist visa before traveling to that country.","Bạn phải xin visa du lịch trước khi đến quốc gia đó."
"Part7_Topics","o-san-bay-p7","window seat","chỗ ngồi cạnh cửa sổ","noun","/ˈwɪn.doʊ ˌsiːt/","She requested a window seat to enjoy the view during the flight.","Cô ấy yêu cầu chỗ ngồi cạnh cửa sổ để ngắm cảnh trong chuyến bay."
"Part7_Topics","doanh-nghiep-p7","adverse","bất lợi, gây hại hoặc tiêu cực","adj","/ˈæd.vɝːs/","The company survived despite adverse economic conditions.","Công ty vẫn tồn tại mặc cho điều kiện kinh tế bất lợi."
"Part7_Topics","doanh-nghiep-p7","bankrupt","phá sản, mất khả năng thanh toán nợ","adj","/ˈbæŋ.krʌpt/","The retail chain went bankrupt after years of declining sales.","Chuỗi bán lẻ bị phá sản sau nhiều năm doanh thu giảm sút."
"Part7_Topics","doanh-nghiep-p7","boom","thời kỳ bùng nổ kinh tế","noun","/buːm/","The region experienced a construction boom last year.","Khu vực này đã trải qua sự bùng nổ xây dựng vào năm ngoái."
"Part7_Topics","doanh-nghiep-p7","circulation","sự lưu thông hoặc số lượng phát hành","noun","/ˌsɝː.kjəˈleɪ.ʃən/","The magazine’s circulation increased steadily after the redesign.","Lượng phát hành của tạp chí tăng đều đặn sau khi thiết kế lại."
"Part7_Topics","doanh-nghiep-p7","currency","tiền tệ","noun","/ˈkɝː.ən.si/","The value of the local currency dropped significantly last quarter.","Giá trị của đồng tiền địa phương đã giảm đáng kể trong quý vừa qua."
"Part7_Topics","doanh-nghiep-p7","downturn","suy giảm kinh tế","noun","/ˈdaʊn.tɝːn/","The company had to lay off workers due to the economic downturn.","Công ty phải sa thải nhân viên do suy thoái kinh tế."
"Part7_Topics","doanh-nghiep-p7","flourish","phát triển mạnh mẽ, thịnh vượng","verb","/ˈflɝː.ɪʃ/","Small online businesses can flourish with the right marketing strategy.","Các doanh nghiệp nhỏ trực tuyến có thể phát triển mạnh nếu có chiến lược tiếp thị đúng đắn."
"Part7_Topics","doanh-nghiep-p7","fluctuate","dao động, thay đổi liên tục","verb","/ˈflʌk.tʃu.eɪt/","Commodity prices tend to fluctuate during uncertain economic times.","Giá hàng hóa thường dao động trong thời kỳ kinh tế bất ổn."
"Part7_Topics","doanh-nghiep-p7","inflation","lạm phát","noun","/ɪnˈfleɪ.ʃən/","Inflation has pushed up the cost of living significantly.","Lạm phát đã đẩy chi phí sinh hoạt tăng đáng kể."
"Part7_Topics","doanh-nghiep-p7","market research","nghiên cứu thị trường","noun","/ˈmɑːr.kɪt rɪˌsɝːtʃ/","The company conducted market research before launching the new product.","Công ty đã tiến hành nghiên cứu thị trường trước khi ra mắt sản phẩm mới."
"Part7_Topics","doanh-nghiep-p7","market share","thị phần","noun","/ˈmɑːr.kɪt ʃer/","The brand holds the largest market share in the smartphone industry.","Thương hiệu này chiếm thị phần lớn nhất trong ngành điện thoại thông minh."
"Part7_Topics","doanh-nghiep-p7","marketability","khả năng tiêu thụ","noun","/ˌmɑːr.kɪ.təˈbɪl.ə.t̬i/","The design team focused on improving the product’s marketability.","Nhóm thiết kế tập trung vào việc nâng cao khả năng tiêu thụ của sản phẩm."
"Part7_Topics","doanh-nghiep-p7","merge","sáp nhập","verb","/mɝːdʒ/","Two leading firms plan to merge to expand their global reach.","Hai công ty hàng đầu dự định sáp nhập để mở rộng phạm vi toàn cầu."
"Part7_Topics","doanh-nghiep-p7","monetary","liên quan đến tiền bạc","adj","/ˈmʌn.ə.ter.i/","The central bank announced new monetary policies to curb inflation.","Ngân hàng trung ương công bố chính sách tiền tệ mới để kiềm chế lạm phát."
"Part7_Topics","doanh-nghiep-p7","monopoly","độc quyền thị trường","noun","/məˈnɑː.pəl.i/","The firm was fined for trying to establish a monopoly on software sales.","Công ty bị phạt vì cố gắng thiết lập độc quyền trong việc bán phần mềm."
"Part7_Topics","doanh-nghiep-p7","prosperity","sự thịnh vượng","noun","/prɑːˈsper.ə.t̬i/","The new trade agreement is expected to bring long-term prosperity.","Hiệp định thương mại mới được kỳ vọng sẽ mang lại sự thịnh vượng lâu dài."
"Part7_Topics","doanh-nghiep-p7","recession","suy thoái kinh tế","noun","/rɪˈseʃ.ən/","The company reduced its workforce due to the economic recession.","Công ty đã cắt giảm nhân sự do suy thoái kinh tế."
"Part7_Topics","doanh-nghiep-p7","remit","chuyển tiền","verb","/rɪˈmɪt/","Please remit payment within 30 days of the invoice date.","Vui lòng chuyển khoản thanh toán trong vòng 30 ngày kể từ ngày lập hóa đơn."
"Part7_Topics","doanh-nghiep-p7","sluggish","chậm chạp, trì trệ","adj","/ˈslʌɡ.ɪʃ/","The market has been sluggish due to weak consumer demand.","Thị trường trì trệ do nhu cầu tiêu dùng yếu."
"Part7_Topics","doanh-nghiep-p7","soar","tăng vọt","verb","/sɔːr/","Share prices soared after the announcement of the merger.","Giá cổ phiếu tăng vọt sau khi công bố việc sáp nhập."
"Part7_Topics","doanh-nghiep-p7","speculation","sự suy đoán, đầu cơ không chắc chắn","noun","/ˌspek.jəˈleɪ.ʃən/","There is growing speculation about a potential interest rate hike.","Có nhiều suy đoán về khả năng tăng lãi suất."
"Part7_Topics","doanh-nghiep-p7","stagnation","tình trạng đình trệ, không phát triển","noun","/stæɡˈneɪ.ʃən/","The country is facing economic stagnation due to low investment.","Đất nước đang đối mặt với tình trạng đình trệ kinh tế do đầu tư thấp."
"Part7_Topics","doanh-nghiep-p7","stimulate","kích thích, thúc đẩy sự phát triển hoặc hoạt động","verb","/ˈstɪm.jə.leɪt/","The government lowered taxes to stimulate consumer spending.","Chính phủ giảm thuế để kích thích chi tiêu của người tiêu dùng."
"Part7_Topics","doanh-nghiep-p7","surge","sự tăng vọt","noun","/sɝːdʒ/","There was a sudden surge in online sales during the holiday season.","Có một sự tăng vọt trong doanh số trực tuyến vào mùa lễ."
"Part7_Topics","doanh-nghiep-p7","tax exemption","miễn thuế","noun","/ˈtæks ɪɡˌzemp.ʃən/","Non-profit organizations often qualify for tax exemption.","Các tổ chức phi lợi nhuận thường đủ điều kiện được miễn thuế."
"Part7_Topics","doanh-nghiep-p7","tax deductible","khấu trừ thuế","adj","/ˌtæks dɪˈdʌk.tə.bəl/","Business travel expenses are often tax deductible.","Chi phí đi công tác thường được khấu trừ thuế."
"Part7_Topics","doanh-nghiep-p7","thrifty","tiết kiệm, chi tiêu hợp lý","adj","/ˈθrɪf.ti/","The thrifty manager reduced company costs by eliminating unnecessary subscriptions.","Người quản lý tiết kiệm đã cắt giảm chi phí công ty bằng cách loại bỏ các đăng ký không cần thiết."
"Part7_Topics","doanh-nghiep-p7","accounting","kế toán","noun","/əˈkaʊn.t̬ɪŋ/","The company hired a new manager to oversee its accounting operations.","Công ty đã thuê một quản lý mới để giám sát hoạt động kế toán."
"Part7_Topics","doanh-nghiep-p7","analysis","phân tích dữ liệu để hiểu và ra quyết định","noun","/əˈnæl.ə.sɪs/","The financial analysis showed a significant increase in quarterly revenue.","Phân tích tài chính cho thấy doanh thu quý tăng đáng kể."
"Part7_Topics","doanh-nghiep-p7","assets","tài sản giá trị của doanh nghiệp","noun","/ˈæs.ets/","The company listed its assets and liabilities in the annual report.","Công ty đã liệt kê tài sản và nợ phải trả trong báo cáo thường niên."
"Part7_Topics","doanh-nghiep-p7","budge","nhượng bộ, thay đổi quyết định hoặc vị trí","verb","/bʌdʒ/","Despite repeated requests, the manager wouldn’t budge on the pricing policy.","Dù đã được yêu cầu nhiều lần, quản lý vẫn không nhượng bộ về chính sách giá."
"Part7_Topics","doanh-nghiep-p7","budget","ngân sách","noun","/ˈbʌdʒ.ɪt/","The marketing team must stay within the annual budget.","Đội ngũ tiếp thị phải chi tiêu trong ngân sách hàng năm."
"Part7_Topics","doanh-nghiep-p7","dividend","cổ tức","noun","/ˈdɪv.ə.dənd/","Shareholders received a higher dividend after a profitable year.","Cổ đông nhận được cổ tức cao hơn sau một năm kinh doanh có lãi."
"Part7_Topics","doanh-nghiep-p7","downsize","cắt giảm quy mô","verb","/ˈdaʊn.saɪz/","The company decided to downsize its workforce due to declining profits.","Công ty quyết định cắt giảm nhân sự do lợi nhuận giảm sút."
"Part7_Topics","doanh-nghiep-p7","earnings","thu nhập hoặc lợi nhuận từ công việc, kinh doanh","noun","/ˈɝː.nɪŋz/","The company reported higher earnings for the third quarter.","Công ty báo cáo thu nhập cao hơn trong quý ba."
"Part7_Topics","doanh-nghiep-p7","finance","tài chính","noun","/ˈfaɪ.næns/","She works in corporate finance at a multinational company.","Cô ấy làm việc trong lĩnh vực tài chính doanh nghiệp tại một công ty đa quốc gia."
"Part7_Topics","doanh-nghiep-p7","fiscal year","năm tài chính","noun","/ˈfɪs.kəl jɪr/","The company’s fiscal year begins in April and ends in March.","Năm tài chính của công ty bắt đầu vào tháng Tư và kết thúc vào tháng Ba."
"Part7_Topics","doanh-nghiep-p7","liability","khoản nợ hoặc nghĩa vụ pháp lý","noun","/ˌlaɪ.əˈbɪl.ə.t̬i/","The company listed all outstanding liabilities in its balance sheet.","Công ty liệt kê tất cả các khoản nợ tồn đọng trong bảng cân đối kế toán."
"Part7_Topics","doanh-nghiep-p7","overhead","chi phí gián tiếp cần thiết cho hoạt động doanh nghiệp","noun","/ˈoʊ.vɚ.hed/","Reducing overhead is crucial for small business survival.","Giảm chi phí gián tiếp là điều sống còn đối với doanh nghiệp nhỏ."
"Part7_Topics","doanh-nghiep-p7","portfolio","danh mục đầu tư","noun","/ˌpɔːrtˈfoʊ.li.oʊ/","The investor diversified her portfolio to reduce risk.","Nhà đầu tư đã đa dạng hóa danh mục đầu tư của mình để giảm rủi ro."
"Part7_Topics","doanh-nghiep-p7","profitability","khả năng sinh lời","noun","/ˌprɑː.fɪ.t̬əˈbɪl.ə.t̬i/","The new pricing model significantly improved profitability.","Mô hình định giá mới đã cải thiện đáng kể khả năng sinh lời."
"Part7_Topics","doanh-nghiep-p7","revenue","doanh thu","noun","/ˈrev.ə.nuː/","The company’s annual revenue exceeded expectations.","Doanh thu hàng năm của công ty vượt quá kỳ vọng."
"Part7_Topics","doanh-nghiep-p7","set up a business","thành lập doanh nghiệp mới","verb","/set ʌp ə ˈbɪz.nəs/","He set up a business offering online marketing services.","Anh ấy đã thành lập một doanh nghiệp cung cấp dịch vụ tiếp thị trực tuyến."
"Part7_Topics","doanh-nghiep-p7","strategy","chiến lược","noun","/ˈstræt̬.ə.dʒi/","The company adopted a new marketing strategy to reach younger customers.","Công ty áp dụng chiến lược tiếp thị mới để tiếp cận khách hàng trẻ tuổi hơn."
"Part7_Topics","loi-nhuan-va-lo-p7","be in the black","có lãi","verb","/bi ɪn ðə blæk/","After a difficult year, the company is finally back in the black.","Sau một năm khó khăn, công ty cuối cùng cũng có lãi trở lại."
"Part7_Topics","loi-nhuan-va-lo-p7","be in the red","bị lỗ, chi tiêu vượt thu nhập","verb","/bi ɪn ðə red/","Due to falling demand, the company has been in the red for three quarters.","Do nhu cầu giảm, công ty đã bị lỗ trong ba quý liên tiếp."
"Part7_Topics","loi-nhuan-va-lo-p7","benefit","lợi ích","noun","/ˈben.ə.fɪt/","The new system offers major benefits in efficiency and cost.","Hệ thống mới mang lại nhiều lợi ích về hiệu quả và chi phí."
"Part7_Topics","loi-nhuan-va-lo-p7","cost","chi phí","noun","/kɑːst/","Rising fuel prices have increased the overall production cost.","Giá nhiên liệu tăng đã làm tăng chi phí sản xuất tổng thể."
"Part7_Topics","loi-nhuan-va-lo-p7","damage","thiệt hại","noun","/ˈdæm.ɪdʒ/","The flood caused severe damage to the company’s inventory.","Trận lũ gây thiệt hại nghiêm trọng cho hàng tồn kho của công ty."
"Part7_Topics","loi-nhuan-va-lo-p7","deficit","thâm hụt ngân sách","noun","/ˈdef.ə.sɪt/","The company posted a large budget deficit last year.","Công ty ghi nhận thâm hụt ngân sách lớn vào năm ngoái."
"Part7_Topics","loi-nhuan-va-lo-p7","expenditure","khoản chi tiêu","noun","/ɪkˈspen.də.tʃɚ/","The company reduced its capital expenditure to improve cash flow.","Công ty đã giảm chi tiêu vốn để cải thiện dòng tiền."
"Part7_Topics","loi-nhuan-va-lo-p7","expense","chi phí","noun","/ɪkˈspens/","Travel expenses must be submitted with receipts.","Chi phí công tác phải được nộp kèm theo hóa đơn."
"Part7_Topics","loi-nhuan-va-lo-p7","gross","tổng, chưa trừ chi phí hay thuế","adj","/ɡroʊs/","The company reported gross earnings of $5 million.","Công ty báo cáo tổng thu nhập là 5 triệu đô."
"Part7_Topics","loi-nhuan-va-lo-p7","gross income","tổng thu nhập trước khi trừ chi phí và thuế","noun","/ɡroʊs ˈɪn.kəm/","The company’s gross income increased by 15% this year.","Tổng thu nhập của công ty đã tăng 15% trong năm nay."
"Part7_Topics","loi-nhuan-va-lo-p7","income","thu nhập","noun","/ˈɪn.kəm/","The business saw a steady increase in income over the past year.","Doanh nghiệp chứng kiến sự tăng trưởng thu nhập ổn định trong năm qua."
"Part7_Topics","loi-nhuan-va-lo-p7","loss","sự thua lỗ","noun","/lɔːs/","The company reported a net loss of $2 million last quarter.","Công ty báo cáo khoản lỗ ròng 2 triệu đô trong quý trước."
"Part7_Topics","loi-nhuan-va-lo-p7","lucrative","sinh lợi, mang lại nhiều lợi nhuận","adj","/ˈluː.krə.t̬ɪv/","They launched a lucrative new product that boosted company profits.","Họ đã ra mắt một sản phẩm mới sinh lợi, giúp tăng lợi nhuận công ty."
"Part7_Topics","loi-nhuan-va-lo-p7","margin","biên lợi nhuận","noun","/ˈmɑːr.dʒɪn/","We need to increase our profit margin by reducing production costs.","Chúng tôi cần tăng biên lợi nhuận bằng cách giảm chi phí sản xuất."
"Part7_Topics","loi-nhuan-va-lo-p7","net profit","lợi nhuận ròng","noun","/net ˈprɑː.fɪt/","The firm’s net profit grew by 10% compared to last year.","Lợi nhuận ròng của công ty tăng 10% so với năm ngoái."
"Part7_Topics","loi-nhuan-va-lo-p7","profitable","có lợi nhuận","adj","/ˈprɑː.fɪ.t̬ə.bəl/","The new branch became profitable within six months.","Chi nhánh mới đã có lãi trong vòng sáu tháng."
"Part7_Topics","loi-nhuan-va-lo-p7","surcharge","phụ phí","noun","/ˈsɝː.tʃɑːrdʒ/","There is a fuel surcharge added to all international flights.","Có phụ phí nhiên liệu áp dụng cho tất cả các chuyến bay quốc tế."
"Part7_Topics","loi-nhuan-va-lo-p7","surplus","thặng dư","noun","/ˈsɝː.pləs/","The company reinvested its budget surplus into new projects.","Công ty tái đầu tư phần thặng dư ngân sách vào các dự án mới."
"Part7_Topics","moi-truong-p7","acid rain","mưa axit gây hại cho môi trường","noun","/ˌæs.ɪd ˈreɪn/","Acid rain has severely damaged forests in the northern region.","Mưa axit đã gây hại nghiêm trọng cho các khu rừng ở miền Bắc."
"Part7_Topics","moi-truong-p7","coal","than đá, nhiên liệu hóa thạch dùng để sản xuất năng lượng","noun","/koʊl/","The country still relies heavily on coal for electricity generation.","Quốc gia này vẫn phụ thuộc nhiều vào than đá để sản xuất điện."
"Part7_Topics","moi-truong-p7","conserve","bảo tồn, tiết kiệm tài nguyên để bảo vệ môi trường","verb","/kənˈsɝːv/","We must conserve water during times of drought.","Chúng ta phải tiết kiệm nước trong thời kỳ hạn hán."
"Part7_Topics","moi-truong-p7","contamination","sự ô nhiễm chất độc hại vào môi trường, thực phẩm, nước","noun","/kənˌtæm.əˈneɪ.ʃən/","The contamination of groundwater poses serious health risks.","Ô nhiễm nguồn nước ngầm gây ra những rủi ro nghiêm trọng cho sức khỏe."
"Part7_Topics","moi-truong-p7","crude","dầu thô chưa tinh chế","noun","/kruːd/","The country exports large quantities of crude to international markets.","Quốc gia này xuất khẩu số lượng lớn dầu thô ra thị trường quốc tế."
"Part7_Topics","moi-truong-p7","disposal","sự xử lý rác thải","noun","/dɪˈspoʊ.zəl/","Proper waste disposal is essential for environmental protection.","Xử lý rác thải đúng cách là điều cần thiết để bảo vệ môi trường."
"Part7_Topics","moi-truong-p7","ecology","hệ sinh thái học","noun","/iˈkɑː.lə.dʒi/","Understanding ecology helps us protect natural resources.","Hiểu về sinh thái học giúp chúng ta bảo vệ tài nguyên thiên nhiên."
"Part7_Topics","moi-truong-p7","endangered","bị đe dọa tuyệt chủng","adj","/ɪnˈdeɪn.dʒɚd/","The panda is listed as an endangered species.","Gấu trúc được xếp vào danh sách loài có nguy cơ tuyệt chủng."
"Part7_Topics","moi-truong-p7","environment","môi trường sống của sinh vật","noun","/ɪnˈvaɪ.rən.mənt/","We all share the responsibility to protect the environment.","Chúng ta đều có trách nhiệm bảo vệ môi trường."
"Part7_Topics","moi-truong-p7","habitat","môi trường sống tự nhiên của loài động thực vật","noun","/ˈhæb.ə.tæt/","Urban development is threatening the natural habitat of many animals.","Phát triển đô thị đang đe dọa môi trường sống tự nhiên của nhiều loài động vật."
"Part7_Topics","moi-truong-p7","hazardous","nguy hại, có thể gây nguy hiểm cho sức khỏe hoặc môi trường","adj","/ˈhæz.ɚ.dəs/","The factory was fined for improper disposal of hazardous waste.","Nhà máy bị phạt vì xử lý chất thải nguy hại không đúng cách."
"Part7_Topics","moi-truong-p7","humidity","độ ẩm trong không khí","noun","/hjuːˈmɪd.ə.t̬i/","High humidity makes the temperature feel much hotter.","Độ ẩm cao khiến nhiệt độ cảm giác nóng hơn nhiều."
"Part7_Topics","moi-truong-p7","mine","mỏ khai thác khoáng sản","noun","/maɪn/","The government closed several unsafe coal mines last year.","Chính phủ đã đóng cửa một số mỏ than không an toàn vào năm ngoái."
"Part7_Topics","moi-truong-p7","natural resources","tài nguyên thiên nhiên","noun","/ˈnætʃ.ɚ.əl rɪˈzɔːr.sɪz/","The country is rich in natural resources such as oil and timber.","Quốc gia này giàu tài nguyên thiên nhiên như dầu mỏ và gỗ."
"Part7_Topics","moi-truong-p7","ozone layer","tầng ozone","noun","/ˈoʊ.zoʊn ˌleɪ.ɚ/","CFCs have been banned to protect the ozone layer.","CFC đã bị cấm để bảo vệ tầng ozone."
"Part7_Topics","moi-truong-p7","purify","làm sạch, thanh lọc tạp chất","verb","/ˈpjʊr.ə.faɪ/","The system is designed to purify wastewater before releasing it.","Hệ thống được thiết kế để làm sạch nước thải trước khi thải ra ngoài."
"Part7_Topics","moi-truong-p7","recycle","tái chế","verb","/riːˈsaɪ.kəl/","We recycle paper, plastic, and glass to reduce environmental impact.","Chúng tôi tái chế giấy, nhựa và thủy tinh để giảm tác động môi trường."
"Part7_Topics","moi-truong-p7","timber","gỗ dùng làm vật liệu xây dựng hoặc sản xuất","noun","/ˈtɪm.bɚ/","Illegal logging has led to a shortage of quality timber.","Khai thác rừng trái phép đã dẫn đến tình trạng thiếu gỗ chất lượng."
"Part7_Topics","moi-truong-p7","wildlife","động vật hoang dã","noun","/ˈwaɪld.laɪf/","National parks play a vital role in protecting wildlife.","Các công viên quốc gia đóng vai trò quan trọng trong việc bảo vệ động vật hoang dã."
"Part7_Topics","suc-khoe-y-te-p7","allergy","dị ứng","noun","/ˈæl.ɚ.dʒi/","She has a severe peanut allergy and must avoid all nut products.","Cô ấy bị dị ứng đậu phộng nghiêm trọng và phải tránh tất cả các sản phẩm từ hạt."
"Part7_Topics","suc-khoe-y-te-p7","antibiotic","kháng sinh","noun","/ˌæn.t̬i.baɪˈɑː.t̬ɪk/","The doctor prescribed an antibiotic for the throat infection.","Bác sĩ kê đơn thuốc kháng sinh cho bệnh viêm họng."
"Part7_Topics","suc-khoe-y-te-p7","diagnosis","chẩn đoán bệnh","noun","/ˌdaɪ.əɡˈnoʊ.sɪs/","Early diagnosis of the disease can save lives.","Chẩn đoán sớm bệnh có thể cứu sống nhiều người."
"Part7_Topics","suc-khoe-y-te-p7","fatigue","sự mệt mỏi, kiệt sức về thể chất hoặc tinh thần","noun","/fəˈtiːɡ/","Chronic fatigue can be a symptom of underlying health issues.","Mệt mỏi mãn tính có thể là triệu chứng của các vấn đề sức khỏe tiềm ẩn."
"Part7_Topics","suc-khoe-y-te-p7","medication","thuốc điều trị bệnh","noun","/ˌmed.əˈkeɪ.ʃən/","He is on medication to control high blood pressure.","Anh ấy đang dùng thuốc để kiểm soát huyết áp cao."
"Part7_Topics","suc-khoe-y-te-p7","nutrition","dinh dưỡng","noun","/nuːˈtrɪʃ.ən/","Good nutrition is essential for growth and development.","Dinh dưỡng tốt rất cần thiết cho sự phát triển và tăng trưởng."
"Part7_Topics","suc-khoe-y-te-p7","prescription","đơn thuốc","noun","/prɪˈskrɪp.ʃən/","You need a prescription to buy this medication.","Bạn cần đơn thuốc để mua loại thuốc này."
"Part7_Topics","suc-khoe-y-te-p7","symptom","triệu chứng","noun","/ˈsɪmp.təm/","Fever and cough are common symptoms of the flu.","Sốt và ho là những triệu chứng phổ biến của bệnh cúm."
"Part7_Topics","suc-khoe-y-te-p7","vaccination","tiêm chủng","noun","/ˌvæk.səˈneɪ.ʃən/","Vaccination has greatly reduced the spread of infectious diseases.","Tiêm chủng đã làm giảm đáng kể sự lây lan của các bệnh truyền nhiễm."
"Part7_Topics","quan-ly-va-chinh-sach-p7","authorize","ủy quyền, cho phép ai đó làm điều gì đó","verb","/ˈɑː.θə.raɪz/","Only managers are authorized to approve large expenses.","Chỉ có quản lý mới được ủy quyền phê duyệt các khoản chi lớn."
"Part7_Topics","quan-ly-va-chinh-sach-p7","bureau","cục, vụ, văn phòng của tổ chức hoặc chính phủ","noun","/ˈbjʊr.oʊ/","The Bureau of Labor Statistics released new employment data.","Cục Thống kê Lao động đã công bố dữ liệu việc làm mới."
"Part7_Topics","quan-ly-va-chinh-sach-p7","consulate","lãnh sự quán","noun","/ˈkɑːn.sjə.lət/","He visited the consulate to renew his visa.","Anh ấy đến lãnh sự quán để gia hạn visa."
"Part7_Topics","quan-ly-va-chinh-sach-p7","diplomat","nhà ngoại giao","noun","/ˈdɪp.lə.mæt/","The diplomat attended a summit to discuss regional security.","Nhà ngoại giao tham dự hội nghị thượng đỉnh để thảo luận về an ninh khu vực."
"Part7_Topics","quan-ly-va-chinh-sach-p7","election","cuộc bầu cử","noun","/ɪˈlek.ʃən/","The national election will be held next month.","Cuộc bầu cử quốc gia sẽ diễn ra vào tháng tới."
"Part7_Topics","quan-ly-va-chinh-sach-p7","embassy","đại sứ quán","noun","/ˈem.bə.si/","He went to the embassy to apply for a student visa.","Anh ấy đến đại sứ quán để xin visa du học."
"Part7_Topics","quan-ly-va-chinh-sach-p7","enactment","việc ban hành luật","noun","/ɪˈnækt.mənt/","The enactment of the new law will improve public safety.","Việc ban hành luật mới sẽ cải thiện an toàn công cộng."
"Part7_Topics","quan-ly-va-chinh-sach-p7","federal","liên bang","adj","/ˈfed.ɚ.əl/","Federal law overrides conflicting state laws.","Luật liên bang có hiệu lực cao hơn các luật bang nếu có mâu thuẫn."
"Part7_Topics","quan-ly-va-chinh-sach-p7","legislation","pháp luật, bộ luật hoặc quá trình ban hành luật","noun","/ˌledʒ.əˈsleɪ.ʃən/","The government introduced new environmental legislation.","Chính phủ đã đưa ra bộ luật môi trường mới."
"Part7_Topics","quan-ly-va-chinh-sach-p7","mandatory","bắt buộc","adj","/ˈmæn.də.tɔːr.i/","Wearing seat belts is mandatory in most countries.","Thắt dây an toàn là bắt buộc ở hầu hết các quốc gia."
"Part7_Topics","quan-ly-va-chinh-sach-p7","municipal","thuộc về thành phố hoặc chính quyền địa phương","adj","/mjuːˈnɪs.ə.pəl/","The municipal government is responsible for waste management.","Chính quyền thành phố chịu trách nhiệm quản lý rác thải."
"Part7_Topics","quan-ly-va-chinh-sach-p7","provision","điều khoản trong văn bản pháp lý","noun","/prəˈvɪʒ.ən/","The contract includes a provision for early termination.","Hợp đồng bao gồm một điều khoản về việc chấm dứt sớm."
"Part7_Topics","quan-ly-va-chinh-sach-p7","summit","hội nghị thượng đỉnh","noun","/ˈsʌm.ɪt/","World leaders gathered at the climate summit to discuss global solutions.","Các lãnh đạo thế giới tụ họp tại hội nghị thượng đỉnh về khí hậu để thảo luận các giải pháp toàn cầu."
"Part7_Topics","quan-ly-va-chinh-sach-p7","violation","sự vi phạm quy định hoặc luật pháp","noun","/ˌvaɪ.əˈleɪ.ʃən/","The company was fined for a serious violation of environmental laws.","Công ty bị phạt vì vi phạm nghiêm trọng luật môi trường."
"Part7_Topics","phong-nhan-su-p7","allocate","phân bổ tài nguyên hoặc nhiệm vụ cho ai đó","verb","/ˈæl.ə.keɪt/","The manager allocated extra staff to the customer service team.","Quản lý đã phân bổ thêm nhân viên cho bộ phận chăm sóc khách hàng."
"Part7_Topics","phong-nhan-su-p7","appoint","bổ nhiệm","verb","/əˈpɔɪnt/","She was appointed as the new head of human resources.","Cô ấy được bổ nhiệm làm trưởng phòng nhân sự mới."
"Part7_Topics","phong-nhan-su-p7","appraisal","sự đánh giá hiệu suất làm việc","noun","/əˈpreɪ.zəl/","Annual performance appraisals are conducted in December.","Đánh giá hiệu suất hàng năm được thực hiện vào tháng Mười Hai."
"Part7_Topics","phong-nhan-su-p7","aptitude","năng khiếu","noun","/ˈæp.tə.tuːd/","He showed strong aptitude for leadership during the training.","Anh ấy thể hiện năng khiếu lãnh đạo rõ rệt trong suốt quá trình đào tạo."
"Part7_Topics","phong-nhan-su-p7","curtail","cắt giảm hoặc hạn chế","verb","/kɝːˈteɪl/","The company had to curtail employee travel due to budget cuts.","Công ty phải cắt giảm việc đi công tác của nhân viên do cắt giảm ngân sách."
"Part7_Topics","phong-nhan-su-p7","cut back","giảm bớt","verb","/kʌt bæk/","The firm plans to cut back on hiring until sales improve.","Công ty dự định giảm tuyển dụng cho đến khi doanh số cải thiện."
"Part7_Topics","phong-nhan-su-p7","dismiss","sa thải","verb","/dɪsˈmɪs/","The manager dismissed the employee for repeated lateness.","Quản lý đã sa thải nhân viên vì đi trễ nhiều lần."
"Part7_Topics","phong-nhan-su-p7","dispatch","cử đi, điều động đến nơi làm việc cụ thể","verb","/dɪˈspætʃ/","The HR team dispatched two trainers to the new branch.","Phòng nhân sự đã cử hai người đào tạo đến chi nhánh mới."
"Part7_Topics","phong-nhan-su-p7","field","lĩnh vực","noun","/fiːld/","She has over ten years of experience in the HR field.","Cô ấy có hơn mười năm kinh nghiệm trong lĩnh vực nhân sự."
"Part7_Topics","phong-nhan-su-p7","fire","đuổi việc","verb","/faɪr/","The company fired several workers due to policy violations.","Công ty đã đuổi việc một số nhân viên do vi phạm chính sách."
"Part7_Topics","phong-nhan-su-p7","get a promotion","được thăng chức","verb","/ɡet ə prəˈmoʊ.ʃən/","She got a promotion after successfully leading the project.","Cô ấy được thăng chức sau khi dẫn dắt thành công dự án."
"Part7_Topics","phong-nhan-su-p7","incumbent","người đương nhiệm","noun","/ɪnˈkʌm.bənt/","The incumbent will retire at the end of the year.","Người đương nhiệm sẽ nghỉ hưu vào cuối năm."
"Part7_Topics","phong-nhan-su-p7","layoff","sa thải tạm thời","noun","/ˈleɪ.ɑːf/","The company announced a massive layoff due to declining revenue.","Công ty thông báo đợt sa thải lớn do doanh thu giảm sút."
"Part7_Topics","phong-nhan-su-p7","profile","hồ sơ cá nhân","noun","/ˈproʊ.faɪl/","The recruiter reviewed the applicant’s profile before the interview.","Nhà tuyển dụng đã xem qua hồ sơ ứng viên trước buổi phỏng vấn."
"Part7_Topics","phong-nhan-su-p7","promote","thăng chức","verb","/prəˈmoʊt/","She was promoted to regional manager after five years.","Cô ấy được thăng chức làm quản lý khu vực sau năm năm."
"Part7_Topics","phong-nhan-su-p7","qualified","đủ điều kiện, có năng lực","adj","/ˈkwɑː.lə.faɪd/","Only qualified candidates will be invited for an interview.","Chỉ những ứng viên đủ điều kiện mới được mời phỏng vấn."
"Part7_Topics","phong-nhan-su-p7","quit","nghỉ việc","verb","/kwɪt/","He quit his job to start his own company.","Anh ấy nghỉ việc để bắt đầu công ty riêng."
"Part7_Topics","phong-nhan-su-p7","relocate","chuyển nơi ở hoặc làm việc","verb","/ˌriː.loʊˈkeɪt/","The company offered to help employees relocate to the new branch.","Công ty đề nghị hỗ trợ nhân viên chuyển đến chi nhánh mới."
"Part7_Topics","phong-nhan-su-p7","replacement","người thay thế","noun","/rɪˈpleɪs.mənt/","We are looking for a suitable replacement for the sales manager.","Chúng tôi đang tìm người thay thế phù hợp cho vị trí quản lý bán hàng."
"Part7_Topics","phong-nhan-su-p7","resign","từ chức","verb","/rɪˈzaɪn/","She decided to resign from her position due to personal reasons.","Cô ấy quyết định từ chức vì lý do cá nhân."
"Part7_Topics","phong-nhan-su-p7","resignation","sự từ chức","noun","/ˌrez.ɪɡˈneɪ.ʃən/","Her resignation shocked the entire department.","Việc cô ấy từ chức khiến cả phòng ngạc nhiên."
"Part7_Topics","phong-nhan-su-p7","retirement","nghỉ hưu","noun","/rɪˈtaɪr.mənt/","He plans to travel the world after his retirement next year.","Anh ấy dự định đi du lịch vòng quanh thế giới sau khi nghỉ hưu vào năm tới."
"Part7_Topics","phong-nhan-su-p7","training session","buổi đào tạo","noun","/ˈtreɪ.nɪŋ ˈseʃ.ən/","New employees must attend a training session before starting work.","Nhân viên mới phải tham dự buổi đào tạo trước khi bắt đầu làm việc."
"Part7_Topics","phong-nhan-su-p7","transferred","được điều chuyển vị trí làm việc","verb","/ˈtræns.fɝːd/","She was transferred to the Tokyo office last quarter.","Cô ấy được điều chuyển đến văn phòng Tokyo trong quý trước."
"Part7_Topics","phong-nhan-su-p7","turnover","tỷ lệ thay đổi nhân sự","noun","/ˈtɝːnˌoʊ.vɚ/","High turnover can affect team stability and performance.","Tỷ lệ thay nhân sự cao có thể ảnh hưởng đến sự ổn định và hiệu suất nhóm."
"Part7_Topics","quan-ly-p7-2","advise","tư vấn, đưa ra lời khuyên","verb","/ədˈvaɪz/","The HR manager advised the team on the new hiring policy.","Quản lý nhân sự đã tư vấn cho nhóm về chính sách tuyển dụng mới."
"Part7_Topics","quan-ly-p7-2","alter","thay đổi hoặc điều chỉnh điều gì đó","verb","/ˈɑːl.tɚ/","Management decided to alter the project deadline.","Ban quản lý đã quyết định điều chỉnh thời hạn dự án."
"Part7_Topics","quan-ly-p7-2","appropriate","thích hợp","adj","/əˈproʊ.pri.ət/","The manager took appropriate action to resolve the conflict.","Người quản lý đã có hành động phù hợp để giải quyết mâu thuẫn."
"Part7_Topics","quan-ly-p7-2","assign","giao nhiệm vụ","verb","/əˈsaɪn/","The supervisor assigned tasks based on each employee’s strengths.","Người giám sát đã giao nhiệm vụ dựa trên điểm mạnh của từng nhân viên."
"Part7_Topics","quan-ly-p7-2","consult","tư vấn, tham khảo ý kiến","verb","/kənˈsʌlt/","Please consult the legal team before signing the agreement.","Vui lòng tham khảo ý kiến bộ phận pháp lý trước khi ký hợp đồng."
"Part7_Topics","quan-ly-p7-2","demanding","đòi hỏi cao, khó khăn","adj","/dɪˈmæn.dɪŋ/","Managing multiple teams can be a very demanding role.","Quản lý nhiều nhóm có thể là vai trò rất đòi hỏi."
"Part7_Topics","quan-ly-p7-2","head","người đứng đầu","noun","/hed/","She is the head of the marketing department.","Cô ấy là trưởng bộ phận marketing."
"Part7_Topics","quan-ly-p7-2","manage","quản lý, điều hành công việc hoặc nguồn lực","verb","/ˈmæn.ɪdʒ/","She manages a team of ten engineers.","Cô ấy quản lý một nhóm gồm mười kỹ sư."
"Part7_Topics","quan-ly-p7-2","managerial","thuộc về quản lý","adj","/ˌmæn.əˈdʒɪr.i.əl/","She has excellent managerial skills that benefit the whole department.","Cô ấy có kỹ năng quản lý xuất sắc mang lại lợi ích cho cả phòng ban."
"Part7_Topics","quan-ly-p7-2","proper","phù hợp, đúng đắn","adj","/ˈprɑː.pɚ/","Managers must take proper action when handling complaints.","Người quản lý phải có hành động phù hợp khi xử lý khiếu nại."
"Part7_Topics","quan-ly-p7-2","relevant","liên quan","adj","/ˈrel.ə.vənt/","Please include only relevant details in the report.","Vui lòng chỉ đưa các thông tin liên quan vào báo cáo."
"Part7_Topics","quan-ly-p7-2","review","xem xét, đánh giá lại","verb","/rɪˈvjuː/","The board will review the proposal before approval.","Ban giám đốc sẽ xem xét đề xuất trước khi phê duyệt."
"Part7_Topics","quan-ly-p7-2","streamline","hợp lý hóa quy trình","verb","/ˈstriːm.laɪn/","The manager streamlined the workflow to reduce delays.","Người quản lý đã hợp lý hóa quy trình làm việc để giảm sự chậm trễ."
"Part7_Topics","quan-ly-p7-2","supervise","giám sát","verb","/ˈsuː.pɚ.vaɪz/","He supervises a team of five in the operations department.","Anh ấy giám sát một nhóm năm người trong bộ phận vận hành."
"Part7_Topics","quan-ly-p7-2","time-consuming","tốn thời gian","adj","/ˈtaɪm.kənˌsuː.mɪŋ/","Manual data entry can be extremely time-consuming.","Nhập dữ liệu thủ công có thể rất tốn thời gian."
"Part7_Topics","hoat-dong-kinh-doanh-p7","affiliate","công ty liên kết","noun","/əˈfɪl.i.eɪt/","The international affiliate handles all regional transactions.","Công ty liên kết quốc tế xử lý mọi giao dịch trong khu vực."
"Part7_Topics","hoat-dong-kinh-doanh-p7","branch","chi nhánh","noun","/bræntʃ/","The company opened a new branch in the downtown area.","Công ty đã mở một chi nhánh mới ở khu trung tâm."
"Part7_Topics","hoat-dong-kinh-doanh-p7","colleague","đồng nghiệp","noun","/ˈkɑː.liːɡ/","I collaborated with my colleagues on the product launch.","Tôi đã hợp tác với đồng nghiệp trong việc ra mắt sản phẩm."
"Part7_Topics","hoat-dong-kinh-doanh-p7","company","công ty","noun","/ˈkʌm.pə.ni/","The company specializes in eco-friendly packaging solutions.","Công ty chuyên về các giải pháp bao bì thân thiện với môi trường."
"Part7_Topics","hoat-dong-kinh-doanh-p7","competitor","đối thủ cạnh tranh","noun","/kəmˈpet̬.ə.t̬ɚ/","Our prices are lower than those of our main competitors.","Giá của chúng tôi thấp hơn so với các đối thủ chính."
"Part7_Topics","hoat-dong-kinh-doanh-p7","conglomerate","tập đoàn lớn gồm nhiều công ty con khác nhau","noun","/kənˈɡlɑː.mɚ.ət/","The media conglomerate owns several television and radio stations.","Tập đoàn truyền thông sở hữu nhiều đài truyền hình và phát thanh."
"Part7_Topics","hoat-dong-kinh-doanh-p7","corporation","tập đoàn","noun","/ˌkɔːr.pəˈreɪ.ʃən/","The corporation reported a significant increase in annual profits.","Tập đoàn báo cáo mức tăng lợi nhuận hàng năm đáng kể."
"Part7_Topics","hoat-dong-kinh-doanh-p7","division","bộ phận trong công ty hoặc tổ chức lớn","noun","/dɪˈvɪʒ.ən/","The marketing division is launching a new product campaign.","Bộ phận marketing đang triển khai chiến dịch sản phẩm mới."
"Part7_Topics","hoat-dong-kinh-doanh-p7","enterprise","doanh nghiệp","noun","/ˈen.t̬ɚ.praɪz/","The local government supports small and medium-sized enterprises.","Chính quyền địa phương hỗ trợ các doanh nghiệp vừa và nhỏ."
"Part7_Topics","hoat-dong-kinh-doanh-p7","expansion","sự mở rộng quy mô hoặc phạm vi","noun","/ɪkˈspæn.ʃən/","The company is planning an expansion into international markets.","Công ty đang lên kế hoạch mở rộng sang các thị trường quốc tế."
"Part7_Topics","hoat-dong-kinh-doanh-p7","firm","công ty","noun","/fɝːm/","The consulting firm specializes in financial planning.","Công ty tư vấn chuyên về lập kế hoạch tài chính."
"Part7_Topics","hoat-dong-kinh-doanh-p7","head office","trụ sở chính","noun","/ˌhed ˈɑː.fɪs/","The head office is located in New York City.","Trụ sở chính nằm tại thành phố New York."
"Part7_Topics","hoat-dong-kinh-doanh-p7","headquarters","trụ sở chính","noun","/ˌhedˈkwɔːr.t̬ɚz/","The company’s global headquarters are in San Francisco.","Trụ sở chính toàn cầu của công ty đặt tại San Francisco."
"Part7_Topics","hoat-dong-kinh-doanh-p7","inc. (incorporated)","công ty cổ phần","noun","/ɪnˈkɔːr.pə.reɪ.t̬ɪd/","TechNova Inc. is a leading provider of AI solutions.","TechNova Inc. là nhà cung cấp giải pháp AI hàng đầu."
"Part7_Topics","hoat-dong-kinh-doanh-p7","ltd. (limited)","công ty trách nhiệm hữu hạn","adj","/ˈlɪm.ɪ.t̬ɪd/","Oceanic Foods Ltd. supplies frozen seafood across Asia.","Oceanic Foods Ltd. cung cấp hải sản đông lạnh trên toàn châu Á."
"Part7_Topics","hoat-dong-kinh-doanh-p7","merge","sáp nhập","verb","/mɝːdʒ/","Two local firms merged to form a larger logistics company.","Hai công ty địa phương sáp nhập để thành lập một công ty hậu cần lớn hơn."
"Part7_Topics","hoat-dong-kinh-doanh-p7","merge","sáp nhập","verb","/mɝːdʒ/","The two companies decided to merge to expand their market reach.","Hai công ty quyết định sáp nhập để mở rộng thị trường."
"Part7_Topics","hoat-dong-kinh-doanh-p7","parent company","công ty mẹ","noun","/ˈper.ənt ˌkʌm.pə.ni/","The parent company oversees the operations of all its subsidiaries.","Công ty mẹ giám sát hoạt động của tất cả các công ty con."
"Part7_Topics","hoat-dong-kinh-doanh-p7","subsidiary company","công ty con","noun","/səbˈsɪd.i.er.i ˈkʌm.pə.ni/","The subsidiary company handles regional logistics and distribution.","Công ty con phụ trách hậu cần và phân phối trong khu vực."
"Part7_Topics","chuc-vu-p7","administrative","thuộc về hành chính, quản lý","adj","/ədˈmɪn.ə.streɪ.t̬ɪv/","He is responsible for all administrative tasks in the department.","Anh ấy chịu trách nhiệm cho tất cả công việc hành chính trong phòng ban."
"Part7_Topics","chuc-vu-p7","administrative assistant","trợ lý hành chính","noun","/ədˌmɪn.əˈstreɪ.t̬ɪv əˈsɪs.tənt/","The administrative assistant scheduled all meetings and handled correspondence.","Trợ lý hành chính sắp xếp tất cả các cuộc họp và xử lý thư từ."
"Part7_Topics","chuc-vu-p7","assistant","trợ lý","noun","/əˈsɪs.tənt/","Her assistant helps manage her schedule and client communication.","Trợ lý của cô ấy giúp quản lý lịch trình và liên lạc với khách hàng."
"Part7_Topics","chuc-vu-p7","associate","nhân viên liên kết","noun","/əˈsoʊ.si.eɪt/","She was hired as a marketing associate after graduation.","Cô ấy được tuyển làm nhân viên marketing sau khi tốt nghiệp."
"Part7_Topics","chuc-vu-p7","CEO (chief executive officer)","giám đốc điều hành","noun","/ˌsiː.iːˈoʊ/","The CEO presented the annual strategy to shareholders.","Giám đốc điều hành đã trình bày chiến lược hằng năm cho cổ đông."
"Part7_Topics","chuc-vu-p7","chairman","chủ tịch","noun","/ˈtʃer.mən/","The chairman opened the meeting with a summary of the company’s achievements.","Chủ tịch khai mạc cuộc họp với bản tổng kết thành tích của công ty."
"Part7_Topics","chuc-vu-p7","consultant","chuyên gia tư vấn","noun","/kənˈsʌl.tənt/","The company hired a marketing consultant to boost brand awareness.","Công ty đã thuê một chuyên gia tư vấn marketing để tăng nhận diện thương hiệu."
"Part7_Topics","chuc-vu-p7","coordinator","người điều phối, tổ chức hoạt động hoặc dự án","noun","/koʊˈɔːr.dən.eɪ.t̬ɚ/","The event coordinator managed all logistics and vendor communication.","Điều phối viên sự kiện đã quản lý toàn bộ hậu cần và liên hệ với nhà cung cấp."
"Part7_Topics","chuc-vu-p7","deputy","phó, người hỗ trợ và thay thế cho người đứng đầu","noun","/ˈdep.jə.t̬i/","The deputy director will lead the meeting in the absence of the CEO.","Phó giám đốc sẽ chủ trì cuộc họp khi CEO vắng mặt."
"Part7_Topics","chuc-vu-p7","director","giám đốc","noun","/dəˈrek.tɚ/","The marketing director approved the campaign budget.","Giám đốc marketing đã phê duyệt ngân sách cho chiến dịch."
"Part7_Topics","chuc-vu-p7","employee","nhân viên","noun","/ɪmˈplɔɪ.iː/","The company has over 500 full-time employees.","Công ty có hơn 500 nhân viên làm toàn thời gian."
"Part7_Topics","chuc-vu-p7","employer","người sử dụng lao động","noun","/ɪmˈplɔɪ.ɚ/","The employer is responsible for providing a safe work environment.","Người sử dụng lao động có trách nhiệm đảm bảo môi trường làm việc an toàn."
"Part7_Topics","chuc-vu-p7","entrepreneur","doanh nhân","noun","/ˌɑːn.trə.prəˈnɝː/","The young entrepreneur launched a successful tech startup.","Doanh nhân trẻ đã khởi nghiệp thành công với một công ty công nghệ."
"Part7_Topics","chuc-vu-p7","executive","nhà điều hành cấp cao","noun","/ɪɡˈzek.jə.t̬ɪv/","The executive team met to finalize the company’s expansion plan.","Nhóm điều hành đã họp để hoàn tất kế hoạch mở rộng của công ty."
"Part7_Topics","chuc-vu-p7","immediate supervisor","người giám sát trực tiếp","noun","/ɪˈmiː.di.ət ˈsuː.pɚ.vaɪ.zɚ/","If you have any concerns, report them to your immediate supervisor.","Nếu bạn có bất kỳ mối lo ngại nào, hãy báo cáo cho người giám sát trực tiếp."
"Part7_Topics","chuc-vu-p7","manager","người quản lý","noun","/ˈmæn.ə.dʒɚ/","The sales manager leads a team of ten representatives.","Quản lý bán hàng dẫn dắt một nhóm gồm mười nhân viên."
"Part7_Topics","chuc-vu-p7","managerial position","vị trí quản lý","noun","/ˌmæn.əˈdʒɪr.i.əl pəˈzɪʃ.ən/","She was promoted to a managerial position after years of experience.","Cô ấy được thăng chức lên vị trí quản lý sau nhiều năm kinh nghiệm."
"Part7_Topics","chuc-vu-p7","ownership","quyền sở hữu","noun","/ˈoʊ.nɚ.ʃɪp/","He has full ownership of the startup.","Anh ấy sở hữu hoàn toàn công ty khởi nghiệp này."
"Part7_Topics","chuc-vu-p7","position","vị trí, chức danh trong tổ chức","noun","/pəˈzɪʃ.ən/","He applied for a managerial position in the finance department.","Anh ấy đã ứng tuyển vị trí quản lý ở phòng tài chính."
"Part7_Topics","chuc-vu-p7","representative","người đại diện","noun","/ˌrep.rɪˈzen.tə.t̬ɪv/","A customer service representative will respond to your inquiry shortly.","Một nhân viên chăm sóc khách hàng sẽ sớm phản hồi yêu cầu của bạn."
"Part7_Topics","chuc-vu-p7","senior","cấp cao, có kinh nghiệm nhiều hơn","adj","/ˈsiː.njɚ/","She was promoted to a senior position after five years of service.","Cô ấy được thăng chức lên vị trí cấp cao sau năm năm làm việc."
"Part7_Topics","chuc-vu-p7","trainee","thực tập sinh","noun","/ˌtreɪˈniː/","All new trainees must complete a two-week orientation program.","Tất cả thực tập sinh mới phải hoàn thành chương trình định hướng kéo dài hai tuần."
"Part7_Topics","chuc-vu-p7","vice president","phó chủ tịch","noun","/ˌvaɪs ˈprez.ɪ.dənt/","The vice president of marketing presented the new branding strategy.","Phó chủ tịch phụ trách marketing đã trình bày chiến lược thương hiệu mới."
"Part7_Topics","cac-phong-ban-p7","accounting department","phòng kế toán","noun","/əˈkaʊn.t̬ɪŋ dɪˈpɑːrt.mənt/","The accounting department prepares monthly financial reports.","Phòng kế toán chuẩn bị báo cáo tài chính hàng tháng."
"Part7_Topics","cac-phong-ban-p7","board of directors","hội đồng quản trị","noun","/bɔːrd əv dəˈrek.tɚz/","The board of directors will meet next week to discuss the merger.","Hội đồng quản trị sẽ họp vào tuần tới để thảo luận về việc sáp nhập."
"Part7_Topics","cac-phong-ban-p7","consumer affairs department","phòng chăm sóc khách hàng","noun","/kənˈsuː.mɚ əˈferz dɪˈpɑːrt.mənt/","The consumer affairs department responded promptly to the complaint.","Phòng chăm sóc khách hàng đã phản hồi nhanh chóng với khiếu nại."
"Part7_Topics","cac-phong-ban-p7","engineering department","phòng kỹ thuật","noun","/ˌen.dʒɪˈnɪr.ɪŋ dɪˈpɑːrt.mənt/","The engineering department developed the new product prototype.","Phòng kỹ thuật đã phát triển nguyên mẫu sản phẩm mới."
"Part7_Topics","cac-phong-ban-p7","head office","trụ sở chính","noun","/ˌhed ˈɑː.fɪs/","All final decisions are made at the head office.","Mọi quyết định cuối cùng đều được đưa ra tại trụ sở chính."
"Part7_Topics","cac-phong-ban-p7","human resources department","phòng nhân sự","noun","/ˈhjuː.mən ˈrɪˌsɔːr.sɪz dɪˈpɑːrt.mənt/","The human resources department handles employee relations and recruitment.","Phòng nhân sự phụ trách quan hệ nhân viên và tuyển dụng."
"Part7_Topics","cac-phong-ban-p7","marketing department","phòng marketing","noun","/ˈmɑːr.kɪ.t̬ɪŋ dɪˈpɑːrt.mənt/","The marketing department launched a new ad campaign this quarter.","Phòng marketing đã tung ra chiến dịch quảng cáo mới trong quý này."
"Part7_Topics","cac-phong-ban-p7","overseas division","bộ phận nước ngoài","noun","/ˌoʊ.vɚˈsiːz dɪˈvɪʒ.ən/","The overseas division reported steady growth in Asian markets.","Bộ phận nước ngoài báo cáo tăng trưởng ổn định ở thị trường châu Á."
"Part7_Topics","cac-phong-ban-p7","payroll department","phòng lương","noun","/ˈpeɪ.roʊl dɪˈpɑːrt.mənt/","The payroll department processes salaries on the last day of each month.","Phòng lương xử lý lương vào ngày cuối cùng của mỗi tháng."
"Part7_Topics","cac-phong-ban-p7","personnel department","phòng nhân sự","noun","/ˌpɝː.sənˈel dɪˈpɑːrt.mənt/","The personnel department will assist you with onboarding procedures.","Phòng nhân sự sẽ hỗ trợ bạn với quy trình hội nhập."
"Part7_Topics","cac-phong-ban-p7","public relations department","phòng quan hệ công chúng","noun","/ˌpʌb.lɪk rɪˈleɪ.ʃənz dɪˈpɑːrt.mənt/","The public relations department issued a statement regarding the incident.","Phòng quan hệ công chúng đã đưa ra thông cáo về sự cố."
"Part7_Topics","cac-phong-ban-p7","sales department","phòng kinh doanh","noun","/seɪlz dɪˈpɑːrt.mənt/","The sales department exceeded its quarterly targets.","Phòng kinh doanh đã vượt chỉ tiêu quý."
"Part7_Topics","cac-phong-ban-p7","shipping department","phòng vận chuyển","noun","/ˈʃɪp.ɪŋ dɪˈpɑːrt.mənt/","The shipping department ensures all orders are dispatched on time.","Phòng vận chuyển đảm bảo mọi đơn hàng được gửi đi đúng hạn."
"Part7_Topics","phuong-tien-di-lai-p7","bypass","đường vòng","noun","/ˈbaɪ.pæs/","We took the bypass to avoid heavy traffic downtown.","Chúng tôi đi đường vòng để tránh giao thông đông đúc ở trung tâm."
"Part7_Topics","phuong-tien-di-lai-p7","car maintenance","bảo dưỡng xe","noun","/kɑːr ˈmeɪn.tən.əns/","Regular car maintenance extends the life of your vehicle.","Bảo dưỡng xe thường xuyên kéo dài tuổi thọ của phương tiện."
"Part7_Topics","phuong-tien-di-lai-p7","commute","đi lại giữa nhà và nơi làm việc/trường học","verb","/kəˈmjuːt/","She commutes two hours each day to get to work.","Cô ấy đi lại hai tiếng mỗi ngày để đến chỗ làm."
"Part7_Topics","phuong-tien-di-lai-p7","fare","giá vé phương tiện giao thông","noun","/fer/","Bus fares increased last month due to rising fuel costs.","Giá vé xe buýt đã tăng tháng trước do chi phí nhiên liệu tăng."
"Part7_Topics","phuong-tien-di-lai-p7","fuel","nhiên liệu","noun","/ˈfjuː.əl/","Fuel prices have dropped significantly this week.","Giá nhiên liệu đã giảm đáng kể trong tuần này."
"Part7_Topics","phuong-tien-di-lai-p7","highway","xa lộ","noun","/ˈhaɪ.weɪ/","We took the highway to save time during our trip.","Chúng tôi đi xa lộ để tiết kiệm thời gian trong chuyến đi."
"Part7_Topics","phuong-tien-di-lai-p7","intersection","ngã tư","noun","/ˌɪn.t̬ɚˈsek.ʃən/","There was an accident at the main intersection during rush hour.","Đã xảy ra tai nạn tại ngã tư chính trong giờ cao điểm."
"Part7_Topics","phuong-tien-di-lai-p7","launch","ra mắt, khai trương sản phẩm mới","verb","/lɔːntʃ/","The company will launch its new electric scooter next month.","Công ty sẽ ra mắt xe tay ga điện mới vào tháng tới."
"Part7_Topics","phuong-tien-di-lai-p7","limousine","xe limousine sang trọng chở khách VIP","noun","/ˈlɪm.ə.ziːn/","The celebrity arrived at the event in a black limousine.","Người nổi tiếng đến sự kiện bằng xe limousine màu đen."
"Part7_Topics","phuong-tien-di-lai-p7","mechanic","thợ máy","noun","/məˈkæn.ɪk/","The mechanic fixed the engine problem in less than an hour.","Người thợ máy đã sửa xong vấn đề động cơ trong chưa đầy một giờ."
"Part7_Topics","phuong-tien-di-lai-p7","passenger","hành khách","noun","/ˈpæs.ən.dʒɚ/","Each passenger must fasten their seatbelt during takeoff.","Mỗi hành khách phải thắt dây an toàn trong lúc cất cánh."
"Part7_Topics","phuong-tien-di-lai-p7","pedestrian","người đi bộ","noun","/pəˈdes.tri.ən/","Pedestrians should only cross the street at designated crosswalks.","Người đi bộ chỉ nên sang đường tại lối sang được quy định."
"Part7_Topics","phuong-tien-di-lai-p7","public transportation","phương tiện công cộng","noun","/ˈpʌb.lɪk ˌtræn.spɚˈteɪ.ʃən/","The city has invested heavily in improving public transportation.","Thành phố đã đầu tư mạnh vào việc cải thiện phương tiện công cộng."
"Part7_Topics","phuong-tien-di-lai-p7","pull over","tấp vào lề","verb","/ˈpʊl ˌoʊ.vɚ/","The police officer signaled the driver to pull over.","Cảnh sát ra hiệu cho tài xế tấp vào lề."
"Part7_Topics","phuong-tien-di-lai-p7","route","tuyến đường","noun","/ruːt/","This is the fastest route to the airport during rush hour.","Đây là tuyến đường nhanh nhất đến sân bay vào giờ cao điểm."
"Part7_Topics","phuong-tien-di-lai-p7","shortcut","đường tắt","noun","/ˈʃɔːrt.kʌt/","He took a shortcut through the alley to avoid traffic.","Anh ấy đi đường tắt qua con hẻm để tránh kẹt xe."
"Part7_Topics","phuong-tien-di-lai-p7","shuttle","xe đưa đón giữa hai điểm","noun","/ˈʃʌt̬.əl/","The hotel provides a free shuttle to the airport every hour.","Khách sạn cung cấp xe đưa đón miễn phí đến sân bay mỗi giờ."
"Part7_Topics","phuong-tien-di-lai-p7","sidewalk","vỉa hè","noun","/ˈsaɪd.wɑːk/","Pedestrians should stay on the sidewalk for safety.","Người đi bộ nên đi trên vỉa hè để đảm bảo an toàn."
"Part7_Topics","phuong-tien-di-lai-p7","toll","phí cầu đường","noun","/toʊl/","You have to pay a toll to use the expressway.","Bạn phải trả phí cầu đường để sử dụng đường cao tốc."
"Part7_Topics","phuong-tien-di-lai-p7","traffic congestion","tắc nghẽn giao thông","noun","/ˈtræf.ɪk kənˈdʒes.tʃən/","Traffic congestion is common in the city during rush hours.","Tắc nghẽn giao thông thường xảy ra trong thành phố vào giờ cao điểm."
"Part7_Topics","phuong-tien-di-lai-p7","traffic jam","kẹt xe","noun","/ˈtræf.ɪk ˌdʒæm/","We were stuck in a traffic jam for nearly an hour.","Chúng tôi bị kẹt xe gần một tiếng đồng hồ."
"Part7_Topics","phuong-tien-di-lai-p7","transfer","chuyển tuyến","verb","/ˈtræns.fɚ/","You need to transfer at the central station to reach the airport.","Bạn cần chuyển tuyến ở ga trung tâm để đến sân bay."
"Part7_Topics","phuong-tien-di-lai-p7","vehicle","phương tiện di chuyển có động cơ","noun","/ˈviː.ə.kəl/","All vehicles must stop at the checkpoint.","Tất cả phương tiện phải dừng lại tại chốt kiểm tra."
"Part7_Topics","phuong-tien-di-lai-p7","vessel","tàu thuyền chở hàng hoặc hành khách","noun","/ˈves.əl/","The cargo vessel arrived at the port ahead of schedule.","Tàu chở hàng đến cảng sớm hơn dự kiến."
"Part7_Topics","du-lich-p7","accommodation","chỗ ở tạm thời khi du lịch","noun","/əˌkɑː.məˈdeɪ.ʃən/","The hotel offers luxury accommodation with ocean views.","Khách sạn cung cấp chỗ ở sang trọng với tầm nhìn ra biển."
"Part7_Topics","du-lich-p7","book","đặt trước","verb","/bʊk/","I booked a flight to Rome for next Friday.","Tôi đã đặt vé máy bay đến Rome cho thứ Sáu tới."
"Part7_Topics","du-lich-p7","cancellation","sự hủy bỏ kế hoạch đã đặt trước","noun","/ˌkæn.səlˈeɪ.ʃən/","We received a full refund after the cancellation of our flight.","Chúng tôi được hoàn tiền đầy đủ sau khi chuyến bay bị hủy."
"Part7_Topics","du-lich-p7","car rental","dịch vụ thuê xe ô tô","noun","/ˈkɑːr ˌren.t̬əl/","We arranged a car rental at the airport for our trip.","Chúng tôi đã sắp xếp thuê xe tại sân bay cho chuyến đi."
"Part7_Topics","du-lich-p7","check-in","thủ tục nhận phòng","noun","/ˈtʃek.ɪn/","Please complete the check-in process before 3 p.m.","Vui lòng hoàn tất thủ tục nhận phòng trước 3 giờ chiều."
"Part7_Topics","du-lich-p7","check out","trả phòng","verb","/tʃek aʊt/","Guests must check out by 11 a.m. on the day of departure.","Khách phải trả phòng trước 11 giờ sáng vào ngày rời đi."
"Part7_Topics","du-lich-p7","collect call","cuộc gọi người nhận trả tiền","noun","/kəˈlekt kɑːl/","He made a collect call to his office from the airport.","Anh ấy đã thực hiện cuộc gọi người nhận trả tiền từ sân bay về văn phòng."
"Part7_Topics","du-lich-p7","confirmation","xác nhận","noun","/ˌkɑːn.fɚˈmeɪ.ʃən/","I received an email confirmation for my hotel reservation.","Tôi đã nhận được email xác nhận cho đặt phòng khách sạn."
"Part7_Topics","du-lich-p7","courtesy","hành động lịch sự, dịch vụ miễn phí","noun","/ˈkɝː.t̬ə.si/","The hotel offers a courtesy shuttle to the train station.","Khách sạn cung cấp xe đưa đón miễn phí đến ga tàu."
"Part7_Topics","du-lich-p7","inn","nhà trọ nhỏ cho khách du lịch","noun","/ɪn/","We stayed at a cozy inn near the lake.","Chúng tôi ở tại một nhà trọ ấm cúng gần hồ."
"Part7_Topics","du-lich-p7","itinerary","lịch trình chuyến đi","noun","/aɪˈtɪn.ə.rer.i/","The travel agency sent us the final itinerary yesterday.","Công ty du lịch đã gửi cho chúng tôi lịch trình cuối cùng hôm qua."
"Part7_Topics","du-lich-p7","lodge","nhà nghỉ nhỏ gần thiên nhiên","noun","/lɑːdʒ/","We booked a mountain lodge for our weekend getaway.","Chúng tôi đã đặt một nhà nghỉ trên núi cho chuyến đi cuối tuần."
"Part7_Topics","du-lich-p7","long-distance call","cuộc gọi đường dài","noun","/ˌlɑːŋˈdɪs.təns kɔːl/","He made a long-distance call to his family overseas.","Anh ấy thực hiện cuộc gọi đường dài cho gia đình ở nước ngoài."
"Part7_Topics","du-lich-p7","make a reservation","đặt chỗ trước","verb phrase","/meɪk ə ˌrez.ɚˈveɪ.ʃən/","You should make a reservation in advance during the holiday season.","Bạn nên đặt chỗ trước vào mùa nghỉ lễ."
"Part7_Topics","du-lich-p7","reserve","đặt trước","verb","/rɪˈzɝːv/","I reserved a double room for two nights.","Tôi đã đặt trước một phòng đôi cho hai đêm."
"Part7_Topics","du-lich-p7","scenery","phong cảnh thiên nhiên đẹp","noun","/ˈsiː.nɚ.i/","The train ride offered breathtaking mountain scenery.","Chuyến tàu mang đến phong cảnh núi non ngoạn mục."
"Part7_Topics","du-lich-p7","telephone directory","danh bạ điện thoại","noun","/ˈtel.ə.foʊn dəˈrek.tɚ.i/","You can find local hotels in the telephone directory.","Bạn có thể tìm khách sạn địa phương trong danh bạ điện thoại."
"Part7_Topics","du-lich-p7","valid","hợp lệ, còn hiệu lực","adj","/ˈvæl.ɪd/","You must carry a valid passport when traveling abroad.","Bạn phải mang theo hộ chiếu hợp lệ khi đi nước ngoài."
"Part7_Topics","nha-hang-p7","appetizer","món khai vị","noun","/ˈæp.ə.taɪ.zɚ/","We ordered a salad and soup as appetizers.","Chúng tôi gọi món salad và súp làm món khai vị."
"Part7_Topics","nha-hang-p7","bill","hóa đơn","noun","/bɪl/","Could we have the bill, please?","Làm ơn cho chúng tôi xin hóa đơn."
"Part7_Topics","nha-hang-p7","cafeteria","quán ăn tự phục vụ","noun","/ˌkæf.əˈtɪr.i.ə/","The company cafeteria offers healthy lunch options.","Căng tin công ty cung cấp các lựa chọn bữa trưa lành mạnh."
"Part7_Topics","nha-hang-p7","chef","bếp trưởng","noun","/ʃef/","The chef prepared a five-course gourmet dinner.","Bếp trưởng đã chuẩn bị một bữa tối năm món cao cấp."
"Part7_Topics","nha-hang-p7","cuisine","ẩm thực","noun","/kwɪˈziːn/","Italian cuisine is known for its use of fresh herbs and olive oil.","Ẩm thực Ý nổi tiếng nhờ sử dụng thảo mộc tươi và dầu ô liu."
"Part7_Topics","nha-hang-p7","franchise","nhượng quyền thương hiệu","noun","/ˈfræn.tʃaɪz/","She opened a fast food franchise in the downtown area.","Cô ấy đã mở một cửa hàng nhượng quyền đồ ăn nhanh ở khu trung tâm."
"Part7_Topics","nha-hang-p7","recipe","công thức nấu ăn","noun","/ˈres.ə.pi/","The chef shared his secret recipe for chocolate cake.","Đầu bếp chia sẻ công thức bí mật cho món bánh sô-cô-la."
"Part7_Topics","nha-hang-p7","refreshments","đồ ăn/uống nhẹ","noun","/rɪˈfreʃ.mənts/","Light refreshments will be served after the meeting.","Đồ ăn nhẹ sẽ được phục vụ sau cuộc họp."
"Part7_Topics","nha-hang-p7","serving","khẩu phần","noun","/ˈsɝː.vɪŋ/","Each serving includes rice, vegetables, and grilled chicken.","Mỗi khẩu phần gồm cơm, rau và gà nướng."
"Part7_Topics","nha-hang-p7","vegetarian","ăn chay, không ăn thịt","adj","/ˌvedʒ.əˈter.i.ən/","The restaurant offers several vegetarian options on the menu.","Nhà hàng cung cấp nhiều món ăn chay trong thực đơn."
"Part7_Topics","nha-hang-p7","voucher","phiếu giảm giá","noun","/ˈvaʊ.tʃɚ/","We used a voucher to get a discount on our dinner.","Chúng tôi đã dùng phiếu giảm giá để được giảm giá cho bữa tối."
"Part7_Topics","dac-tinh-san-pham-p7","brand-new","mới toanh","adj","/ˌbrændˈnuː/","She just bought a brand-new laptop for work.","Cô ấy vừa mua một chiếc laptop mới toanh để làm việc."
"Part7_Topics","dac-tinh-san-pham-p7","built-in","tích hợp sẵn","adj","/ˌbɪltˈɪn/","The smartphone has a built-in GPS and camera.","Chiếc điện thoại có tích hợp GPS và camera sẵn."
"Part7_Topics","dac-tinh-san-pham-p7","convenient","tiện lợi, dễ sử dụng, tiết kiệm thời gian","adj","/kənˈviː.ni.ənt/","Online shopping is a convenient way to buy groceries.","Mua hàng trực tuyến là cách tiện lợi để mua thực phẩm."
"Part7_Topics","dac-tinh-san-pham-p7","cost-effective","hiệu quả về chi phí","adj","/ˌkɑːst.ɪˈfek.tɪv/","This solution is both cost-effective and environmentally friendly.","Giải pháp này vừa hiệu quả về chi phí vừa thân thiện với môi trường."
"Part7_Topics","dac-tinh-san-pham-p7","durable","bền chắc","adj","/ˈdʊr.ə.bəl/","This phone case is made from durable materials.","Ốp điện thoại này được làm từ vật liệu bền chắc."
"Part7_Topics","dac-tinh-san-pham-p7","enduring","lâu dài, bền vững","adj","/ɪnˈdʊr.ɪŋ/","Their brand has an enduring reputation for quality.","Thương hiệu của họ có danh tiếng lâu dài về chất lượng."
"Part7_Topics","dac-tinh-san-pham-p7","fragile","dễ vỡ","adj","/ˈfrædʒ.əl/","The package contains fragile items, please handle with care.","Gói hàng có chứa đồ dễ vỡ, vui lòng xử lý cẩn thận."
"Part7_Topics","dac-tinh-san-pham-p7","fuel-efficient","tiết kiệm nhiên liệu","adj","/ˈfjuː.əl ɪˌfɪʃ.ənt/","They developed a fuel-efficient engine for the new car model.","Họ đã phát triển động cơ tiết kiệm nhiên liệu cho mẫu xe mới."
"Part7_Topics","dac-tinh-san-pham-p7","lasting","bền lâu","adj","/ˈlæs.tɪŋ/","The product delivers lasting performance even under tough conditions.","Sản phẩm mang lại hiệu suất bền lâu ngay cả trong điều kiện khắc nghiệt."
"Part7_Topics","dac-tinh-san-pham-p7","permanent","lâu dài, vĩnh viễn","adj","/ˈpɝː.mə.nənt/","This ink provides a permanent mark that won’t fade over time.","Loại mực này tạo ra dấu vĩnh viễn không phai theo thời gian."
"Part7_Topics","dac-tinh-san-pham-p7","portable","dễ mang theo","adj","/ˈpɔːr.t̬ə.bəl/","This speaker is lightweight and highly portable.","Loa này nhẹ và rất dễ mang theo."
"Part7_Topics","dac-tinh-san-pham-p7","reliable","đáng tin cậy","adj","/rɪˈlaɪ.ə.bəl/","This car is known for being reliable and fuel-efficient.","Chiếc xe này nổi tiếng vì độ tin cậy và tiết kiệm nhiên liệu."
"Part7_Topics","dac-tinh-san-pham-p7","state-of-the-art","hiện đại nhất, công nghệ tiên tiến nhất","adj","/ˌsteɪt əv ði ˈɑːrt/","The lab is equipped with state-of-the-art medical equipment.","Phòng thí nghiệm được trang bị thiết bị y tế hiện đại nhất."
"Part7_Topics","dac-tinh-san-pham-p7","user-friendly","dễ sử dụng","adj","/ˌjuː.zɚˈfrend.li/","The software is user-friendly, even for beginners.","Phần mềm rất dễ sử dụng, ngay cả với người mới bắt đầu."
"Part7_Topics","dac-tinh-san-pham-p7","waterproof","chống nước","adj","/ˈwɑː.t̬ɚ.pruːf/","This watch is waterproof up to 50 meters.","Chiếc đồng hồ này chống nước đến độ sâu 50 mét."
"Part7_Topics","dac-tinh-san-pham-p7","transparent","trong suốt; minh bạch","adj","/trænˈsper.ənt/","The bottle is made of transparent plastic.","Chai được làm từ nhựa trong suốt."
"Part7_Topics","dich-vu-khach-hang-p7","authorized","được ủy quyền","adj","/ˈɑː.θɚ.aɪzd/","Only authorized personnel can access the customer database.","Chỉ những người được ủy quyền mới có thể truy cập cơ sở dữ liệu khách hàng."
"Part7_Topics","dich-vu-khach-hang-p7","claim","yêu cầu bồi thường","noun","/kleɪm/","You must file a claim within 30 days of the incident.","Bạn phải nộp yêu cầu bồi thường trong vòng 30 ngày sau sự cố."
"Part7_Topics","dich-vu-khach-hang-p7","compensation","khoản bồi thường","noun","/ˌkɑːm.pənˈseɪ.ʃən/","The airline offered compensation for the delayed flight.","Hãng hàng không đã đưa ra khoản bồi thường cho chuyến bay bị hoãn."
"Part7_Topics","dich-vu-khach-hang-p7","complaint","lời phàn nàn","noun","/kəmˈpleɪnt/","The manager responded promptly to the customer’s complaint.","Người quản lý đã phản hồi nhanh chóng lời phàn nàn của khách hàng."
"Part7_Topics","dich-vu-khach-hang-p7","customer service","dịch vụ khách hàng","noun","/ˈkʌs.tə.mɚ ˈsɝː.vɪs/","Good customer service can turn unhappy clients into loyal ones.","Dịch vụ khách hàng tốt có thể biến khách không hài lòng thành khách trung thành."
"Part7_Topics","dich-vu-khach-hang-p7","customized","tùy chỉnh theo yêu cầu cá nhân","adj","/ˈkʌs.tə.maɪzd/","We offer customized solutions based on each customer’s needs.","Chúng tôi cung cấp giải pháp tùy chỉnh dựa trên nhu cầu của từng khách hàng."
"Part7_Topics","dich-vu-khach-hang-p7","description","mô tả sản phẩm hoặc dịch vụ","noun","/dɪˈskrɪp.ʃən/","Please read the product description carefully before purchasing.","Vui lòng đọc kỹ phần mô tả sản phẩm trước khi mua."
"Part7_Topics","dich-vu-khach-hang-p7","expiration date","ngày hết hạn","noun","/ˌek.spəˈreɪ.ʃən deɪt/","Always check the expiration date before using any medication.","Luôn kiểm tra ngày hết hạn trước khi sử dụng bất kỳ loại thuốc nào."
"Part7_Topics","dich-vu-khach-hang-p7","guarantee","bảo hành","noun","/ˌɡer.ənˈtiː/","The product comes with a two-year guarantee.","Sản phẩm đi kèm với bảo hành hai năm."
"Part7_Topics","dich-vu-khach-hang-p7","inconvenience","sự bất tiện","noun","/ˌɪn.kənˈviː.ni.əns/","We apologize for any inconvenience caused by the delay.","Chúng tôi xin lỗi vì sự bất tiện do sự chậm trễ gây ra."
"Part7_Topics","dich-vu-khach-hang-p7","instructions","hướng dẫn sử dụng","noun","/ɪnˈstrʌk.ʃənz/","Follow the instructions carefully to assemble the product.","Làm theo hướng dẫn cẩn thận để lắp ráp sản phẩm."
"Part7_Topics","dich-vu-khach-hang-p7","label","nhãn sản phẩm","noun","/ˈleɪ.bəl/","Check the label for ingredients and allergy information.","Kiểm tra nhãn để biết thành phần và thông tin dị ứng."
"Part7_Topics","dich-vu-khach-hang-p7","manual","sách hướng dẫn","noun","/ˈmæn.ju.əl/","Please refer to the manual for troubleshooting tips.","Vui lòng tham khảo sách hướng dẫn để biết cách khắc phục sự cố."
"Part7_Topics","dich-vu-khach-hang-p7","patron","khách hàng quen","noun","/ˈpeɪ.trən/","The café offers discounts to regular patrons.","Quán cà phê cung cấp giảm giá cho khách quen."
"Part7_Topics","dich-vu-khach-hang-p7","questionnaire","bảng câu hỏi khảo sát","noun","/ˌkwes.tʃəˈner/","Please complete the customer satisfaction questionnaire.","Vui lòng hoàn thành bảng khảo sát sự hài lòng của khách hàng."
"Part7_Topics","dich-vu-khach-hang-p7","recall","thu hồi sản phẩm lỗi","noun","/ˈriː.kɑːl/","The company issued a recall for the defective chargers.","Công ty đã ban hành lệnh thu hồi bộ sạc bị lỗi."
"Part7_Topics","dich-vu-khach-hang-p7","refund","hoàn tiền","noun","/ˈriː.fʌnd/","Customers can request a refund within 14 days.","Khách hàng có thể yêu cầu hoàn tiền trong vòng 14 ngày."
"Part7_Topics","dich-vu-khach-hang-p7","repair","sửa chữa","noun","/rɪˈper/","The device is still under warranty and eligible for free repair.","Thiết bị vẫn còn trong thời gian bảo hành và đủ điều kiện sửa chữa miễn phí."
"Part7_Topics","dich-vu-khach-hang-p7","warranty","bảo hành","noun","/ˈwɔːr.ən.t̬i/","This appliance comes with a two-year warranty.","Thiết bị này đi kèm bảo hành hai năm."
"Part7_Topics","du-bao-thoi-tiet-p7","blizzard","trận bão tuyết mạnh","noun","/ˈblɪz.ɚd/","The airport was shut down due to a severe blizzard.","Sân bay đã bị đóng cửa do một trận bão tuyết nghiêm trọng."
"Part7_Topics","du-bao-thoi-tiet-p7","climate","khí hậu","noun","/ˈklaɪ.mət/","The region has a mild and humid climate year-round.","Khu vực này có khí hậu ôn hòa và ẩm quanh năm."
"Part7_Topics","du-bao-thoi-tiet-p7","drought","hạn hán","noun","/draʊt/","The country experienced its worst drought in 50 years.","Đất nước đã trải qua trận hạn hán tồi tệ nhất trong 50 năm."
"Part7_Topics","du-bao-thoi-tiet-p7","flood","lũ lụt","noun","/flʌd/","The flood damaged hundreds of homes in the low-lying areas.","Lũ lụt đã làm hư hại hàng trăm ngôi nhà ở vùng trũng."
"Part7_Topics","du-bao-thoi-tiet-p7","hail","mưa đá","noun","/heɪl/","The hail damaged crops and vehicles across the region.","Mưa đá đã gây hư hại mùa màng và xe cộ khắp khu vực."
"Part7_Topics","du-bao-thoi-tiet-p7","inclement","thời tiết khắc nghiệt","adj","/ɪnˈklem.ənt/","The outdoor concert was canceled due to inclement weather.","Buổi hòa nhạc ngoài trời đã bị hủy do thời tiết khắc nghiệt."
"Part7_Topics","du-bao-thoi-tiet-p7","overflow","tràn, vượt quá dung tích chứa","noun","/ˈoʊ.vɚ.floʊ/","The heavy rain caused the river to overflow its banks.","Mưa lớn khiến con sông tràn bờ."
"Part7_Topics","du-bao-thoi-tiet-p7","precipitation","lượng mưa","noun","/prɪˌsɪp.əˈteɪ.ʃən/","The forecast predicts heavy precipitation over the weekend.","Dự báo cho thấy lượng mưa lớn vào cuối tuần."
"Part7_Topics","du-bao-thoi-tiet-p7","rainfall","lượng mưa","noun","/ˈreɪn.fɑːl/","This year’s rainfall is much higher than average.","Lượng mưa năm nay cao hơn mức trung bình nhiều."
"Part7_Topics","du-bao-thoi-tiet-p7","shower","mưa rào","noun","/ˈʃaʊ.ɚ/","There will be light showers throughout the afternoon.","Chiều nay sẽ có các cơn mưa rào nhẹ."
"Part7_Topics","du-bao-thoi-tiet-p7","storm","cơn bão","noun","/stɔːrm/","The storm knocked out electricity in several neighborhoods.","Cơn bão đã làm mất điện ở nhiều khu dân cư."
"Part7_Topics","du-bao-thoi-tiet-p7","temperature","nhiệt độ","noun","/ˈtem.pɚ.ə.tʃɚ/","The temperature dropped sharply overnight.","Nhiệt độ đã giảm mạnh trong đêm."
"Part7_Topics","du-bao-thoi-tiet-p7","torrential","mưa xối xả","adj","/tɔːˈren.ʃəl/","Flights were delayed due to torrential rain.","Các chuyến bay bị hoãn vì mưa xối xả."
"Part7_Topics","du-bao-thoi-tiet-p7","weather","thời tiết","noun","/ˈweð.ɚ/","We had perfect weather during our vacation.","Chúng tôi có thời tiết tuyệt vời trong kỳ nghỉ."
"Part7_Topics","du-bao-thoi-tiet-p7","weather forecast","dự báo thời tiết","noun","/ˈweð.ɚ ˌfɔːr.kæst/","The weather forecast predicts rain all weekend.","Dự báo thời tiết dự đoán mưa cả cuối tuần."
"Part7_Topics","lich-trinh-p7","agenda","chương trình nghị sự","noun","/əˈdʒen.də/","The meeting agenda was sent to all participants in advance.","Chương trình họp đã được gửi trước cho tất cả người tham dự."
"Part7_Topics","lich-trinh-p7","call off","hủy bỏ","verb","/kɔːl ɔːf/","They had to call off the outdoor event due to bad weather.","Họ phải hủy sự kiện ngoài trời vì thời tiết xấu."
"Part7_Topics","lich-trinh-p7","cancellation","sự hủy bỏ","noun","/ˌkæn.səlˈeɪ.ʃən/","Flight cancellations affected hundreds of passengers.","Việc hủy chuyến bay đã ảnh hưởng đến hàng trăm hành khách."
"Part7_Topics","lich-trinh-p7","conference","hội nghị","noun","/ˈkɑːn.fɚ.əns/","She is attending a medical conference in New York this week.","Cô ấy đang tham dự một hội nghị y khoa ở New York tuần này."
"Part7_Topics","lich-trinh-p7","convention","đại hội, hội thảo tập hợp người cùng sở thích","noun","/kənˈven.ʃən/","Thousands of fans attended the annual comic convention.","Hàng ngàn người hâm mộ đã tham dự đại hội truyện tranh thường niên."
"Part7_Topics","lich-trinh-p7","enroll","ghi danh, đăng ký tham gia","verb","/ɪnˈroʊl/","Employees are encouraged to enroll in the leadership workshop.","Nhân viên được khuyến khích ghi danh vào hội thảo lãnh đạo."
"Part7_Topics","lich-trinh-p7","make arrangements","sắp xếp chuẩn bị cho sự kiện hoặc cuộc hẹn","verb phrase","/meɪk əˈreɪndʒ.mənts/","We need to make arrangements for next week’s conference.","Chúng tôi cần sắp xếp cho hội nghị tuần tới."
"Part7_Topics","lich-trinh-p7","meeting","cuộc họp","noun","/ˈmiː.t̬ɪŋ/","The manager scheduled a meeting with the sales team.","Người quản lý đã lên lịch họp với nhóm bán hàng."
"Part7_Topics","lich-trinh-p7","notification","thông báo","noun","/ˌnoʊ.t̬ə.fəˈkeɪ.ʃən/","You will receive a notification if the schedule changes.","Bạn sẽ nhận được thông báo nếu lịch trình thay đổi."
"Part7_Topics","lich-trinh-p7","registration","sự đăng ký","noun","/ˌredʒ.əˈstreɪ.ʃən/","Online registration is required to attend the workshop.","Đăng ký trực tuyến là bắt buộc để tham dự hội thảo."
"Part7_Topics","lich-trinh-p7","schedule","lịch trình","noun","/ˈskedʒ.uːl/","The manager reviewed the weekly schedule with the team.","Người quản lý đã xem lại lịch trình tuần với nhóm."
"Part7_Topics","lich-trinh-p7","seminar","hội thảo chuyên đề","noun","/ˈsem.ə.nɑːr/","The marketing team attended a seminar on customer trends.","Nhóm marketing đã tham dự một hội thảo về xu hướng khách hàng."
"Part7_Topics","lich-trinh-p7","speech","bài phát biểu","noun","/spiːtʃ/","The CEO gave a welcome speech at the annual meeting.","Giám đốc điều hành đã phát biểu chào mừng tại cuộc họp thường niên."
"Part7_Topics","lich-trinh-p7","tentative schedule","lịch trình dự kiến","noun phrase","/ˈten.t̬ə.t̬ɪv ˈskedʒ.uːl/","We’ve prepared a tentative schedule for the training program.","Chúng tôi đã chuẩn bị lịch trình dự kiến cho chương trình đào tạo."
"Part7_Topics","lich-trinh-p7","workshop","hội thảo thực hành","noun","/ˈwɝːk.ʃɑːp/","The company hosted a workshop on time management.","Công ty đã tổ chức một hội thảo về quản lý thời gian."
"Part7_Topics","cac-su-kien-p7","annual","hằng năm","adj","/ˈæn.ju.əl/","The company holds an annual conference every March.","Công ty tổ chức hội nghị thường niên vào tháng Ba hàng năm."
"Part7_Topics","cac-su-kien-p7","association","hiệp hội","noun","/əˌsoʊ.siˈeɪ.ʃən/","She is a member of the national marketing association.","Cô ấy là thành viên của hiệp hội marketing quốc gia."
"Part7_Topics","cac-su-kien-p7","attendance","sự tham dự, số người có mặt tại sự kiện","noun","/əˈten.dəns/","Conference attendance has increased significantly this year.","Số người tham dự hội nghị đã tăng đáng kể năm nay."
"Part7_Topics","cac-su-kien-p7","auditorium","khán phòng lớn tổ chức sự kiện","noun","/ˌɑː.dəˈtɔːr.i.əm/","The award ceremony will be held in the main auditorium.","Lễ trao giải sẽ được tổ chức tại khán phòng chính."
"Part7_Topics","cac-su-kien-p7","banquet","bữa tiệc lớn trang trọng","noun","/ˈbæŋ.kwɪt/","They hosted a formal banquet to celebrate the company’s anniversary.","Họ tổ chức một bữa tiệc trang trọng để kỷ niệm ngày thành lập công ty."
"Part7_Topics","cac-su-kien-p7","charity","từ thiện, hoạt động giúp đỡ người khó khăn","noun","/ˈtʃer.ə.t̬i/","The concert was organized to raise money for local charities.","Buổi hòa nhạc được tổ chức để gây quỹ cho các tổ chức từ thiện địa phương."
"Part7_Topics","cac-su-kien-p7","committee","ủy ban","noun","/kəˈmɪt̬.i/","The event planning committee met to finalize the agenda.","Ủy ban tổ chức sự kiện đã họp để chốt chương trình."
"Part7_Topics","cac-su-kien-p7","contribute","đóng góp","verb","/kənˈtrɪb.juːt/","Many employees contributed their time to help run the event.","Nhiều nhân viên đã đóng góp thời gian để giúp vận hành sự kiện."
"Part7_Topics","cac-su-kien-p7","donate","quyên góp","verb","/ˈdoʊ.neɪt/","They donated supplies for the charity fundraiser.","Họ đã quyên góp vật phẩm cho sự kiện gây quỹ từ thiện."
"Part7_Topics","cac-su-kien-p7","exhibit","triển lãm","noun","/ɪɡˈzɪb.ɪt/","The museum is hosting a new art exhibit this month.","Bảo tàng đang tổ chức một triển lãm nghệ thuật mới trong tháng này."
"Part7_Topics","cac-su-kien-p7","foundation","tổ chức từ thiện hỗ trợ xã hội, giáo dục, nghiên cứu","noun","/faʊnˈdeɪ.ʃən/","The foundation sponsors education programs in rural areas.","Tổ chức này tài trợ các chương trình giáo dục ở vùng nông thôn."
"Part7_Topics","cac-su-kien-p7","fundraising","gây quỹ","noun","/ˈfʌndˌreɪ.zɪŋ/","The fundraising event helped support local schools.","Sự kiện gây quỹ đã giúp hỗ trợ các trường học địa phương."
"Part7_Topics","cac-su-kien-p7","invitation","lời mời tham dự sự kiện","noun","/ˌɪn.vɪˈteɪ.ʃən/","I received an invitation to the annual award ceremony.","Tôi đã nhận được lời mời tham dự lễ trao giải thường niên."
"Part7_Topics","cac-su-kien-p7","keynote address","bài phát biểu chính","noun","/ˈkiː.noʊt əˈdres/","The keynote address focused on innovation in technology.","Bài phát biểu chính tập trung vào sự đổi mới trong công nghệ."
"Part7_Topics","cac-su-kien-p7","nominate","đề cử ai cho vị trí, giải thưởng hoặc vai trò","verb","/ˈnɑː.mə.neɪt/","They nominated her for Employee of the Year.","Họ đã đề cử cô ấy cho danh hiệu Nhân viên của Năm."
"Part7_Topics","cac-su-kien-p7","participant","người tham dự","noun","/pɑːrˈtɪs.ə.pənt/","Each participant will receive a certificate after the seminar.","Mỗi người tham dự sẽ nhận được chứng chỉ sau buổi hội thảo."
"Part7_Topics","cac-su-kien-p7","preside over a meeting","chủ trì cuộc họp","verb phrase","/prɪˈzaɪd ˈoʊ.vɚ ə ˈmiː.t̬ɪŋ/","The CEO will preside over the meeting this afternoon.","Giám đốc điều hành sẽ chủ trì cuộc họp chiều nay."
"Part7_Topics","cac-su-kien-p7","representative","người đại diện","noun","/ˌrep.rɪˈzen.t̬ə.t̬ɪv/","A company representative spoke at the industry convention.","Một đại diện công ty đã phát biểu tại hội thảo ngành."
"Part7_Topics","cac-su-kien-p7","session","phiên, buổi hoạt động cụ thể","noun","/ˈseʃ.ən/","The training session will begin at 2 p.m.","Buổi đào tạo sẽ bắt đầu lúc 2 giờ chiều."
"Part7_Topics","cac-su-kien-p7","turnout","số người tham dự","noun","/ˈtɝːn.aʊt/","There was a large turnout at the product launch.","Đã có rất đông người tham dự buổi ra mắt sản phẩm."
"Part7_Topics","cac-su-kien-p7","voluntary","tự nguyện","adj","/ˈvɑː.lən.ter.i/","Attendance at the workshop is voluntary, not mandatory.","Việc tham dự hội thảo là tự nguyện, không bắt buộc."
"Part7_Topics","cac-van-de-xa-hoi-p7","arbitration","giải quyết tranh chấp bằng trọng tài","noun","/ˌɑːr.bəˈtreɪ.ʃən/","The dispute was settled through arbitration instead of going to court.","Tranh chấp đã được giải quyết thông qua trọng tài thay vì ra tòa."
"Part7_Topics","cac-van-de-xa-hoi-p7","boycott","tẩy chay","verb","/ˈbɔɪ.kɑːt/","Activists called on the public to boycott the company’s products.","Các nhà hoạt động kêu gọi công chúng tẩy chay sản phẩm của công ty."
"Part7_Topics","cac-van-de-xa-hoi-p7","commit","cam kết hoặc thực hiện hành vi nào đó","verb","/kəˈmɪt/","The organization is committed to promoting social equality.","Tổ chức cam kết thúc đẩy bình đẳng xã hội."
"Part7_Topics","cac-van-de-xa-hoi-p7","controversial","gây tranh cãi","adj","/ˌkɑːn.trəˈvɝː.ʃəl/","The government passed a controversial law on internet regulation.","Chính phủ đã thông qua một luật gây tranh cãi về kiểm soát internet."
"Part7_Topics","cac-van-de-xa-hoi-p7","copyright","bản quyền","noun","/ˈkɑː.pi.raɪt/","The author owns the copyright to the book.","Tác giả sở hữu bản quyền cuốn sách."
"Part7_Topics","cac-van-de-xa-hoi-p7","counterfeit","giả mạo, hàng hóa hoặc tài liệu làm giả để lừa đảo","adj","/ˈkaʊn.t̬ɚ.fɪt/","The customs office seized thousands of counterfeit handbags.","Hải quan đã thu giữ hàng nghìn túi xách giả."
"Part7_Topics","cac-van-de-xa-hoi-p7","custody","quyền nuôi giữ hoặc tạm giam","noun","/ˈkʌs.tə.di/","The suspect remains in police custody for further investigation.","Nghi phạm vẫn đang bị tạm giam để phục vụ điều tra."
"Part7_Topics","cac-van-de-xa-hoi-p7","detention","sự giam giữ","noun","/dɪˈten.ʃən/","The protesters were held in detention overnight.","Những người biểu tình bị giam giữ qua đêm."
"Part7_Topics","cac-van-de-xa-hoi-p7","forfeit","bị tước quyền lợi hoặc tài sản do vi phạm","verb","/ˈfɔːr.fɪt/","He had to forfeit his license after multiple violations.","Anh ta bị tước giấy phép sau nhiều lần vi phạm."
"Part7_Topics","cac-van-de-xa-hoi-p7","forgery","sự làm giả giấy tờ, tài liệu để lừa đảo","noun","/ˈfɔːr.dʒɚ.i/","He was arrested for passport forgery.","Anh ta bị bắt vì làm giả hộ chiếu."
"Part7_Topics","cac-van-de-xa-hoi-p7","fraud","gian lận, lừa dối để chiếm đoạt tài sản hoặc lợi ích","noun","/frɑːd/","The company was involved in a major tax fraud case.","Công ty có liên quan đến một vụ gian lận thuế lớn."
"Part7_Topics","cac-van-de-xa-hoi-p7","illegal","bất hợp pháp","adj","/ɪˈliː.ɡəl/","It is illegal to download copyrighted content without permission.","Tải nội dung có bản quyền mà không có phép là bất hợp pháp."
"Part7_Topics","cac-van-de-xa-hoi-p7","indict","truy tố","verb","/ɪnˈdaɪt/","The executive was indicted for embezzlement and fraud.","Giám đốc điều hành bị truy tố vì biển thủ và gian lận."
"Part7_Topics","cac-van-de-xa-hoi-p7","infringement","sự vi phạm quyền hợp pháp","noun","/ɪnˈfrɪndʒ.mənt/","The company was sued for copyright infringement.","Công ty bị kiện vì vi phạm bản quyền."
"Part7_Topics","cac-van-de-xa-hoi-p7","litigation","kiện tụng","noun","/ˌlɪt̬.əˈɡeɪ.ʃən/","The firm specializes in commercial litigation.","Công ty chuyên về kiện tụng thương mại."
"Part7_Topics","cac-van-de-xa-hoi-p7","oblige","bắt buộc ai đó làm điều gì đó theo nghĩa vụ","verb","/əˈblaɪdʒ/","Employers are legally obliged to provide a safe working environment.","Người sử dụng lao động bị bắt buộc theo luật phải cung cấp môi trường làm việc an toàn."
"Part7_Topics","cac-van-de-xa-hoi-p7","ordinance","quy định chính thức của chính quyền","noun","/ˈɔːr.dən.əns/","The city council passed an ordinance restricting noise after 10 P.M.","Hội đồng thành phố đã thông qua một quy định hạn chế tiếng ồn sau 10 giờ tối."
"Part7_Topics","cac-van-de-xa-hoi-p7","patent","bằng sáng chế","noun","/ˈpæt.ənt/","The company holds a patent on the technology used in their solar panels.","Công ty nắm giữ bằng sáng chế cho công nghệ được sử dụng trong các tấm năng lượng mặt trời của họ."
"Part7_Topics","cac-van-de-xa-hoi-p7","plaintiff","nguyên đơn","noun","/ˈpleɪn.tɪf/","The plaintiff filed a lawsuit against the company for breach of contract.","Nguyên đơn đã đệ đơn kiện công ty vì vi phạm hợp đồng."
"Part7_Topics","cac-van-de-xa-hoi-p7","press conference","họp báo","noun","/ˈpres ˌkɑːn.fɚ.əns/","The mayor held a press conference to address the city's budget crisis.","Thị trưởng đã tổ chức họp báo để giải quyết khủng hoảng ngân sách của thành phố."
"Part7_Topics","cac-van-de-xa-hoi-p7","prosecutor","công tố viên","noun","/ˈprɑː.səˌkjuː.t̬ɚ/","The prosecutor presented evidence showing the defendant’s motive.","Công tố viên đã trình bày bằng chứng cho thấy động cơ của bị cáo."
"Part7_Topics","cac-van-de-xa-hoi-p7","provision","điều khoản trong hợp đồng hoặc chính sách","noun","/prəˈvɪʒ.ən/","The contract includes a provision requiring both parties to maintain confidentiality.","Hợp đồng bao gồm điều khoản yêu cầu cả hai bên giữ bí mật."
"Part7_Topics","cac-van-de-xa-hoi-p7","punishment","hình phạt","noun","/ˈpʌn.ɪʃ.mənt/","The judge imposed a harsh punishment for the repeated offense.","Thẩm phán đã đưa ra hình phạt nghiêm khắc cho hành vi vi phạm lặp lại."
"Part7_Topics","cac-van-de-xa-hoi-p7","settlement","sự dàn xếp tranh chấp ngoài tòa án","noun","/ˈset̬.əl.mənt/","The company reached a financial settlement with the former employee.","Công ty đã đạt được một thỏa thuận tài chính với cựu nhân viên."
"Part7_Topics","cac-van-de-xa-hoi-p7","strike","cuộc đình công","noun","/straɪk/","The workers organized a strike to demand better wages and benefits.","Người lao động tổ chức đình công để yêu cầu mức lương và phúc lợi tốt hơn."
"Part7_Topics","cac-van-de-xa-hoi-p7","violation","sự vi phạm luật pháp hoặc quy định","noun","/ˌvaɪ.əˈleɪ.ʃən/","The company was fined for a serious violation of safety regulations.","Công ty bị phạt vì vi phạm nghiêm trọng các quy định an toàn."
"Part7_Topics","tranh-luan-p7","accommodate","đáp ứng nhu cầu hoặc điều chỉnh cho phù hợp","verb","/əˈkɑː.mə.deɪt/","The manager modified the meeting time to accommodate everyone’s schedule.","Quản lý đã điều chỉnh thời gian họp để phù hợp với lịch trình của tất cả mọi người."
"Part7_Topics","tranh-luan-p7","approve","chấp thuận, đồng ý với kế hoạch hoặc đề xuất","verb","/əˈpruːv/","The board voted to approve the proposed budget changes.","Ban giám đốc đã bỏ phiếu thông qua các thay đổi ngân sách được đề xuất."
"Part7_Topics","tranh-luan-p7","argument","lập luận hoặc tranh luận để bảo vệ quan điểm","noun","/ˈɑːrɡ.jə.mənt/","During the debate, her argument was based on solid data.","Trong cuộc tranh luận, lập luận của cô ấy dựa trên dữ liệu vững chắc."
"Part7_Topics","tranh-luan-p7","assert","khẳng định mạnh mẽ","verb","/əˈsɝːt/","He asserted that the new law would harm small businesses.","Anh ấy khẳng định rằng luật mới sẽ gây hại cho các doanh nghiệp nhỏ."
"Part7_Topics","tranh-luan-p7","brainstorming","động não","noun","/ˈbreɪnˌstɔːr.mɪŋ/","The team held a brainstorming session to develop campaign strategies.","Nhóm đã tổ chức một buổi động não để phát triển chiến lược chiến dịch."
"Part7_Topics","tranh-luan-p7","briefing","buổi cung cấp thông tin ngắn gọn","noun","/ˈbriː.fɪŋ/","The manager gave a short briefing before the negotiation started.","Quản lý đã đưa ra một bản tóm tắt ngắn trước khi cuộc đàm phán bắt đầu."
"Part7_Topics","tranh-luan-p7","clash","cuộc mâu thuẫn hoặc tranh cãi dữ dội","noun","/klæʃ/","There was a clash between the two candidates during the debate.","Đã có một cuộc đối đầu giữa hai ứng viên trong cuộc tranh luận."
"Part7_Topics","tranh-luan-p7","concede","thừa nhận điều gì đó sau tranh luận","verb","/kənˈsiːd/","She conceded that the opposing argument was valid.","Cô ấy thừa nhận rằng lập luận đối lập là có giá trị."
"Part7_Topics","tranh-luan-p7","consent","sự đồng ý","noun","/kənˈsent/","The project cannot proceed without the consent of all stakeholders.","Dự án không thể tiếp tục nếu không có sự đồng thuận của tất cả các bên liên quan."
"Part7_Topics","tranh-luan-p7","deadlock","tình trạng bế tắc","noun","/ˈded.lɑːk/","Negotiations ended in a deadlock as neither side would compromise.","Cuộc đàm phán rơi vào bế tắc vì không bên nào chịu nhượng bộ."
"Part7_Topics","tranh-luan-p7","debate","cuộc tranh luận","noun","/dɪˈbeɪt/","The debate on climate policy lasted more than three hours.","Cuộc tranh luận về chính sách khí hậu kéo dài hơn ba giờ."
"Part7_Topics","tranh-luan-p7","disapprove","không tán thành, phản đối","verb","/ˌdɪs.əˈpruːv/","Many citizens disapprove of the new tax regulations.","Nhiều người dân không đồng tình với quy định thuế mới."
"Part7_Topics","tranh-luan-p7","discuss","thảo luận","verb","/dɪˈskʌs/","The committee will meet tomorrow to discuss the new policy proposal.","Ủy ban sẽ họp vào ngày mai để thảo luận đề xuất chính sách mới."
"Part7_Topics","tranh-luan-p7","negotiate","thương lượng để đạt thỏa thuận","verb","/nəˈɡoʊ.ʃi.eɪt/","They are negotiating a new contract with the supplier.","Họ đang thương lượng một hợp đồng mới với nhà cung cấp."
"Part7_Topics","tranh-luan-p7","object to","phản đối điều gì đó","verb","/əbˈdʒekt tuː/","Several residents objected to the construction of the new highway.","Một số cư dân đã phản đối việc xây dựng đường cao tốc mới."
"Part7_Topics","tranh-luan-p7","opposition","sự phản đối hoặc đối lập","noun","/ˌɑː.pəˈzɪʃ.ən/","There was strong opposition to the proposed changes in the education system.","Có sự phản đối mạnh mẽ đối với những thay đổi được đề xuất trong hệ thống giáo dục."
"Part7_Topics","tranh-luan-p7","persuade","thuyết phục","verb","/pɚˈsweɪd/","He persuaded the board to adopt his marketing strategy.","Anh ấy đã thuyết phục ban lãnh đạo áp dụng chiến lược tiếp thị của mình."
"Part7_Topics","tranh-luan-p7","presentation","bài thuyết trình","noun","/ˌprez.ənˈteɪ.ʃən/","His presentation on climate change was very informative.","Bài thuyết trình của anh ấy về biến đổi khí hậu rất giàu thông tin."
"Part7_Topics","tranh-luan-p7","proponent","người ủng hộ ý tưởng hoặc kế hoạch","noun","/prəˈpoʊ.nənt/","She is a strong proponent of environmental reforms.","Cô ấy là một người ủng hộ mạnh mẽ cải cách môi trường."
"Part7_Topics","tranh-luan-p7","proposal","đề xuất","noun","/prəˈpoʊ.zəl/","The manager reviewed the proposal before presenting it to the board.","Người quản lý đã xem xét đề xuất trước khi trình bày với ban giám đốc."
"Part7_Topics","tranh-luan-p7","refuse","từ chối","verb","/rɪˈfjuːz/","He refused to participate in the debate without proper moderation.","Anh ấy từ chối tham gia tranh luận nếu không có người điều phối phù hợp."
"Part7_Topics","tranh-luan-p7","unanimous","nhất trí hoàn toàn","adj","/juːˈnæn.ə.məs/","The board reached a unanimous decision to support the new policy.","Ban giám đốc đã nhất trí ủng hộ chính sách mới."
"Part7_Topics","tranh-luan-p7","withstand","chịu đựng, chống lại","verb","/wɪðˈstænd/","Her argument was strong enough to withstand criticism from the panel.","Lập luận của cô ấy đủ mạnh để chống lại sự chỉ trích từ hội đồng."
"Part7_Topics","goi-dien-thoai-p7","answer the phone","nhấc máy","verb","/ˈæn.sɚ ðə foʊn/","Please answer the phone if it rings while I’m out.","Vui lòng nhấc máy nếu điện thoại đổ chuông khi tôi đi vắng."
"Part7_Topics","goi-dien-thoai-p7","contact","liên hệ","verb","/ˈkɑːn.tækt/","You should contact customer service if the problem persists.","Bạn nên liên hệ với bộ phận chăm sóc khách hàng nếu vấn đề vẫn tiếp diễn."
"Part7_Topics","goi-dien-thoai-p7","disconnect","ngắt kết nối","verb","/ˌdɪs.kəˈnekt/","The call was suddenly disconnected due to a poor signal.","Cuộc gọi bị ngắt đột ngột do tín hiệu yếu."
"Part7_Topics","goi-dien-thoai-p7","extension","số máy nhánh","noun","/ɪkˈsten.ʃən/","To reach Mr. Lee, please dial extension 204.","Để gặp ông Lee, vui lòng quay số máy nhánh 204."
"Part7_Topics","goi-dien-thoai-p7","give a call","gọi điện cho ai đó","verb","/ɡɪv ə kɑːl/","I’ll give you a call once the meeting is over.","Tôi sẽ gọi cho bạn khi cuộc họp kết thúc."
"Part7_Topics","goi-dien-thoai-p7","hang up","cúp máy","verb","/hæŋ ʌp/","He hung up before I could finish what I was saying.","Anh ấy đã cúp máy trước khi tôi kịp nói xong."
"Part7_Topics","goi-dien-thoai-p7","leave a message","để lại lời nhắn","verb","/liːv ə ˈmes.ɪdʒ/","You can leave a message after the beep.","Bạn có thể để lại lời nhắn sau tiếng bíp."
"Part7_Topics","goi-dien-thoai-p7","pick up the phone","nhấc máy trả lời cuộc gọi","verb","/pɪk ʌp ðə foʊn/","I called several times but no one picked up the phone.","Tôi đã gọi nhiều lần nhưng không ai nhấc máy."
"Part7_Topics","goi-dien-thoai-p7","return one’s call","gọi lại cho ai đó","verb","/rɪˈtɝːn wʌnz kɑːl/","I’ll return your call as soon as I finish this meeting.","Tôi sẽ gọi lại cho bạn ngay khi cuộc họp này kết thúc."
"Part7_Topics","goi-dien-thoai-p7","take a message","ghi lại lời nhắn","verb","/teɪk ə ˈmes.ɪdʒ/","I'm sorry, Mr. Kim is out. Would you like me to take a message?","Xin lỗi, ông Kim hiện không có mặt. Bạn có muốn tôi ghi lại lời nhắn không?"
"Part7_Topics","goi-dien-thoai-p7","voicemail","tin nhắn thoại","noun","/ˈvɔɪs.meɪl/","I left you a voicemail about the meeting schedule.","Tôi đã để lại tin nhắn thoại cho bạn về lịch họp."
"Part7_Topics","phat-thanh-va-xuat-ban-p7","archive","nơi lưu trữ tài liệu quý giá","noun","/ˈɑːr.kaɪv/","The interviews are stored in the national archive for future research.","Các cuộc phỏng vấn được lưu trữ trong kho lưu trữ quốc gia để phục vụ nghiên cứu sau này."
"Part7_Topics","phat-thanh-va-xuat-ban-p7","authorship","quyền tác giả","noun","/ˈɑː.θɚ.ʃɪp/","There was a dispute over the authorship of the novel.","Đã có tranh chấp về quyền tác giả của cuốn tiểu thuyết."
"Part7_Topics","phat-thanh-va-xuat-ban-p7","biography","tiểu sử","noun","/baɪˈɑː.ɡrə.fi/","She wrote a detailed biography of the famous radio host.","Cô ấy đã viết một tiểu sử chi tiết về người dẫn chương trình phát thanh nổi tiếng."
"Part7_Topics","phat-thanh-va-xuat-ban-p7","biweekly","hai tuần một lần","adj","/ˌbaɪˈwiːk.li/","The magazine is published on a biweekly basis.","Tạp chí được xuất bản hai tuần một lần."
"Part7_Topics","phat-thanh-va-xuat-ban-p7","broadcast","truyền phát nội dung","verb","/ˈbrɑːd.kæst/","The program will be broadcast live on national television.","Chương trình sẽ được phát trực tiếp trên truyền hình quốc gia."
"Part7_Topics","phat-thanh-va-xuat-ban-p7","censorship","kiểm duyệt nội dung truyền thông","noun","/ˈsen.sɚ.ʃɪp/","The film was banned due to strict government censorship.","Bộ phim bị cấm do kiểm duyệt nghiêm ngặt từ chính phủ."
"Part7_Topics","phat-thanh-va-xuat-ban-p7","commercial","quảng cáo trên truyền thông","noun","/kəˈmɝː.ʃəl/","The radio station played a commercial before the news segment.","Đài phát thanh đã phát một đoạn quảng cáo trước bản tin."
"Part7_Topics","phat-thanh-va-xuat-ban-p7","coverage","việc đưa tin truyền thông","noun","/ˈkʌv.ɚ.ɪdʒ/","The media coverage of the election was extensive.","Việc đưa tin truyền thông về cuộc bầu cử là rất rộng rãi."
"Part7_Topics","phat-thanh-va-xuat-ban-p7","edition","phiên bản ấn phẩm","noun","/ɪˈdɪʃ.ən/","The morning edition of the newspaper featured an exclusive interview.","Ấn bản buổi sáng của tờ báo có đăng một cuộc phỏng vấn độc quyền."
"Part7_Topics","phat-thanh-va-xuat-ban-p7","exclusive","độc quyền","noun","/ɪkˈskluː.sɪv/","The magazine published an exclusive about the celebrity wedding.","Tạp chí đã đăng tải một bài viết độc quyền về đám cưới của người nổi tiếng."
"Part7_Topics","phat-thanh-va-xuat-ban-p7","issue","số phát hành","noun","/ˈɪʃ.uː/","The current issue of the journal focuses on media ethics.","Số báo hiện tại của tạp chí tập trung vào đạo đức truyền thông."
"Part7_Topics","phat-thanh-va-xuat-ban-p7","newsletter","bản tin định kỳ gửi cho người đăng ký","noun","/ˈnuːzˌlet̬.ɚ/","The company sends out a monthly newsletter to its subscribers.","Công ty gửi bản tin hàng tháng đến những người đăng ký."
"Part7_Topics","phat-thanh-va-xuat-ban-p7","periodical","ấn phẩm xuất bản định kỳ","noun","/ˌpɪr.iˈɑː.dɪ.kəl/","She submitted her article to a well-known academic periodical.","Cô ấy đã gửi bài viết của mình cho một tạp chí học thuật nổi tiếng."
"Part7_Topics","phat-thanh-va-xuat-ban-p7","press","báo chí","noun","/pres/","The minister made a statement to the press after the meeting.","Bộ trưởng đã phát biểu với báo chí sau cuộc họp."
"Part7_Topics","phat-thanh-va-xuat-ban-p7","publication","việc xuất bản hoặc tài liệu đã xuất bản","noun","/ˌpʌb.ləˈkeɪ.ʃən/","Her new book is scheduled for publication next month.","Cuốn sách mới của cô ấy dự kiến sẽ được xuất bản vào tháng tới."
"Part7_Topics","phat-thanh-va-xuat-ban-p7","quarterly","hàng quý","adj","/ˈkwɔːr.tɚ.li/","The organization publishes a quarterly report on media trends.","Tổ chức này xuất bản báo cáo hàng quý về xu hướng truyền thông."
"Part7_Topics","phat-thanh-va-xuat-ban-p7","release","việc phát hành nội dung","noun","/rɪˈliːs/","The press release announced the launch of a new broadcasting service.","Thông cáo báo chí công bố dịch vụ phát sóng mới."
"Part7_Topics","phat-thanh-va-xuat-ban-p7","satellite","vệ tinh truyền thông quanh Trái Đất","noun","/ˈsæt̬.əl.aɪt/","The program is broadcast globally via satellite.","Chương trình được phát sóng toàn cầu qua vệ tinh."
"Part7_Topics","phat-thanh-va-xuat-ban-p7","subscription","đăng ký nhận định kỳ","noun","/səbˈskrɪp.ʃən/","You can cancel your subscription to the digital magazine at any time.","Bạn có thể hủy đăng ký tạp chí điện tử bất kỳ lúc nào."
"Part7_Topics","doi-song-ca-nhan-p7","apologize","xin lỗi","verb","/əˈpɑː.lə.dʒaɪz/","He apologized for being late to the dinner.","Anh ấy đã xin lỗi vì đến trễ buổi tối."
"Part7_Topics","doi-song-ca-nhan-p7","apparel","quần áo","noun","/əˈper.əl/","The store specializes in sports apparel for both men and women.","Cửa hàng chuyên bán quần áo thể thao cho cả nam và nữ."
"Part7_Topics","doi-song-ca-nhan-p7","appreciate","biết ơn, cảm kích hoặc đánh giá cao điều gì đó","verb","/əˈpriː.ʃi.eɪt/","I really appreciate your help with moving last weekend.","Tôi thật sự cảm kích vì sự giúp đỡ của bạn cuối tuần trước."
"Part7_Topics","doi-song-ca-nhan-p7","attire","trang phục","noun","/əˈtaɪr/","Guests are expected to wear formal attire to the wedding.","Khách được yêu cầu mặc trang phục trang trọng đến đám cưới."
"Part7_Topics","doi-song-ca-nhan-p7","complimentary","được tặng miễn phí","adj","/ˌkɑːm.pləˈmen.t̬ɚ.i/","All guests received complimentary drinks upon arrival.","Tất cả khách được tặng đồ uống miễn phí khi đến."
"Part7_Topics","doi-song-ca-nhan-p7","dietary","liên quan đến chế độ ăn uống","adj","/ˈdaɪ.ə.ter.i/","Please inform us of any dietary restrictions before the event.","Vui lòng cho chúng tôi biết bất kỳ hạn chế ăn uống nào trước sự kiện."
"Part7_Topics","doi-song-ca-nhan-p7","disappointed","thất vọng","adj","/ˌdɪs.əˈpɔɪn.t̬ɪd/","She was disappointed when the event was canceled.","Cô ấy đã thất vọng khi sự kiện bị hủy."
"Part7_Topics","doi-song-ca-nhan-p7","favorable","thuận lợi, tích cực","adj","/ˈfeɪ.vər.ə.bəl/","The new policy received a favorable response from the public.","Chính sách mới nhận được phản hồi tích cực từ công chúng."
"Part7_Topics","doi-song-ca-nhan-p7","household","hộ gia đình","noun","/ˈhaʊs.hoʊld/","Each household must complete the annual census form.","Mỗi hộ gia đình phải hoàn thành mẫu điều tra dân số hàng năm."
"Part7_Topics","doi-song-ca-nhan-p7","personal belongings","đồ đạc cá nhân","noun","/ˈpɝː.sən.əl bɪˈlɑːŋ.ɪŋz/","Please do not leave personal belongings unattended.","Vui lòng không để đồ đạc cá nhân mà không trông coi."
"Part7_Topics","doi-song-ca-nhan-p7","preferable","được ưa thích hơn","adj","/ˈpref.ər.ə.bəl/","Morning flights are preferable for business travelers.","Các chuyến bay buổi sáng được ưa chuộng hơn đối với người đi công tác."
"Part7_Topics","doi-song-ca-nhan-p7","reluctant","miễn cưỡng, do dự làm gì đó","adj","/rɪˈlʌk.tənt/","She was reluctant to share personal details with strangers.","Cô ấy miễn cưỡng chia sẻ thông tin cá nhân với người lạ."
"Part7_Topics","doi-song-ca-nhan-p7","utility","dịch vụ tiện ích","noun","/juːˈtɪl.ə.t̬i/","The rent includes all utilities such as electricity and water.","Tiền thuê nhà bao gồm tất cả các tiện ích như điện và nước."
