"Category","Album","Word","Meaning","PartOfSpeech","Pronunciation","Example_English","Example_Vietnamese"
"30_Days_TOEIC","RL1","hold","cầm nắm vật gì đó bằng tay","verb","/hoʊld/","She held the microphone close to her mouth during the speech.","Cô ấy cầm micro sát miệng trong suốt bài phát biểu."
"30_Days_TOEIC","RL1","arrange","sắp xếp","verb","/əˈreɪndʒ/","The assistant arranged chairs in a circle for the discussion.","Trợ lý đã sắp xếp các ghế thành vòng tròn cho buổi thảo luận."
"30_Days_TOEIC","RL1","arrangement","sự sắp xếp, kế hoạch tổ chức","noun","/əˈreɪndʒ.mənt/","All travel arrangements have been confirmed by the agent.","Tất cả các sắp xếp đi lại đã được đại lý xác nhận."
"30_Days_TOEIC","RL1","rearrange","sắp xếp lại","verb","/ˌriː.əˈreɪndʒ/","He had to rearrange the books to fit them all on one shelf.","Anh ấy phải sắp xếp lại sách để chúng vừa khít trên một giá."
"30_Days_TOEIC","RL1","pass","đi qua","verb","/pæs/","A train is passing through the tunnel right now.","Một đoàn tàu đang đi qua đường hầm ngay lúc này."
"30_Days_TOEIC","RL1","pass","đưa cho người khác","verb","/pæs/","Please pass me the folder on your left.","Làm ơn đưa cho tôi tập tài liệu bên tay trái bạn."
"30_Days_TOEIC","RL1","passage","hành lang hoặc lối đi","noun","/ˈpæs.ɪdʒ/","The emergency exit is located at the end of the passage.","Lối thoát hiểm nằm ở cuối hành lang."
"30_Days_TOEIC","RL1","hand","đưa cho","verb","/hænd/","He handed the documents to the receptionist.","Anh ấy đã đưa tài liệu cho lễ tân."
"30_Days_TOEIC","RL1","reach","vươn tới, chạm vào hoặc lấy thứ gì đó","verb","/riːtʃ/","He reached into his bag to find his keys.","Anh ấy thò tay vào túi để tìm chìa khóa."
"30_Days_TOEIC","RL1","reach","đạt được","verb","/riːtʃ/","The team reached a conclusion after hours of discussion.","Nhóm đã đi đến kết luận sau nhiều giờ thảo luận."
"30_Days_TOEIC","RL1","adjust","điều chỉnh","verb","/əˈdʒʌst/","He adjusted the microphone before beginning his speech.","Anh ấy điều chỉnh micro trước khi bắt đầu bài phát biểu."
"30_Days_TOEIC","RL1","adjustment","sự điều chỉnh nhỏ","noun","/əˈdʒʌst.mənt/","The machine needed only a minor adjustment to work perfectly.","Máy chỉ cần một điều chỉnh nhỏ để hoạt động hoàn hảo."
"30_Days_TOEIC","RL1","adjustable","có thể điều chỉnh","adj","/əˈdʒʌ.stə.bəl/","This office chair has an adjustable backrest for better support.","Chiếc ghế văn phòng này có tựa lưng có thể điều chỉnh để hỗ trợ tốt hơn."
"30_Days_TOEIC","RL1","point","chỉ vào hoặc hướng sự chú ý đến ai đó, vật gì đó","verb","/pɔɪnt/","The presenter is pointing to a chart to explain the data.","Người thuyết trình đang chỉ vào biểu đồ để giải thích dữ liệu."
"30_Days_TOEIC","RL1","load","chất hàng lên","verb","/loʊd/","Workers are loading boxes onto the delivery truck.","Công nhân đang chất các thùng hàng lên xe giao hàng."
"30_Days_TOEIC","RL1","unload","dỡ hàng","verb","/ʌnˈloʊd/","They are unloading supplies from the back of the truck.","Họ đang dỡ hàng tiếp tế từ phía sau xe tải."
"30_Days_TOEIC","RL1","occupied","đang được sử dụng","adj","/ˈɑː.kjə.paɪd/","All the meeting rooms are currently occupied.","Tất cả phòng họp hiện đang có người sử dụng."
"30_Days_TOEIC","RL1","occupy","chiếm giữ hoặc sử dụng một vị trí","verb","/ˈɑː.kjə.paɪ/","Tenants occupy all apartments in the building.","Người thuê đã chiếm hết các căn hộ trong tòa nhà."
"30_Days_TOEIC","RL1","unoccupied","trống, không có người sử dụng","adj","/ˌʌnˈɑː.kjə.paɪd/","There are several unoccupied chairs near the entrance.","Có vài chiếc ghế trống gần lối vào."
"30_Days_TOEIC","RL1","empty","trống rỗng","adj","/ˈemp.ti/","The chairs near the front row were empty.","Những chiếc ghế ở hàng ghế đầu thì trống."
"30_Days_TOEIC","RL1","bend","cúi hoặc cong người","verb","/bend/","The worker bent over to pick up the heavy toolbox.","Người công nhân cúi xuống để nhặt hộp dụng cụ nặng."
"30_Days_TOEIC","RL1","lean","nghiêng, tựa vào","verb","/liːn/","The man is leaning against the railing while making a phone call.","Người đàn ông đang tựa vào lan can khi gọi điện thoại."
"30_Days_TOEIC","RL1","park","đậu xe","verb","/pɑːrk/","The delivery van is parked in front of the store.","Chiếc xe giao hàng đang đậu trước cửa hàng."
"30_Days_TOEIC","RL1","park","công viên","noun","/pɑːrk/","They had lunch together in a park near the office.","Họ đã ăn trưa cùng nhau ở một công viên gần văn phòng."
"30_Days_TOEIC","RL1","throw away","vứt bỏ","verb","/θroʊ əˈweɪ/","He threw away all the expired documents from the drawer.","Anh ấy đã vứt hết các tài liệu hết hạn trong ngăn kéo."
"30_Days_TOEIC","RL1","pack","xếp đồ vào túi hoặc vali","verb","/pæk/","She packed her suitcase the night before the business trip.","Cô ấy đã sắp xếp hành lý vào tối trước chuyến công tác."
"30_Days_TOEIC","RL1","package","gói hàng","noun","/ˈpæk.ɪdʒ/","The customer opened the package right after delivery.","Khách hàng mở gói hàng ngay sau khi nhận."
"30_Days_TOEIC","RL1","packaging","vật liệu đóng gói","noun","/ˈpæk.ɪ.dʒɪŋ/","The company invested in more eco-friendly packaging.","Công ty đã đầu tư vào vật liệu đóng gói thân thiện với môi trường hơn."
"30_Days_TOEIC","RL1","unpack","mở hộp, lấy đồ ra","verb","/ʌnˈpæk/","They are unpacking the new monitors for installation.","Họ đang mở hộp các màn hình mới để lắp đặt."
"30_Days_TOEIC","RL1","overlook","nhìn ra từ trên cao","verb","/ˌoʊ.vɚˈlʊk/","The apartment balcony overlooks the central park.","Ban công căn hộ nhìn ra công viên trung tâm."
"30_Days_TOEIC","RL1","overlook","bỏ sót, không chú ý đến","verb","/ˌoʊ.vɚˈlʊk/","The manager overlooked a key error in the test results.","Quản lý đã bỏ sót một lỗi quan trọng trong kết quả kiểm tra."
"30_Days_TOEIC","RL1","aisle","lối đi giữa các hàng ghế hoặc kệ","noun","/aɪl/","An attendant is walking quickly down the airplane aisle.","Một tiếp viên đang đi nhanh dọc theo lối đi trên máy bay."
"30_Days_TOEIC","RL1","fill","làm đầy","verb","/fɪl/","She is filling up a cup with water.","Cô ấy đang rót đầy nước vào cốc."
"30_Days_TOEIC","RL1","inspect","kiểm tra kỹ lưỡng","verb","/ɪnˈspekt/","A mechanic is inspecting the engine for any damage.","Một thợ máy đang kiểm tra động cơ để tìm hư hại."
"30_Days_TOEIC","RL1","inspection","kiểm tra","noun","/ɪnˈspek.ʃən/","The facility undergoes regular safety inspections.","Cơ sở này trải qua các cuộc kiểm tra an toàn định kỳ."
"30_Days_TOEIC","RL1","inspector","người kiểm tra","noun","/ɪnˈspek.tɚ/","A government inspector visited the site this morning.","Một thanh tra chính phủ đã đến kiểm tra công trình sáng nay."
"30_Days_TOEIC","RL1","trim","cắt tỉa","verb","/trɪm/","Gardeners are trimming the hedges near the walkway.","Những người làm vườn đang tỉa hàng rào cây gần lối đi."
"30_Days_TOEIC","RL1","pave","lát đường","verb","/peɪv/","The road through the forest has been paved recently.","Con đường xuyên qua khu rừng đã được lát gần đây."
"30_Days_TOEIC","RL1","pavement","vỉa hè","noun","/ˈpeɪv.mənt/","He slipped on the wet pavement after the rain.","Anh ấy trượt trên vỉa hè ướt sau cơn mưa."
"30_Days_TOEIC","RL1","repave","lát lại đường","verb","/ˌriːˈpeɪv/","They plan to repave a street near the post office.","Họ dự định lát lại một con đường gần bưu điện."
"30_Days_TOEIC","RL1","surface","lát bề mặt","verb","/ˈsɝː.fɪs/","They’re surfacing the new road with asphalt.","Họ đang lát mặt đường mới bằng nhựa đường."
"30_Days_TOEIC","RL1","assemble","tập hợp hoặc lắp ráp","verb","/əˈsem.bəl/","The women are assembling a desk in the office.","Những người phụ nữ đang lắp ráp một chiếc bàn trong văn phòng."
"30_Days_TOEIC","RL1","assembly","sự tập hợp hoặc lắp ráp","noun","/əˈsem.bli/","There was a fire drill during the morning assembly.","Có một buổi diễn tập chữa cháy trong lúc tập hợp buổi sáng."
"30_Days_TOEIC","RL1","gather","tập hợp, tụ tập lại","verb","/ˈɡæð.ɚ/","Visitors are gathering near the entrance for the factory tour.","Khách đang tập trung gần lối vào để tham quan nhà máy."
"30_Days_TOEIC","RL1","sail","di chuyển trên nước bằng buồm","verb","/seɪl/","Several boats are sailing smoothly across the lake.","Một vài chiếc thuyền đang lướt nhẹ qua mặt hồ."
"30_Days_TOEIC","RL1","sail","buồm","noun","/seɪl/","A large white sail has been raised on the main mast.","Một cánh buồm trắng lớn đã được kéo lên cột buồm chính."
"30_Days_TOEIC","RL1","sailboat","thuyền buồm","noun","/ˈseɪl.boʊt/","A sailboat is gliding peacefully on the river.","Một chiếc thuyền buồm đang lướt êm trên dòng sông."
"30_Days_TOEIC","RL1","mow","cắt cỏ","verb","/moʊ/","He’s mowing the grass between the trees in the park.","Anh ấy đang cắt cỏ giữa các hàng cây trong công viên."
"30_Days_TOEIC","RL1","mower","máy cắt cỏ","noun","/ˈmoʊ.ɚ/","He’s pushing a lawn mower across the yard.","Anh ấy đang đẩy máy cắt cỏ trên bãi cỏ."
"30_Days_TOEIC","RL1","copy","sao chép","verb","/ˈkɑː.pi/","One woman is copying a document using the machine.","Một người phụ nữ đang sao chép tài liệu bằng máy."
"30_Days_TOEIC","RL1","copier","máy photocopy","noun","/ˈkɑː.pi.ɚ/","He’s using a photocopier to duplicate the documents.","Anh ấy đang dùng máy photocopy để sao chép tài liệu."
"30_Days_TOEIC","RL1","perform","thực hiện, biểu diễn","verb","/pɚˈfɔːrm/","Artists are performing under a large tent in the plaza.","Các nghệ sĩ đang biểu diễn dưới một chiếc lều lớn ở quảng trường."
"30_Days_TOEIC","RL1","performance","buổi biểu diễn hoặc thực hiện nhiệm vụ","noun","/pɚˈfɔːr.məns/","The evening performance attracted a large audience.","Buổi biểu diễn tối đã thu hút đông đảo khán giả."
"30_Days_TOEIC","RL1","performer","người trình diễn","noun","/pɚˈfɔːr.mɚ/","People are lined up to watch a street performer downtown.","Mọi người đang xếp hàng xem một nghệ sĩ đường phố ở trung tâm thành phố."
"30_Days_TOEIC","RL1","transport","vận chuyển","verb","/ˈtræn.spɔːrt/","A ferry is transporting people across a river.","Một chiếc phà đang chở người qua sông."
"30_Days_TOEIC","RL1","transportation","vận chuyển","noun","/ˌtræn.spɚˈteɪ.ʃən/","Transportation is provided for all employees working night shifts.","Có phương tiện đưa đón cho tất cả nhân viên làm ca đêm."
"30_Days_TOEIC","RL1","move","di chuyển","verb","/muːv/","They are moving chairs to prepare for the event.","Họ đang di chuyển ghế để chuẩn bị cho sự kiện."
"30_Days_TOEIC","RL1","carry","mang, vác vật gì đó","verb","/ˈker.i/","The delivery man is carrying a box to the front door.","Người giao hàng đang mang hộp đến cửa trước."
"30_Days_TOEIC","RL1","shop","mua sắm","verb","/ʃɑːp/","A woman is shopping in an outdoor market.","Một người phụ nữ đang mua sắm ở chợ ngoài trời."
"30_Days_TOEIC","RL1","shopping","mua sắm","noun","/ˈʃɑː.pɪŋ/","He put all the groceries into the shopping cart.","Anh ấy đặt tất cả thực phẩm vào xe đẩy mua hàng."
"30_Days_TOEIC","RL1","shopper","người mua sắm","noun","/ˈʃɑː.pɚ/","Shoppers are browsing items at the outdoor stalls.","Người mua sắm đang xem hàng ở các quầy ngoài trời."
"30_Days_TOEIC","RL1","shopkeeper","chủ cửa hàng","noun","/ˈʃɑːpˌkiː.pɚ/","The shopkeeper welcomed each customer with a smile.","Người chủ cửa hàng chào đón từng khách hàng với nụ cười."
"30_Days_TOEIC","RL1","pour","rót hoặc đổ chất lỏng","verb","/pɔːr/","A woman is pouring water into a cup.","Một người phụ nữ đang rót nước vào cốc."
"30_Days_TOEIC","RL1","shade","bóng râm","noun","/ʃeɪd/","All of the tables are in the shade near the building.","Tất cả các bàn đều ở trong bóng râm gần tòa nhà."
"30_Days_TOEIC","RL1","shade","rèm che cửa sổ","noun","/ʃeɪd/","The woman is lowering a window shade to block the sunlight.","Người phụ nữ đang hạ rèm cửa để chắn ánh nắng."
"30_Days_TOEIC","RL1","shade","che bóng","verb","/ʃeɪd/","Some tables are shaded by large patio umbrellas.","Một số bàn được che bóng bởi ô lớn ngoài trời."
"30_Days_TOEIC","RL1","surround","bao quanh","verb","/səˈraʊnd/","Flowers surround the woman as she walks through the garden.","Hoa bao quanh người phụ nữ khi cô ấy đi trong khu vườn."
"30_Days_TOEIC","RL1","tow","kéo một phương tiện hoặc vật gì đó","verb","/toʊ/","The sailboat is being towed through the water by another vessel.","Chiếc thuyền buồm đang được kéo qua mặt nước bởi một tàu khác."
"30_Days_TOEIC","RL1","tow truck","xe kéo","noun","/ˈtoʊ ˌtrʌk/","A tow truck arrived to remove the parked car.","Một xe kéo đã đến để kéo chiếc xe đang đỗ."
"30_Days_TOEIC","RL1","wear","mặc, đội, đeo đồ trên người","verb","/wer/","Some of the spectators are wearing hats.","Một số khán giả đang đội mũ."
"30_Days_TOEIC","RL1","take off","cởi bỏ, tháo ra","verb","/teɪk ɔːf/","He took off his hat as he entered the room.","Anh ấy cởi mũ khi bước vào phòng."
"30_Days_TOEIC","RL1","rake","cào lá hoặc gom lại bằng dụng cụ có răng","verb","/reɪk/","Leaves have been raked into piles near the trees.","Lá cây đã được cào thành từng đống gần các gốc cây."
"30_Days_TOEIC","RL1","place","đặt hoặc để vật ở vị trí cụ thể","verb","/pleɪs/","They're placing books on a table for display.","Họ đang đặt sách lên bàn để trưng bày."
"30_Days_TOEIC","RL1","face","đối mặt","verb","/feɪs/","They are facing each other across the table.","Họ đang đối mặt với nhau qua chiếc bàn."
"30_Days_TOEIC","RL1","line","xếp thành hàng","verb","/laɪn/","Pieces of luggage are lined up on the pavement.","Hành lý được xếp thành hàng trên vỉa hè."
"30_Days_TOEIC","RL1","line","hàng, dãy người hoặc vật sắp theo thứ tự","noun","/laɪn/","Customers are waiting in line outside the store.","Khách hàng đang xếp hàng bên ngoài cửa hàng."
"30_Days_TOEIC","RL1","line","đường dây hoặc dòng sản phẩm","noun","/laɪn/","Our lines are busy today, please hold for the next available agent.","Đường dây của chúng tôi hiện đang bận, vui lòng chờ nhân viên tiếp theo."
"30_Days_TOEIC","RL1","plug in","cắm điện","verb","/plʌɡ ɪn/","She’s plugging in a machine near the wall.","Cô ấy đang cắm một chiếc máy gần bức tường."
"30_Days_TOEIC","RL1","unplug","rút phích điện","verb","/ʌnˈplʌɡ/","Don’t forget to unplug the appliance after use.","Đừng quên rút phích thiết bị sau khi sử dụng."
"30_Days_TOEIC","RL1","cross","băng qua","verb","/krɔːs/","Pedestrians are crossing the street at the intersection.","Người đi bộ đang băng qua đường tại ngã tư."
"30_Days_TOEIC","RL1","cross","khoanh tay hoặc chân thành hình chữ X","verb","/krɔːs/","She’s standing with her arms crossed, waiting for the bus.","Cô ấy đứng khoanh tay chờ xe buýt."
"30_Days_TOEIC","RL1","hang","treo hoặc gắn vật lên cao","verb","/hæŋ/","They’re hanging a picture on a wall in the office.","Họ đang treo một bức tranh lên tường trong văn phòng."
"30_Days_TOEIC","RL1","hang","treo lên","verb","/hæŋ/","A mirror is hanging on the wall above the sink.","Một chiếc gương đang treo trên tường phía trên bồn rửa."
"30_Days_TOEIC","RL1","distribute","phân phát","verb","/dɪˈstrɪb.juːt/","The waiter is distributing plates of food to each diner.","Người phục vụ đang phân phát các đĩa thức ăn cho từng thực khách."
"30_Days_TOEIC","RL1","distribution","sự phân phối","noun","/ˌdɪs.trɪˈbjuː.ʃən/","The distribution of lunch will start at 12 p.m. sharp.","Việc phát bữa trưa sẽ bắt đầu lúc 12 giờ đúng."
"30_Days_TOEIC","RL1","hand out","phát cho từng người","verb","/hænd aʊt/","The waiter is handing out plates of food to the guests.","Người phục vụ đang đưa từng đĩa thức ăn cho khách."
"30_Days_TOEIC","RL1","fold","gập lại","verb","/foʊld/","He's folding his jacket and placing it on the chair.","Anh ấy đang gập áo khoác và đặt nó lên ghế."
"30_Days_TOEIC","RL1","reflect","phản chiếu","verb","/rɪˈflekt/","The bridge is reflected clearly in the calm water.","Cây cầu được phản chiếu rõ ràng trên mặt nước yên tĩnh."
"30_Days_TOEIC","RL1","reflection","hình ảnh phản chiếu","noun","/rɪˈflek.ʃən/","One woman is looking at her reflection in the mirror.","Một người phụ nữ đang nhìn vào hình phản chiếu của mình trong gương."
"30_Days_TOEIC","RL1","reflective","phản chiếu hoặc suy ngẫm sâu sắc","adj","/rɪˈflek.tɪv/","The glass has a reflective coating to reduce heat.","Kính có lớp phủ phản quang để giảm nhiệt."
"30_Days_TOEIC","RL1","address","phát biểu trước nhóm người","verb","/əˈdres/","He’s addressing his colleagues during the meeting.","Anh ấy đang phát biểu trước các đồng nghiệp trong cuộc họp."
"30_Days_TOEIC","RL1","plant","trồng cây","verb","/plænt/","Small trees have been planted in individual pots.","Những cây nhỏ đã được trồng trong các chậu riêng biệt."
"30_Days_TOEIC","RL1","plant","cây trồng","noun","/plænt/","The women are watering the plants in the corner.","Những người phụ nữ đang tưới cây ở góc phòng."
"30_Days_TOEIC","RL1","file","sắp xếp tài liệu","verb","/faɪl/","The man is filing some documents into a cabinet.","Người đàn ông đang sắp xếp tài liệu vào tủ hồ sơ."
"30_Days_TOEIC","RL1","file","hồ sơ","noun","/faɪl/","He placed the contract back into the file folder.","Anh ấy đặt hợp đồng trở lại vào thư mục hồ sơ."
"30_Days_TOEIC","RL1","operate","vận hành","verb","/ˈɑː.pə.reɪt/","He’s operating some factory machinery with caution.","Anh ấy đang vận hành một số máy móc trong nhà máy một cách cẩn thận."
"30_Days_TOEIC","RL1","operation","quá trình vận hành","noun","/ˌɑː.pəˈreɪ.ʃən/","The operation of this machine requires safety training.","Việc vận hành chiếc máy này cần được đào tạo an toàn."
"30_Days_TOEIC","RL1","operational","đang hoạt động bình thường","adj","/ˌɑː.pəˈreɪ.ʃən.əl/","All the systems are now fully operational.","Tất cả các hệ thống hiện đã hoạt động đầy đủ."
"30_Days_TOEIC","RL1","stack","xếp chồng lên nhau","verb","/stæk/","He’s stacking up some bricks near the wall.","Anh ấy đang xếp gạch thành chồng gần bức tường."
"30_Days_TOEIC","RL1","stack","chồng, đống vật xếp lên nhau","noun","/stæk/","He’s standing by two stacks of plates.","Anh ấy đang đứng cạnh hai chồng đĩa."
"30_Days_TOEIC","RL1","clap","vỗ tay tán thưởng","verb","/klæp/","An audience is clapping for some musicians on stage.","Khán giả đang vỗ tay cho một số nhạc công trên sân khấu."
"30_Days_TOEIC","RL1","kneel","quỳ gối","verb","/niːl/","The woman is kneeling in the garden to tend the plants.","Người phụ nữ đang quỳ trong vườn để chăm sóc cây."
"30_Days_TOEIC","RL1","turn on","bật lên","verb","/tɝːn ɑːn/","They’re turning on the lights as the room gets dark.","Họ đang bật đèn khi căn phòng trở nên tối."
"30_Days_TOEIC","RL1","turn off","tắt thiết bị","verb","/tɝːn ɔːf/","They’re turning off the lights before leaving the room.","Họ đang tắt đèn trước khi rời khỏi phòng."
"30_Days_TOEIC","RL1","turn","lật, xoay, chuyển hướng","verb","/tɝːn/","Please turn the page to continue reading.","Vui lòng lật trang để tiếp tục đọc."
"30_Days_TOEIC","RL1","stroll","đi dạo thư giãn","verb","/stroʊl/","Pedestrians are strolling beside a riverbank in the afternoon sun.","Người đi bộ đang dạo bước bên bờ sông dưới ánh nắng chiều."
"30_Days_TOEIC","RL2","pile","chất thành đống","verb","/paɪl/","Dishes have been piled in a drying rack after washing.","Bát đĩa đã được chất thành đống trong giá phơi sau khi rửa."
"30_Days_TOEIC","RL2","pile","đống vật xếp chồng lên nhau","noun","/paɪl/","There is a pile of wood next to the cabin.","Có một đống củi bên cạnh túp lều."
"30_Days_TOEIC","RL2","store","cất giữ, lưu trữ","verb","/stɔːr/","Some men are storing luggage above their seats.","Một số người đàn ông đang cất hành lý lên phía trên chỗ ngồi của họ."
"30_Days_TOEIC","RL2","storage","nơi lưu trữ","noun","/ˈstɔːr.ɪdʒ/","There’s not enough storage for all the equipment.","Không có đủ chỗ lưu trữ cho tất cả thiết bị."
"30_Days_TOEIC","RL2","pick up","nhặt lên hoặc đón ai đó","verb","/pɪk ʌp/","He's picking up his briefcase from the floor.","Anh ấy đang nhặt cặp tài liệu của mình lên khỏi sàn."
"30_Days_TOEIC","RL2","serve","phục vụ","verb","/sɝːv/","Waiters are serving beverages to the customers.","Nhân viên phục vụ đang mang đồ uống cho khách hàng."
"30_Days_TOEIC","RL2","server","nhân viên phục vụ","noun","/ˈsɝː.vɚ/","The server greeted guests and handed them menus.","Nhân viên phục vụ chào khách và đưa thực đơn."
"30_Days_TOEIC","RL2","board","lên phương tiện giao thông","verb","/bɔːrd/","Passengers are boarding a bus in front of the station.","Hành khách đang lên xe buýt trước nhà ga."
"30_Days_TOEIC","RL2","board","tấm ván hoặc bảng phẳng","noun","/bɔːrd/","Some boards have been piled on a deck near the house.","Một vài tấm ván đã được chất thành đống trên boong gần ngôi nhà."
"30_Days_TOEIC","RL2","board","ban quản trị","noun","/bɔːrd/","The board of directors will meet this afternoon.","Ban giám đốc sẽ họp vào chiều nay."
"30_Days_TOEIC","RL2","frame","đóng khung","verb","/freɪm/","She’s framing a piece of art at her workstation.","Cô ấy đang đóng khung một tác phẩm nghệ thuật tại bàn làm việc."
"30_Days_TOEIC","RL2","frame","khung","noun","/freɪm/","A framed picture was placed on the shelf.","Một bức tranh đã đóng khung được đặt trên kệ."
"30_Days_TOEIC","RL2","relax","thư giãn","verb","/rɪˈlæks/","They’re relaxing on the lawn in the afternoon sunshine.","Họ đang thư giãn trên bãi cỏ dưới ánh nắng chiều."
"30_Days_TOEIC","RL2","roll","cuộn lại hoặc lăn vật gì đó","verb","/roʊl/","The carpet has been rolled up in the corner.","Tấm thảm đã được cuộn lại và đặt ở góc phòng."
"30_Days_TOEIC","RL2","roll","đẩy hoặc kéo vật có bánh xe","verb","/roʊl/","A shopper is rolling a cart down a walkway.","Một người mua sắm đang đẩy xe hàng dọc lối đi."
"30_Days_TOEIC","RL2","bow","cúi chào","verb","/baʊ/","A performer is bowing before an audience after the show.","Một nghệ sĩ đang cúi chào khán giả sau buổi biểu diễn."
"30_Days_TOEIC","RL2","clear","dọn dẹp, loại bỏ vật cản","verb","/klɪr/","Tree branches are being cleared off a walkway.","Các cành cây đang được dọn khỏi lối đi."
"30_Days_TOEIC","RL2","display","trưng bày","verb","/dɪˈspleɪ/","The shoes are displayed on a shelf near the entrance.","Những đôi giày được trưng bày trên kệ gần lối vào."
"30_Days_TOEIC","RL2","display","sự trưng bày","noun","/dɪˈspleɪ/","A sculpture is on display outside the museum.","Một bức tượng đang được trưng bày bên ngoài bảo tàng."
"30_Days_TOEIC","RL2","extend","kéo dài hoặc mở rộng","verb","/ɪkˈstend/","A bridge extends towards a domed building in the distance.","Một cây cầu kéo dài về phía tòa nhà có mái vòm ở phía xa."
"30_Days_TOEIC","RL2","cook","nấu ăn","verb","/kʊk/","Some vegetables are being cooked in a large pot.","Một số loại rau đang được nấu trong một nồi lớn."
"30_Days_TOEIC","RL2","sip","uống từng ngụm nhỏ","verb","/sɪp/","A woman is sipping a cup of coffee near the window.","Một người phụ nữ đang nhâm nhi tách cà phê gần cửa sổ."
"30_Days_TOEIC","RL2","work on","làm việc để sửa hoặc hoàn thành điều gì đó","verb","/wɝːk ɑːn/","He’s working on the tire near the parked vehicle.","Anh ấy đang sửa lốp xe gần chiếc xe đang đỗ."
"30_Days_TOEIC","RL2","sweep","quét dọn","verb","/swiːp/","One of the men is sweeping an outdoor area with a broom.","Một trong những người đàn ông đang quét dọn khu vực ngoài trời bằng chổi."
"30_Days_TOEIC","RL2","browse","xem qua, tìm kiếm không vội","verb","/braʊz/","The woman is browsing through some magazines at a newsstand.","Người phụ nữ đang xem qua vài tạp chí tại sạp báo."
"30_Days_TOEIC","RL2","lie","nằm xuống","verb","/laɪ/","The bicycle is lying on the ground near the bench.","Chiếc xe đạp đang nằm trên mặt đất gần băng ghế."
"30_Days_TOEIC","RL2","wrap","gói lại","verb","/ræp/","He’s wrapping a book in paper carefully.","Anh ấy đang cẩn thận gói một cuốn sách bằng giấy."
"30_Days_TOEIC","RL2","wrap up","kết thúc, hoàn thành","verb","/ræp ʌp/","Let’s wrap up the presentation before the break.","Hãy kết thúc bài thuyết trình trước giờ nghỉ."
"30_Days_TOEIC","RL2","exercise","tập thể dục","verb","/ˈek.sɚ.saɪz/","Some people are exercising in a park early in the morning.","Một số người đang tập thể dục trong công viên vào sáng sớm."
"30_Days_TOEIC","RL2","border","bao quanh, tạo ranh giới khu vực","verb","/ˈbɔːr.dɚ/","A plaza is bordered by a fence on all sides.","Một quảng trường được bao quanh bởi hàng rào ở mọi phía."
"30_Days_TOEIC","RL2","set up","lắp đặt hoặc chuẩn bị","verb","/set ʌp/","A man is setting up a podium near the stage.","Một người đàn ông đang lắp đặt bục phát biểu gần sân khấu."
"30_Days_TOEIC","RL2","spread","trải ra, giăng rộng","verb","/spred/","Towels have been spread out on the sand by the beachgoers.","Những chiếc khăn đã được trải ra trên cát bởi những người đi biển."
"30_Days_TOEIC","RL2","wipe","lau chùi","verb","/waɪp/","He’s wiping off a kitchen counter with a cloth.","Anh ấy đang lau mặt bàn bếp bằng khăn vải."
"30_Days_TOEIC","RL2","dine","dùng bữa","verb","/daɪn/","They’re dining at a restaurant near the waterfront.","Họ đang dùng bữa tại một nhà hàng gần bờ sông."
"30_Days_TOEIC","RL2","dining","ăn uống","noun","/ˈdaɪ.nɪŋ/","The hotel has a spacious dining area for guests.","Khách sạn có khu vực ăn uống rộng rãi cho khách."
"30_Days_TOEIC","RL2","stock","dự trữ hàng hóa","verb","/stɑːk/","The office is stocked with supplies for daily use.","Văn phòng được dự trữ đầy đủ vật tư dùng hàng ngày."
"30_Days_TOEIC","RL2","stock","hàng tồn kho","noun","/stɑːk/","The item you ordered is currently out of stock.","Mặt hàng bạn đặt hiện đang hết hàng."
"30_Days_TOEIC","RL2","fasten","gắn chặt, buộc chắc","verb","/ˈfæs.ən/","Equipment is being fastened to the roof of a car.","Thiết bị đang được gắn lên nóc xe ô tô."
"30_Days_TOEIC","RL2","exchange","trao đổi","verb","/ɪksˈtʃeɪndʒ/","The men are exchanging business cards during the meeting.","Những người đàn ông đang trao đổi danh thiếp trong cuộc họp."
"30_Days_TOEIC","RL2","take notes","ghi chú thông tin quan trọng","verb","/teɪk noʊts/","A woman is taking notes on a board during the meeting.","Một người phụ nữ đang ghi chú trên bảng trong cuộc họp."
"30_Days_TOEIC","RL2","polish","đánh bóng","verb","/ˈpɑː.lɪʃ/","The silverware is being polished until it shines.","Đồ bạc đang được đánh bóng cho đến khi sáng loáng."
"30_Days_TOEIC","RL2","lift","nâng lên","verb","/lɪft/","A machine is lifting bags onto a shelf in the warehouse.","Một chiếc máy đang nâng các túi lên kệ trong kho."
"30_Days_TOEIC","RL2","run","kéo dài theo một hướng nhất định","verb","/rʌn/","A high wall runs alongside the train tracks.","Một bức tường cao chạy dọc theo đường ray xe lửa."
"30_Days_TOEIC","RL2","run","chạy","verb","/rʌn/","A man is running up a ramp outside the building.","Một người đàn ông đang chạy lên dốc bên ngoài tòa nhà."
"30_Days_TOEIC","RL2","sort","phân loại hoặc sắp xếp","verb","/sɔːrt/","She’s sorting out some papers on her desk.","Cô ấy đang phân loại một số giấy tờ trên bàn làm việc."
"30_Days_TOEIC","RL2","sew","may hoặc khâu vải","verb","/soʊ/","The women are sewing some clothing by hand.","Những người phụ nữ đang may một số quần áo bằng tay."
"30_Days_TOEIC","RL2","put away","cất đi","verb","/pʊt əˈweɪ/","Vendors are putting away their displays for the day.","Những người bán hàng đang cất các quầy trưng bày của họ sau một ngày làm việc."
"30_Days_TOEIC","RL2","spray","phun hoặc xịt chất lỏng thành tia nhỏ","verb","/spreɪ/","The fountain is spraying water into the air.","Đài phun nước đang phun nước lên không trung."
"30_Days_TOEIC","RL2","spray","bình xịt","noun","/spreɪ/","She filled the spray bottle with disinfectant.","Cô ấy đổ đầy dung dịch khử trùng vào bình xịt."
"30_Days_TOEIC","RL2","enter","vào, nhập dữ liệu","verb","/ˈen.tɚ/","A woman is entering numbers on a keypad.","Một người phụ nữ đang nhập số vào bàn phím."
"30_Days_TOEIC","RL2","enter","vào, bước vào","verb","/ˈen.tɚ/","A group of people is entering the room for the seminar.","Một nhóm người đang bước vào phòng để tham dự hội thảo."
"30_Days_TOEIC","RL2","move","di chuyển","verb","/muːv/","They're moving a piece of furniture across the room.","Họ đang di chuyển một món đồ nội thất qua phòng."
"30_Days_TOEIC","RL2","check","kiểm tra","verb","/tʃek/","The driver is checking the engine before departure.","Tài xế đang kiểm tra động cơ trước khi khởi hành."
"30_Days_TOEIC","RL2","climb","leo lên bề mặt dốc","verb","/klaɪm/","A man is climbing some stairs inside the building.","Một người đàn ông đang leo cầu thang bên trong tòa nhà."
"30_Days_TOEIC","RL2","row","hàng, dãy","noun","/roʊ/","The chairs have been arranged in rows facing the stage.","Những chiếc ghế đã được sắp xếp thành hàng hướng về sân khấu."
"30_Days_TOEIC","RL2","row","chèo thuyền","verb","/roʊ/","Two men are rowing a boat across the lake.","Hai người đàn ông đang chèo thuyền qua hồ."
"30_Days_TOEIC","RL2","exit","rời khỏi","verb","/ˈek.sɪt/","A car is exiting a parking garage downtown.","Một chiếc ô tô đang rời khỏi bãi đỗ xe ở trung tâm thành phố."
"30_Days_TOEIC","RL2","mount","gắn hoặc treo lên bề mặt","verb","/maʊnt/","Some paintings have been mounted on the wall of the gallery.","Một vài bức tranh đã được treo lên tường của phòng trưng bày."
"30_Days_TOEIC","RL2","be seated","ngồi xuống","verb","/bi ˈsiː.t̬ɪd/","Some diners are seated across from each other at the table.","Một vài thực khách đang ngồi đối diện nhau tại bàn ăn."
"30_Days_TOEIC","RL2","dock","cập bến","verb","/dɑːk/","Some boats are docked at a pier near the shore.","Một vài chiếc thuyền đang cập bến tại cầu tàu gần bờ."
"30_Days_TOEIC","RL2","dock","cầu tàu","noun","/dɑːk/","A man is fishing from a dock overlooking the lake.","Một người đàn ông đang câu cá từ cầu tàu nhìn ra hồ."
"30_Days_TOEIC","RL2","put up","dựng lên, treo lên, lắp đặt","verb","/pʊt ʌp/","A man is putting up a tent in the park.","Một người đàn ông đang dựng lều trong công viên."
"30_Days_TOEIC","RL2","cast","đổ bóng","verb","/kæst/","Some trees are casting shadows on a path through the park.","Một vài cái cây đang đổ bóng xuống lối đi trong công viên."
"30_Days_TOEIC","RL2","fall","rơi xuống hoặc ngã","verb","/fɔːl/","A stool has fallen over on the ground near the table.","Một chiếc ghế đẩu đã bị đổ trên mặt đất gần bàn."
"30_Days_TOEIC","RL2","post","dán thông báo","verb","/poʊst/","Signs are being posted at an intersection downtown.","Các biển báo đang được dán tại một ngã tư ở trung tâm thành phố."
"30_Days_TOEIC","RL2","take off","cởi bỏ áo quần","verb","/teɪk ɔːf/","One of the men is taking off his jacket inside the lobby.","Một người đàn ông đang cởi áo khoác trong sảnh chờ."
"30_Days_TOEIC","RL2","take off","cất cánh","verb","/teɪk ɔːf/","An aircraft is taking off from a runway at the airport.","Một chiếc máy bay đang cất cánh khỏi đường băng tại sân bay."
"30_Days_TOEIC","RL2","outdoors","ngoài trời","adv","/ˈaʊtˌdɔːrz/","Tables and chairs are set up outdoors for the event.","Bàn ghế được bày ra ngoài trời cho sự kiện."
"30_Days_TOEIC","RL2","outside","ở bên ngoài","adv","/ˌaʊtˈsaɪd/","The children are playing outside the building.","Bọn trẻ đang chơi ở ngoài tòa nhà."
"30_Days_TOEIC","RL2","indoors","bên trong nhà","adv","/ˌɪnˈdɔːrz/","People moved indoors to escape the rain.","Mọi người đã vào trong nhà để tránh mưa."
"30_Days_TOEIC","RL3","responsible","chịu trách nhiệm","adj","/rɪˈspɑːn.sə.bəl/","Who’s responsible for sending the invitations?","Ai chịu trách nhiệm gửi thiệp mời?"
"30_Days_TOEIC","RL3","responsibility","trách nhiệm","noun","/rɪˌspɑːn.səˈbɪl.ə.ti/","It is her responsibility to prepare the meeting agenda.","Đó là trách nhiệm của cô ấy để chuẩn bị chương trình cuộc họp."
"30_Days_TOEIC","RL3","available","có sẵn","adj","/əˈveɪ.lə.bəl/","Are there any tickets available for today’s show?","Có vé nào còn sẵn cho buổi diễn hôm nay không?"
"30_Days_TOEIC","RL3","availability","tình trạng có sẵn","noun","/əˌveɪ.ləˈbɪl.ə.ti/","When will Ms. Sanchez be available for consultation?","Khi nào cô Sanchez có thể tham gia tư vấn?"
"30_Days_TOEIC","RL3","unavailable","không có sẵn","adj","/ˌʌn.əˈveɪ.lə.bəl/","The manager is currently unavailable for a meeting.","Quản lý hiện đang không thể tham gia cuộc họp."
"30_Days_TOEIC","RL3","utility","dịch vụ tiện ích","noun","/juːˈtɪl.ə.ti/","Our utility bill is a lot higher this month, isn't it?","Hóa đơn dịch vụ tiện ích của chúng ta tháng này cao hơn nhiều, phải không?"
"30_Days_TOEIC","RL3","repair","sửa chữa","verb","/rɪˈper/","Who’s going to repair the computer system after the malfunction?","Ai sẽ sửa hệ thống máy tính sau sự cố?"
"30_Days_TOEIC","RL3","offer","đề nghị hoặc cung cấp điều gì đó","verb","/ˈɔː.fɚ/","Why don’t we offer a vegetarian dish at the lunch?","Tại sao chúng ta không đề nghị món chay trong bữa trưa?"
"30_Days_TOEIC","RL3","offer","lời đề nghị","noun","/ˈɔː.fɚ/","Didn't Daniel accept the job offer from the new company?","Daniel đã nhận lời mời làm việc từ công ty mới chưa?"
"30_Days_TOEIC","RL3","status","tình trạng hoặc trạng thái hiện tại","noun","/ˈsteɪ.t̬əs/","What is the status of this bill in the system?","Tình trạng của hóa đơn này trong hệ thống là gì?"
"30_Days_TOEIC","RL3","record","ghi lại thông tin để lưu trữ hoặc tham khảo","verb","/rɪˈkɔːrd/","How often should the shipping records be updated?","Bao lâu thì nên cập nhật hồ sơ vận chuyển?"
"30_Days_TOEIC","RL3","record","bản ghi, hồ sơ thông tin đã lưu trữ","noun","/ˈrɛk.ɚd/","The attendance record shows all employees who were present.","Bảng điểm danh cho thấy tất cả nhân viên có mặt."
"30_Days_TOEIC","RL3","leave","rời khỏi hoặc để lại thứ gì đó","verb","/liːv/","The sightseeing bus leaves from over there at 9 a.m.","Xe buýt tham quan khởi hành từ đằng kia lúc 9 giờ sáng."
"30_Days_TOEIC","RL3","leave","nghỉ phép","noun","/liːv/","Employees are entitled to three weeks’ paid leave a year.","Nhân viên được nghỉ phép có lương ba tuần mỗi năm."
"30_Days_TOEIC","RL3","session","buổi, phiên họp hoặc hoạt động cụ thể","noun","/ˈseʃ.ən/","Do you know who will be leading the training session today?","Bạn có biết ai sẽ dẫn dắt buổi đào tạo hôm nay không?"
"30_Days_TOEIC","RL3","organize","sắp xếp, lên kế hoạch cho sự kiện","verb","/ˈɔːr.ɡən.aɪz/","Didn’t you organize the employee picnic last year?","Bạn không tổ chức buổi dã ngoại cho nhân viên năm ngoái sao?"
"30_Days_TOEIC","RL3","organized","được sắp xếp ngăn nắp","adj","/ˈɔːr.ɡən.aɪzd/","The office is well-organized and tidy.","Văn phòng được sắp xếp gọn gàng và ngăn nắp."
"30_Days_TOEIC","RL3","organization","tổ chức","noun","/ˌɔːr.ɡən.əˈzeɪ.ʃən/","A well-known organization hosted the charity event.","Một tổ chức nổi tiếng đã tổ chức sự kiện từ thiện."
"30_Days_TOEIC","RL3","revise","sửa đổi, chỉnh sửa","verb","/rɪˈvaɪz/","Who’s working on revising the report before the meeting?","Ai đang chỉnh sửa báo cáo trước cuộc họp?"
"30_Days_TOEIC","RL3","revised","được sửa đổi, cập nhật cho chính xác hơn","adj","/rɪˈvaɪzd/","A revised contract is necessary to reflect the new terms.","Một hợp đồng đã được sửa đổi là cần thiết để phản ánh các điều khoản mới."
"30_Days_TOEIC","RL3","revision","sự chỉnh sửa","noun","/rɪˈvɪʒ.ən/","The team is reviewing the revision of the project proposal.","Nhóm đang xem xét bản chỉnh sửa đề xuất dự án."
"30_Days_TOEIC","RL3","join","tham gia","verb","/dʒɔɪn/","Why don’t you join us for dinner tonight?","Tại sao bạn không tham gia cùng chúng tôi dùng bữa tối hôm nay?"
"30_Days_TOEIC","RL3","borrow","mượn đồ của người khác tạm thời","verb","/ˈbɑːr.oʊ/","Can I borrow your calculator, or are you using it now?","Tôi có thể mượn máy tính của bạn được không, hay bạn đang dùng nó?"
"30_Days_TOEIC","RL3","charge","tính phí","verb","/tʃɑːrdʒ/","The hotel charges cancellation fees for late changes.","Khách sạn tính phí hủy đặt phòng cho các thay đổi muộn."
"30_Days_TOEIC","RL3","charge","sạc pin","verb","/tʃɑːrdʒ/","I’m going to charge the battery before the trip.","Tôi sẽ sạc pin trước chuyến đi."
"30_Days_TOEIC","RL3","charge","người phụ trách","noun","/tʃɑːrdʒ/","Who’s the person in charge of payroll?","Ai là người phụ trách bộ phận trả lương?"
"30_Days_TOEIC","RL3","charge","không tính phí thêm","phrase","","no extra charge for delivery within the city.","Không tính phí vận chuyển thêm trong thành phố."
"30_Days_TOEIC","RL3","charge","chịu trách nhiệm","phrase","","",""
"30_Days_TOEIC","RL3","interview","cuộc phỏng vấn","noun","/ˈɪn.tɚ.vjuː/","I have a job interview with the local newspaper tomorrow.","Tôi có một buổi phỏng vấn xin việc với tờ báo địa phương vào ngày mai."
"30_Days_TOEIC","RL3","interview","phỏng vấn","verb","/ˈɪn.tɚ.vjuː/","The manager interviewed several candidates for the position.","Người quản lý đã phỏng vấn nhiều ứng viên cho vị trí đó."
"30_Days_TOEIC","RL3","bottom","đáy hoặc phần thấp nhất của vật thể","noun","/ˈbɑː.t̬əm/","They're stored on the bottom shelf in the storage room.","Chúng được cất giữ trên kệ dưới cùng trong phòng lưu trữ."
"30_Days_TOEIC","RL3","prefer","thích hơn, lựa chọn hơn","verb","/prɪˈfɝː/","Would you prefer a table outdoors or indoors?","Bạn thích ngồi bàn ngoài trời hay trong nhà hơn?"
"30_Days_TOEIC","RL3","preference","sự ưu tiên","noun","/ˈprefrəns/","His preference is to have lunch early.","Sở thích của anh ấy là ăn trưa sớm."
"30_Days_TOEIC","RL3","preferred","được ưu tiên","adj","/prɪˈfɝːd/","This is the preferred method for submitting applications.","Đây là phương pháp được ưu tiên để nộp đơn."
"30_Days_TOEIC","RL3","approve","chấp thuận","verb","/əˈpruːv/","Who approved the budget estimate for next year?","Ai đã phê duyệt dự toán ngân sách cho năm tới?"
"30_Days_TOEIC","RL3","document","tài liệu","noun","/ˈdɑː.kjə.mənt/","Where will you be sending this document after the meeting?","Bạn sẽ gửi tài liệu này đi đâu sau cuộc họp?"
"30_Days_TOEIC","RL3","order","gọi món hoặc đặt hàng","verb","/ˈɔːr.dɚ/","Are you ready to order, or do you need more time?","Bạn đã sẵn sàng gọi món hay cần thêm thời gian?"
"30_Days_TOEIC","RL3","order","đơn đặt hàng","noun","/ˈɔːr.dɚ/","The restaurant received a large order for a corporate event.","Nhà hàng nhận được một đơn đặt hàng lớn cho sự kiện công ty."
"30_Days_TOEIC","RL3","projection","dự báo tương lai","noun","/prəˈdʒek.ʃən/","Could I look at the financial projections for next year?","Tôi có thể xem các dự báo tài chính cho năm tới không?"
"30_Days_TOEIC","RL3","project","dự án","noun","/ˈprɑː.dʒekt/","The company launched a new project to improve customer service.","Công ty đã khởi động một dự án mới để cải thiện dịch vụ khách hàng."
"30_Days_TOEIC","RL3","projected","dự kiến","adj","/prəˈdʒek.tɪd/","The projected sales for next quarter have increased.","Doanh số dự báo cho quý tới đã tăng lên."
"30_Days_TOEIC","RL3","contact","liên lạc với ai đó","verb","/ˈkɑːn.tækt/","Shall I contact you by e-mail or by phone?","Tôi sẽ liên lạc với bạn qua email hay điện thoại?"
"30_Days_TOEIC","RL3","contact","thông tin liên lạc","noun","/ˈkɑːn.tækt/","Make sure your contact information is up to date.","Hãy đảm bảo thông tin liên lạc của bạn được cập nhật."
"30_Days_TOEIC","RL3","bill","hóa đơn","noun","/bɪl/","You paid all the bills, didn’t you?","Bạn đã thanh toán tất cả các hóa đơn, phải không?"
"30_Days_TOEIC","RL3","billing","quá trình lập hóa đơn","noun","/ˈbɪl.ɪŋ/","Would you like to pay now, or be billed later?","Bạn muốn thanh toán ngay hay nhận hóa đơn sau?"
"30_Days_TOEIC","RL3","colleague","đồng nghiệp","noun","/ˈkɑː.liːɡ/","Who’s going to meet our colleagues at the airport?","Ai sẽ đi đón các đồng nghiệp của chúng ta ở sân bay?"
"30_Days_TOEIC","RL3","review","xem xét, đánh giá kỹ lưỡng","verb","/rɪˈvjuː/","We've hired a consultant to review the project proposal.","Chúng tôi đã thuê một chuyên gia để xem xét đề xuất dự án."
"30_Days_TOEIC","RL3","review","bài đánh giá","noun","/rɪˈvjuː/","My performance review went very well with positive feedback.","Buổi đánh giá hiệu suất của tôi diễn ra rất tốt với phản hồi tích cực."
"30_Days_TOEIC","RL3","cost","giá tiền hoặc chi phí","noun","/kɒst/","How much do these sweaters cost at the store?","Những chiếc áo len này có giá bao nhiêu ở cửa hàng?"
"30_Days_TOEIC","RL3","cost","tốn bao nhiêu tiền","verb","/kɒst/","How much do these sweaters cost?","Những chiếc áo len này giá bao nhiêu?"
"30_Days_TOEIC","RL3","costly","đắt đỏ","adj","/ˈkɒst.li/","Buying a car without insurance can be very costly.","Mua xe mà không có bảo hiểm có thể rất tốn kém."
"30_Days_TOEIC","RL3","make it","đến nơi đúng giờ hoặc thành công","phrasal verb","/meɪk ɪt/","Did he make it there in time for the meeting?","Anh ấy đã đến đó đúng giờ cho cuộc họp chưa?"
"30_Days_TOEIC","RL3","proofread","đọc và sửa lỗi văn bản","verb","/ˈpruːf.riːd/","Could you proofread the translation before we send it to the Madrid office?","Bạn có thể đọc kiểm tra bản dịch trước khi chúng tôi gửi nó đến văn phòng Madrid không?"
"30_Days_TOEIC","RL3","retire","nghỉ hưu","verb","/rɪˈtaɪər/","Our manager will be retiring in July after 30 years of service.","Quản lý của chúng tôi sẽ nghỉ hưu vào tháng Bảy sau 30 năm công tác."
"30_Days_TOEIC","RL3","retirement","nghỉ hưu","noun","/rɪˈtaɪər.mənt/","The retirement party was held at a local restaurant.","Buổi tiệc nghỉ hưu được tổ chức tại một nhà hàng địa phương."
"30_Days_TOEIC","RL3","add","thêm vào","verb","/æd/","When was the sculpture gallery added to the museum?","Phòng triển lãm điêu khắc được thêm vào bảo tàng khi nào?"
"30_Days_TOEIC","RL3","addition","sự bổ sung","noun","/əˈdɪʃ.ən/","The addition of the sculpture gallery expanded the museum.","Việc bổ sung phòng triển lãm điêu khắc đã mở rộng bảo tàng."
"30_Days_TOEIC","RL3","flyer","tờ rơi quảng cáo","noun","/ˈflaɪ.ɚ/","Why don’t I hang up these flyers for you around the community center?","Tôi có nên dán những tờ rơi này quanh trung tâm cộng đồng cho bạn không?"
"30_Days_TOEIC","RL3","deadline","thời hạn hoàn thành","noun","/ˈded.laɪn/","How can we meet the project deadline on time?","Làm thế nào để chúng ta hoàn thành dự án đúng hạn?"
"30_Days_TOEIC","RL3","ship","vận chuyển hàng hóa","verb","/ʃɪp/","How long will it take to ship this item to the customer?","Mất bao lâu để vận chuyển món hàng này đến khách hàng?"
"30_Days_TOEIC","RL3","shipment","lô hàng","noun","/ˈʃɪp.mənt/","When does the shipment of running shoes arrive?","Khi nào lô hàng giày chạy bộ sẽ đến?"
"30_Days_TOEIC","RL3","shipping","vận chuyển","noun","/ˈʃɪp.ɪŋ/","Shipping costs are included in the total price.","Phí vận chuyển đã được bao gồm trong tổng giá."
"30_Days_TOEIC","RL3","take over","tiếp quản","phrasal verb","/teɪk ˈoʊ.vɚ/","Did you hear who’s going to take over the manager's position?","Bạn có nghe ai sẽ tiếp quản vị trí quản lý không?"
"30_Days_TOEIC","RL3","takeover","việc tiếp quản công ty","noun","/ˈteɪkˌoʊ.vɚ/","The company announced a takeover of its competitor.","Công ty đã thông báo về việc tiếp quản đối thủ cạnh tranh."
"30_Days_TOEIC","RL3","get to","đến nơi","phrasal verb","/ɡet tuː/","How long does it take for you to get to work every morning?","Bạn mất bao lâu để đến nơi làm việc mỗi sáng?"
"30_Days_TOEIC","RL3","return","trả lại","verb","/rɪˈtɝːn/","Please return these books to the library by June 2nd.","Vui lòng trả những cuốn sách này cho thư viện trước ngày 2 tháng 6."
"30_Days_TOEIC","RL3","draft","bản thảo","noun","/dræft/","Should I submit my first draft, or only the final version?","Tôi nên nộp bản thảo đầu tiên hay chỉ bản cuối cùng?"
"30_Days_TOEIC","RL3","draft","soạn thảo bản nháp","verb","/dræft/","He is drafting a report for the monthly meeting.","Anh ấy đang soạn thảo báo cáo cho cuộc họp hàng tháng."
"30_Days_TOEIC","RL3","depend on","phụ thuộc vào","phrasal verb","/dɪˈpend ɑːn/","It depends on the nature of the problem how quickly we can solve it.","Tốc độ giải quyết phụ thuộc vào tính chất của vấn đề."
"30_Days_TOEIC","RL3","dependent","phụ thuộc","adj","/dɪˈpen.dənt/","The child is dependent on her parents for financial support.","Đứa trẻ phụ thuộc vào cha mẹ về mặt tài chính."
"30_Days_TOEIC","RL3","dependable","đáng tin cậy","adj","/dɪˈpen.də.bəl/","She is a dependable employee who always meets deadlines.","Cô ấy là nhân viên đáng tin cậy, luôn hoàn thành đúng hạn."
"30_Days_TOEIC","RL3","delay","hoãn lại hoặc làm chậm tiến độ","verb","/dɪˈleɪ/","Why has the book's release date been delayed again?","Tại sao ngày phát hành sách lại bị hoãn lần nữa?"
"30_Days_TOEIC","RL3","delay","sự trì hoãn","noun","/dɪˈleɪ/","What caused a delay in the shipping process?","Nguyên nhân nào gây ra sự chậm trễ trong quá trình vận chuyển?"
"30_Days_TOEIC","RL3","supply","cung cấp hàng hóa, vật tư hoặc dịch vụ","verb","/səˈplaɪ/","Could you order these supplies today for the office?","Bạn có thể đặt mua những vật tư này cho văn phòng hôm nay không?"
"30_Days_TOEIC","RL3","supplier","nhà cung cấp","noun","/səˈplaɪ.ɚ/","One of our new suppliers just confirmed the order.","Một trong những nhà cung cấp mới của chúng tôi vừa xác nhận đơn hàng."
"30_Days_TOEIC","RL3","supply closet","tủ chứa vật tư","noun","","The supply closet is stocked with office essentials.","Tủ vật tư được dự trữ đầy đủ các vật dụng văn phòng."
"30_Days_TOEIC","RL3","supply room","phòng vật tư","noun","","The supply room is located next to the main office.","Phòng vật tư nằm cạnh văn phòng chính."
"30_Days_TOEIC","RL3","submit","nộp tài liệu cho người có thẩm quyền","verb","/səbˈmɪt/","Where should I submit my registration form for the event?","Tôi nên nộp mẫu đăng ký sự kiện ở đâu?"
"30_Days_TOEIC","RL3","submission","hành động nộp tài liệu","noun","/səbˈmɪʃ.ən/","The deadline for submission is next Friday.","Hạn cuối để nộp hồ sơ là thứ Sáu tuần tới."
"30_Days_TOEIC","RL3","negotiation","đàm phán","noun","/nɪˌɡoʊ.ʃiˈeɪ.ʃən/","The contract negotiations took longer than I expected.","Các cuộc đàm phán hợp đồng kéo dài hơn tôi mong đợi."
"30_Days_TOEIC","RL3","negotiate","thương lượng để đạt thỏa thuận","verb","/nɪˈɡoʊ.ʃi.eɪt/","They negotiated the terms of the contract carefully.","Họ đã thương lượng kỹ các điều khoản hợp đồng."
"30_Days_TOEIC","RL3","negotiator","người đàm phán","noun","/nɪˈɡoʊ.ʃi.eɪ.t̬ɚ/","The negotiator helped resolve the conflict between the parties.","Người đàm phán đã giúp giải quyết xung đột giữa các bên."
"30_Days_TOEIC","RL3","mind","có phiền không","verb","/maɪnd/","Would you mind changing seats with me?","Bạn có phiền đổi chỗ với tôi không?"
"30_Days_TOEIC","RL3","find out","tìm ra thông tin","phrasal verb","/faɪnd aʊt/","How did you find out about Mr. Suzuki leaving the company?","Bạn đã biết tin ông Suzuki rời công ty như thế nào?"
"30_Days_TOEIC","RL3","agreement","thỏa thuận","noun","/əˈɡriː.mənt/","Would you like one or two copies of the financing agreement?","Bạn muốn một hay hai bản sao của hợp đồng tài chính?"
"30_Days_TOEIC","RL3","agree","đồng ý","verb","/əˈɡriː/","Do you agree with the terms of the contract?","Bạn có đồng ý với các điều khoản của hợp đồng không?"
"30_Days_TOEIC","RL3","formal","trang trọng","adj","/ˈfɔːr.məl/","Is the employee appreciation dinner going to be formal or informal?","Bữa tiệc tri ân nhân viên sẽ trang trọng hay không trang trọng?"
"30_Days_TOEIC","RL3","formally","một cách trang trọng","adv","/ˈfɔːr.mə.li/","The event was formally announced last week.","Sự kiện đã được thông báo chính thức vào tuần trước."
"30_Days_TOEIC","RL3","informal","không trang trọng","adj","/ɪnˈfɔːr.məl/","The dress code for the party is informal.","Trang phục cho bữa tiệc là không trang trọng."
"30_Days_TOEIC","RL3","banquet","bữa tiệc lớn","noun","/ˈbæŋ.kwɪt/","How many people are coming to the awards banquet this evening?","Có bao nhiêu người sẽ đến bữa tiệc trao giải tối nay?"
"30_Days_TOEIC","RL3","presentation","bài thuyết trình","noun","/ˌprez.ənˈteɪ.ʃən/","What was the presentation about during the conference?","Bài thuyết trình về chủ đề gì trong hội nghị?"
"30_Days_TOEIC","RL3","subscription","đăng ký nhận dịch vụ định kỳ","noun","/səbˈskrɪp.ʃən/","Rita canceled our newspaper subscription last month.","Rita đã hủy đăng ký báo của chúng tôi tháng trước."
"30_Days_TOEIC","RL3","subscribe","đăng ký nhận dịch vụ định kỳ","verb","/səbˈskraɪb/","Many people subscribe to online streaming services nowadays.","Ngày nay nhiều người đăng ký các dịch vụ phát trực tuyến."
"30_Days_TOEIC","RL3","subscriber","người đăng ký","noun","/səbˈskraɪ.bɚ/","The subscriber received an email about the new issue.","Người đăng ký đã nhận email về số báo mới."
"30_Days_TOEIC","RL4","schedule","lên lịch","verb","/ˈskedʒ.uːl/","The team scheduled the meeting for Monday afternoon.","Nhóm đã lên lịch cuộc họp vào chiều thứ Hai."
"30_Days_TOEIC","RL4","schedule","lịch trình","noun","/ˈskedʒ.uːl/","Please review the updated flight schedule before departure.","Vui lòng xem lại lịch bay đã cập nhật trước khi khởi hành."
"30_Days_TOEIC","RL4","scheduled","đã được lên lịch","adj","/ˈskedʒ.uːld/","The scheduled inspection will take place tomorrow morning.","Cuộc kiểm tra đã được lên lịch sẽ diễn ra vào sáng mai."
"30_Days_TOEIC","RL4","process","xử lý","verb","/ˈprɑː.ses/","I processed his forms this morning at the office.","Tôi đã xử lý các biểu mẫu của anh ấy sáng nay tại văn phòng."
"30_Days_TOEIC","RL4","process","quá trình","noun","/ˈprɑː.ses/","As part of the hiring process, candidates will be interviewed.","Trong quá trình tuyển dụng, các ứng viên sẽ được phỏng vấn."
"30_Days_TOEIC","RL4","reception","tiệc chiêu đãi hoặc lễ đón tiếp","noun","/rɪˈsep.ʃən/","They hosted a wedding reception at the hotel ballroom.","Họ tổ chức tiệc cưới tại phòng tiệc khách sạn."
"30_Days_TOEIC","RL4","reception","khu vực tiếp tân","noun","/rɪˈsep.ʃən/","Please wait in the reception until someone calls your name.","Vui lòng đợi ở khu vực tiếp tân cho đến khi có người gọi tên bạn."
"30_Days_TOEIC","RL4","receptionist","người tiếp tân","noun","/rɪˈsep.ʃə.nɪst/","The receptionist greeted all the visitors with a warm smile.","Lễ tân chào đón tất cả khách bằng nụ cười thân thiện."
"30_Days_TOEIC","RL4","consult","hỏi ý kiến","verb","/kənˈsʌlt/","You should consult your supervisor before making any decisions.","Bạn nên hỏi ý kiến quản lý trước khi đưa ra quyết định."
"30_Days_TOEIC","RL4","consultation","buổi tư vấn","noun","/ˌkɑːn.səlˈteɪ.ʃən/","The manager scheduled a consultation with the IT team.","Người quản lý đã sắp xếp một buổi tư vấn với nhóm CNTT."
"30_Days_TOEIC","RL4","consultant","chuyên gia tư vấn","noun","/kənˈsʌl.tənt/","The company hired a consultant to review its marketing plan.","Công ty đã thuê một chuyên gia tư vấn để xem xét kế hoạch tiếp thị."
"30_Days_TOEIC","RL4","reimburse","hoàn tiền đã chi","verb","/ˌriː.ɪmˈbɝːs/","Employees will be reimbursed for meals during business travel.","Nhân viên sẽ được hoàn lại tiền ăn uống trong chuyến công tác."
"30_Days_TOEIC","RL4","reimbursement","hoàn tiền","noun","/ˌriː.ɪmˈbɝːs.mənt/","Please submit your receipts to request a reimbursement.","Vui lòng nộp hóa đơn để yêu cầu hoàn tiền."
"30_Days_TOEIC","RL4","challenging","thử thách","adj","/ˈtʃæl.ɪn.dʒɪŋ/","Working abroad was the most challenging experience of her career.","Làm việc ở nước ngoài là trải nghiệm thử thách nhất trong sự nghiệp của cô ấy."
"30_Days_TOEIC","RL4","challenge","thách thức","noun","/ˈtʃæl.ɪndʒ/","Meeting the tight deadline was a major challenge for the team.","Đáp ứng thời hạn gấp là một thách thức lớn với nhóm."
"30_Days_TOEIC","RL4","run out","hết, cạn kiệt","verb","/rʌn aʊt/","We might run out of ink if we print all the reports today.","Chúng ta có thể hết mực nếu in tất cả báo cáo hôm nay."
"30_Days_TOEIC","RL4","transfer","chuyển nhượng","verb","/ˈtræns.fɝː/","She was transferred to the Tokyo branch last quarter.","Cô ấy đã được điều chuyển đến chi nhánh Tokyo vào quý trước."
"30_Days_TOEIC","RL4","transfer","sự chuyển đổi","noun","/ˈtræns.fɝː/","The transfer of the employee will take effect on Monday.","Việc điều chuyển nhân viên sẽ có hiệu lực vào thứ Hai."
"30_Days_TOEIC","RL4","invoice","hóa đơn","noun","/ˈɪn.vɔɪs/","Please make sure the invoice is sent before the end of the day.","Vui lòng đảm bảo hóa đơn được gửi trước cuối ngày."
"30_Days_TOEIC","RL4","celebrate","tổ chức kỷ niệm","verb","/ˈsel.ə.breɪt/","We plan to celebrate our company’s 20th anniversary next month.","Chúng tôi dự định tổ chức kỷ niệm 20 năm thành lập công ty vào tháng tới."
"30_Days_TOEIC","RL4","celebration","buổi ăn mừng","noun","/ˌsel.əˈbreɪ.ʃən/","The company held a celebration for exceeding the sales target.","Công ty đã tổ chức một buổi ăn mừng vì vượt mục tiêu doanh số."
"30_Days_TOEIC","RL4","ride","đi bằng xe, ngựa, xe đạp","verb","/raɪd/","Do you usually ride your bike to the office?","Bạn thường đi xe đạp đến văn phòng không?"
"30_Days_TOEIC","RL4","ride","chuyến đi bằng xe","noun","/raɪd/","Thanks for the ride — I really appreciate it.","Cảm ơn vì đã cho tôi đi nhờ — tôi rất cảm kích."
"30_Days_TOEIC","RL4","label","gắn nhãn","verb","/ˈleɪ.bəl/","Please label all the samples before placing them in the storage area.","Vui lòng dán nhãn tất cả mẫu trước khi đặt vào khu lưu trữ."
"30_Days_TOEIC","RL4","label","nhãn dán hoặc mảnh giấy ghi thông tin","noun","/ˈleɪ.bəl/","You can print shipping labels at the front desk.","Bạn có thể in nhãn vận chuyển tại quầy lễ tân."
"30_Days_TOEIC","RL4","supervisor","người giám sát","noun","/ˈsuː.pɚ.vaɪ.zɚ/","You must get approval from your supervisor before requesting time off.","Bạn phải được sự chấp thuận từ quản lý trước khi xin nghỉ."
"30_Days_TOEIC","RL4","supervise","giám sát","verb","/ˈsuː.pɚ.vaɪz/","She supervises a team of five technicians.","Cô ấy giám sát một nhóm gồm năm kỹ thuật viên."
"30_Days_TOEIC","RL4","supervision","sự giám sát","noun","/ˌsuː.pɚˈvɪʒ.ən/","All laboratory work must be done under strict supervision.","Mọi công việc trong phòng thí nghiệm phải được thực hiện dưới sự giám sát chặt chẽ."
"30_Days_TOEIC","RL4","supervisory","liên quan đến giám sát","adj","/ˌsuː.pɚˈvaɪ.zɚ.i/","He was promoted to a supervisory position after two years.","Anh ấy được thăng chức lên vị trí giám sát sau hai năm."
"30_Days_TOEIC","RL4","manual","sách hướng dẫn","noun","/ˈmæn.ju.əl/","Please read the training manual carefully before using the new software.","Vui lòng đọc kỹ tài liệu đào tạo trước khi sử dụng phần mềm mới."
"30_Days_TOEIC","RL4","manual","thủ công","adj","/ˈmæn.ju.əl/","Some machines still require manual input to function.","Một số máy vẫn cần nhập liệu thủ công để hoạt động."
"30_Days_TOEIC","RL4","manually","bằng tay","adverb","/ˈmæn.ju.ə.li/","If the system fails, you'll need to enter the data manually.","Nếu hệ thống gặp sự cố, bạn sẽ cần nhập dữ liệu bằng tay."
"30_Days_TOEIC","RL4","instruction","hướng dẫn","noun","/ɪnˈstrʌk.ʃən/","Please follow the installation instructions carefully.","Vui lòng làm theo hướng dẫn lắp đặt một cách cẩn thận."
"30_Days_TOEIC","RL4","sign","ký tên xác nhận","verb","/saɪn/","Please sign the agreement before the end of the meeting.","Vui lòng ký vào hợp đồng trước khi cuộc họp kết thúc."
"30_Days_TOEIC","RL4","sign","biển báo","noun","/saɪn/","The sign on the door says the office is closed.","Biển báo trên cửa ghi văn phòng đã đóng cửa."
"30_Days_TOEIC","RL4","signature","chữ ký","noun","/ˈsɪɡ.nə.tʃɚ/","We need your signature on this form to proceed.","Chúng tôi cần chữ ký của bạn trên mẫu này để tiếp tục."
"30_Days_TOEIC","RL4","lead","dẫn dắt, chỉ đạo","verb","/liːd/","Who's going to lead the meeting this afternoon?","Ai sẽ chủ trì cuộc họp chiều nay?"
"30_Days_TOEIC","RL4","lead","dẫn đến, đưa đến","verb","/liːd/","This hallway leads to the main conference room.","Hành lang này dẫn đến phòng hội nghị chính."
"30_Days_TOEIC","RL4","leader","người lãnh đạo","noun","/ˈliː.dɚ/","The team leader will review the report before submission.","Trưởng nhóm sẽ xem lại báo cáo trước khi nộp."
"30_Days_TOEIC","RL4","leading","hàng đầu","adj","/ˈliː.dɪŋ/","They work for a leading software company in the industry.","Họ làm việc cho công ty phần mềm hàng đầu trong ngành."
"30_Days_TOEIC","RL4","monitor","giám sát, theo dõi hoạt động","verb","/ˈmɑː.nə.t̬ɚ/","Managers must monitor employee performance regularly.","Quản lý phải giám sát hiệu suất làm việc của nhân viên thường xuyên."
"30_Days_TOEIC","RL4","monitor","màn hình máy tính","noun","/ˈmɑː.nə.t̬ɚ/","This monitor needs to be replaced due to display issues.","Màn hình này cần được thay vì gặp sự cố hiển thị."
"30_Days_TOEIC","RL4","inventory","hàng tồn kho","noun","/ˈɪn.vən.tɔːr.i/","The store manager reviewed the inventory before placing a new order.","Quản lý cửa hàng đã xem lại hàng tồn kho trước khi đặt đơn mới."
"30_Days_TOEIC","RL4","identification","giấy tờ tùy thân hoặc quá trình nhận dạng","noun","/aɪˌden.t̬ə.fəˈkeɪ.ʃən/","You’ll need to show valid identification to enter the building.","Bạn sẽ cần xuất trình giấy tờ tùy thân hợp lệ để vào tòa nhà."
"30_Days_TOEIC","RL4","identify","nhận diện hoặc xác định danh tính","verb","/aɪˈden.t̬ə.faɪ/","Employees must identify themselves at the front desk.","Nhân viên phải xác nhận danh tính tại quầy lễ tân."
"30_Days_TOEIC","RL4","survey","cuộc khảo sát","noun","/ˈsɝː.veɪ/","The company will review the survey results before launching the new service.","Công ty sẽ xem lại kết quả khảo sát trước khi ra mắt dịch vụ mới."
"30_Days_TOEIC","RL4","suggest","đề xuất ý kiến hoặc kế hoạch","verb","/səɡˈdʒest/","The manager suggested reviewing the budget again before approval.","Quản lý đề xuất xem lại ngân sách trước khi phê duyệt."
"30_Days_TOEIC","RL4","suggestion","đề xuất","noun","/səɡˈdʒes.tʃən/","She made a useful suggestion during the meeting.","Cô ấy đã đưa ra một đề xuất hữu ích trong cuộc họp."
"30_Days_TOEIC","RL4","go ahead","tiếp tục làm điều gì đó","verb","/ɡoʊ əˈhed/","You should go ahead and submit the application today.","Bạn nên tiếp tục và nộp đơn đăng ký hôm nay."
"30_Days_TOEIC","RL4","belong to","thuộc về ai đó","verb","/bɪˈlɔːŋ tuː/","Who does this reference manual belong to?","Sổ tay tham khảo này thuộc về ai vậy?"
"30_Days_TOEIC","RL4","belongings","đồ đạc cá nhân","noun","/bɪˈlɔːŋ.ɪŋz/","Please keep your personal belongings with you at all times.","Vui lòng giữ đồ đạc cá nhân bên mình mọi lúc."
"30_Days_TOEIC","RL4","make sure","đảm bảo","verb","/meɪk ʃʊr/","Please make sure to enter your hours on this form.","Vui lòng đảm bảo điền số giờ làm vào mẫu này."
"30_Days_TOEIC","RL4","donate","quyên góp","verb","/ˈdoʊ.neɪt/","Where can I donate some old office equipment?","Tôi có thể quyên góp thiết bị văn phòng cũ ở đâu?"
"30_Days_TOEIC","RL4","donation","sự quyên góp","noun","/doʊˈneɪ.ʃən/","The company made a large donation to a disaster relief fund.","Công ty đã quyên góp một khoản lớn cho quỹ cứu trợ thiên tai."
"30_Days_TOEIC","RL4","donor","người quyên góp","noun","/ˈdoʊ.nɚ/","Each donor will receive a thank-you letter from the organization.","Mỗi người quyên góp sẽ nhận được thư cảm ơn từ tổ chức."
"30_Days_TOEIC","RL4","lower","giảm bớt, hạ thấp","verb","/ˈloʊ.ɚ/","The price was just lowered to attract more customers.","Giá vừa được giảm để thu hút thêm khách hàng."
"30_Days_TOEIC","RL4","lower","thấp hơn","adj","/ˈloʊ.ɚ/","The lower level of the building is used for storage.","Tầng dưới của tòa nhà được dùng làm kho."
"30_Days_TOEIC","RL4","low","thấp","adj","/loʊ/","Sales were low during the first quarter.","Doanh số thấp trong quý đầu tiên."
"30_Days_TOEIC","RL4","raise","tăng lên, nâng cao","verb","/reɪz/","The company plans to raise salaries next year.","Công ty dự định tăng lương vào năm tới."
"30_Days_TOEIC","RL4","branch","chi nhánh","noun","/bræntʃ/","Why is Yoko transferring to the Allensville branch?","Tại sao Yoko lại được chuyển đến chi nhánh Allensville?"
"30_Days_TOEIC","RL4","manage","quản lý","verb","/ˈmæn.ɪdʒ/","Who's managing the production line this week?","Ai đang quản lý dây chuyền sản xuất tuần này?"
"30_Days_TOEIC","RL4","manage","xoay xở, điều hành, quản lý","verb","/ˈmæn.ɪdʒ/","How did Jim manage to pay for the trip?","Làm sao Jim xoay xở trả được chi phí chuyến đi?"
"30_Days_TOEIC","RL4","management","quản lý","noun","/ˈmæn.ɪdʒ.mənt/","The management team is reviewing the budget proposal.","Ban quản lý đang xem xét đề xuất ngân sách."
"30_Days_TOEIC","RL4","manager","quản lý","noun","/ˈmæn.ə.dʒɚ/","Ask the manager if you need approval.","Hãy hỏi quản lý nếu bạn cần phê duyệt."
"30_Days_TOEIC","RL4","managerial","liên quan đến quản lý","adj","/ˌmæn.əˈdʒɪr.i.əl/","He was promoted to a managerial position last year.","Anh ấy được thăng chức lên vị trí quản lý vào năm ngoái."
"30_Days_TOEIC","RL4","manageable","có thể kiểm soát được","adj","/ˈmæn.ɪ.dʒə.bəl/","The tasks are challenging but still manageable.","Các nhiệm vụ tuy khó nhưng vẫn có thể xử lý được."
"30_Days_TOEIC","RL4","ask for","yêu cầu điều gì đó","verb","/æsk fɔːr/","Let’s call the stockroom and ask for more supplies.","Hãy gọi kho và yêu cầu thêm vật tư."
"30_Days_TOEIC","RL4","ask about","hỏi về điều gì đó","verb","/æsk əˈbaʊt/","What does the man ask about in the meeting?","Người đàn ông hỏi về điều gì trong cuộc họp?"
"30_Days_TOEIC","RL4","deliver","giao hàng","verb","/dɪˈlɪv.ɚ/","Will Mr. Lu pick up his order, or should we deliver it?","Ông Lu sẽ tự đến lấy đơn hàng hay chúng tôi nên giao?"
"30_Days_TOEIC","RL4","delivery","giao hàng","noun","/dɪˈlɪv.ɚ.i/","Overnight delivery is available for an extra fee.","Giao hàng qua đêm có sẵn với một khoản phụ phí."
"30_Days_TOEIC","RL4","recommend","đề xuất, gợi ý điều gì đó nên làm hoặc sử dụng","verb","/ˌrek.əˈmend/","Could you recommend any good restaurants in the area?","Bạn có thể giới thiệu nhà hàng nào ngon ở khu vực này không?"
"30_Days_TOEIC","RL4","recommendation","đề xuất hoặc lời khuyên","noun","/ˌrek.ə.menˈdeɪ.ʃən/","The manager made a recommendation to update the software.","Quản lý đã đưa ra đề xuất cập nhật phần mềm."
"30_Days_TOEIC","RL4","purchase","mua sắm","verb","/ˈpɝː.tʃəs/","The tools were purchased at a discount.","Các dụng cụ đã được mua với giá chiết khấu."
"30_Days_TOEIC","RL4","purchase","món hàng mua hoặc hành động mua sắm","noun","/ˈpɝː.tʃəs/","Please put the receipt in the bag with my purchase.","Vui lòng để hóa đơn vào túi cùng với món hàng tôi mua."
"30_Days_TOEIC","RL4","head","đi về hướng nào đó","verb","/hed/","I was just about to head home.","Tôi vừa định đi về nhà."
"30_Days_TOEIC","RL4","head","người đứng đầu","noun","/hed/","Who's the head of the Human Resources Department?","Ai là trưởng bộ phận nhân sự?"
"30_Days_TOEIC","RL4","know if","biết liệu có đúng hay xảy ra không","verb","/noʊ ɪf/","Let me know if you're free to talk today.","Hãy cho tôi biết nếu bạn rảnh để nói chuyện hôm nay."
"30_Days_TOEIC","RL4","lend","cho mượn","verb","/lend/","Could you lend me the training video?","Bạn có thể cho tôi mượn video đào tạo không?"
"30_Days_TOEIC","RL4","weigh","cân trọng lượng","verb","/weɪ/","Please weigh your bag carefully.","Vui lòng cân túi của bạn cẩn thận."
"30_Days_TOEIC","RL4","weight","trọng lượng","noun","/weɪt/","The maximum weight limit for checked baggage is 23 kilograms.","Giới hạn trọng lượng tối đa cho hành lý ký gửi là 23 kg."
"30_Days_TOEIC","RL4","accept","chấp nhận, đồng ý điều gì đó","verb","/əkˈsept/","You accept submissions from freelance writers, don’t you?","Bạn có nhận bài gửi từ các cây viết tự do đúng không?"
"30_Days_TOEIC","RL4","acceptance","sự chấp nhận","noun","/əkˈsep.təns/","We received formal acceptance of the job offer yesterday.","Chúng tôi đã nhận được sự chấp thuận chính thức cho lời mời làm việc hôm qua."
"30_Days_TOEIC","RL4","acceptable","có thể chấp nhận","adj","/əkˈsep.tə.bəl/","The quality of the product was acceptable for the price.","Chất lượng sản phẩm là chấp nhận được với mức giá đó."
"30_Days_TOEIC","RL4","improve","cải thiện","verb","/ɪmˈpruːv/","The food in the cafeteria has improved a lot this year, hasn’t it?","Thức ăn ở căn tin đã cải thiện nhiều trong năm nay, phải không?"
"30_Days_TOEIC","RL4","improvement","sự cải thiện","noun","/ɪmˈpruːv.mənt/","There’s been a noticeable improvement in customer service.","Đã có sự cải thiện rõ rệt trong dịch vụ khách hàng."
"30_Days_TOEIC","RL4","improved","cải tiến, tốt hơn trước","adj","/ɪmˈpruːvd/","The improved version of the product includes a longer battery life.","Phiên bản cải tiến của sản phẩm có thời lượng pin lâu hơn."
"30_Days_TOEIC","RL4","downtown","khu trung tâm thành phố","noun","/ˈdaʊn.taʊn/","I know a great place downtown.","Tôi biết một chỗ rất tuyệt ở trung tâm thành phố."
"30_Days_TOEIC","RL4","require","cần thiết, yêu cầu","verb","/rɪˈkwaɪɚ/","The form requires all applicants to provide a signature.","Biểu mẫu yêu cầu tất cả ứng viên phải ký tên."
"30_Days_TOEIC","RL4","requirement","yêu cầu cần thiết","noun","/rɪˈkwaɪɚ.mənt/","What are the requirements for applying for this position?","Những yêu cầu để ứng tuyển vị trí này là gì?"
"30_Days_TOEIC","RL4","required","bắt buộc","adj","/rɪˈkwaɪɚd/","A valid ID is required for entry into the building.","Phải có giấy tờ tùy thân hợp lệ để vào tòa nhà."
"30_Days_TOEIC","RL4","renew","gia hạn hoặc làm mới","verb","/rɪˈnuː/","Is it possible to renew my fishing license over the phone?","Tôi có thể gia hạn giấy phép câu cá qua điện thoại không?"
"30_Days_TOEIC","RL4","renewal","sự gia hạn","noun","/rɪˈnuː.əl/","We just received a renewal notice for our software license.","Chúng tôi vừa nhận được thông báo gia hạn cho giấy phép phần mềm."
"30_Days_TOEIC","RL4","renewable","có thể tái tạo","adj","/rɪˈnuː.ə.bəl/","The company is investing in renewable energy sources.","Công ty đang đầu tư vào các nguồn năng lượng tái tạo."
"30_Days_TOEIC","RL4","travel","đi du lịch","verb","/ˈtræv.əl/","Aren’t you traveling to China at the end of this month?","Bạn không phải sẽ đi Trung Quốc vào cuối tháng này sao?"
"30_Days_TOEIC","RL4","travel","việc đi lại","noun","/ˈtræv.əl/","All travel expenses must be approved in advance.","Tất cả chi phí đi lại phải được phê duyệt trước."
"30_Days_TOEIC","RL4","no later than","không muộn hơn","preposition","/noʊ ˈleɪ.tɚ ðæn/","The report must be submitted no later than Friday.","Báo cáo phải được nộp không muộn hơn thứ Sáu."
"30_Days_TOEIC","RL4","at the latest","trễ nhất là","phrase","/æt ðə ˈleɪ.tɪst/","You should arrive by 8:00 a.m. at the latest.","Bạn nên đến trễ nhất là vào lúc 8 giờ sáng."
"30_Days_TOEIC","RL4","employee","nhân viên","noun","/ɪmˈplɔɪ.iː/","We've added a lot of new employees lately.","Chúng tôi đã tuyển thêm nhiều nhân viên mới gần đây."
"30_Days_TOEIC","RL4","employ","tuyển dụng","verb","/ɪmˈplɔɪ/","The firm employs over 200 workers worldwide.","Công ty đó tuyển dụng hơn 200 nhân viên trên toàn thế giới."
"30_Days_TOEIC","RL4","employer","người tuyển dụng","noun","/ɪmˈplɔɪ.ɚ/","Please provide the name of your current employer.","Vui lòng cung cấp tên người tuyển dụng hiện tại của bạn."
"30_Days_TOEIC","RL4","holiday","kỳ nghỉ","noun","/ˈhɑː.lə.deɪ/","Aren’t you supposed to be on holiday this week?","Bạn chẳng phải đang nghỉ phép tuần này sao?"
"30_Days_TOEIC","RL4","observe a holiday","nghỉ lễ theo quy định","verb","/əbˈzɝːv ə ˈhɑː.lə.deɪ/","Our company observes all federal holidays.","Công ty chúng tôi nghỉ tất cả các ngày lễ liên bang."
"30_Days_TOEIC","RL4","local","thuộc địa phương","adj","/ˈloʊ.kəl/","Would you like to join the local health club?","Bạn có muốn tham gia câu lạc bộ sức khỏe địa phương không?"
"30_Days_TOEIC","RL4","locally","tại địa phương","adverb","/ˈloʊ.kəl.i/","The vegetables are grown and sold locally.","Rau được trồng và bán tại địa phương."
"30_Days_TOEIC","RL4","localized","tập trung ở một khu vực cụ thể","adj","/ˈloʊ.kəl.aɪzd/","The power outage was localized to a few neighborhoods.","Mất điện chỉ xảy ra ở một vài khu dân cư."
"30_Days_TOEIC","RL4","locality","khu vực","noun","/loʊˈkæl.ə.t̬i/","There are several shops and restaurants in the locality.","Có nhiều cửa hàng và nhà hàng trong khu vực này."
"30_Days_TOEIC","RL4","deserve","xứng đáng nhận điều gì đó","verb","/dɪˈzɝːv/","She deserves the recognition.","Cô ấy xứng đáng được ghi nhận."
"30_Days_TOEIC","RL4","deserved","xứng đáng","adj","/dɪˈzɝːvd/","It was a well-deserved victory after months of hard work.","Đó là chiến thắng xứng đáng sau nhiều tháng làm việc chăm chỉ."
"30_Days_TOEIC","RL4","upstairs","ở tầng trên","adverb","/ˌʌpˈsterz/","Can I help you bring those boxes upstairs?","Tôi có thể giúp bạn mang những hộp đó lên tầng không?"
"30_Days_TOEIC","RL4","wonder","tự hỏi","verb","/ˈwʌn.dɚ/","I wonder who will be hired as an assistant manager, don’t you?","Tôi tự hỏi ai sẽ được tuyển làm trợ lý quản lý, bạn có nghĩ vậy không?"
"30_Days_TOEIC","RL4","mail","thư từ, bưu phẩm","noun","/meɪl/","There's some mail for you.","Có vài thư cho bạn."
"30_Days_TOEIC","RL4","mail","gửi thư","verb","/meɪl/","I’ll mail it in the morning.","Tôi sẽ gửi nó vào buổi sáng."
"30_Days_TOEIC","RL4","mailing","việc gửi thư hàng loạt","noun","/ˈmeɪ.lɪŋ/","We need to update the customer mailing list.","Chúng tôi cần cập nhật danh sách gửi thư khách hàng."
"30_Days_TOEIC","RL4","e-mail","thư điện tử","noun","/ˈiː.meɪl/","I sent the invoice via e-mail yesterday.","Tôi đã gửi hóa đơn qua email hôm qua."
"30_Days_TOEIC","RL4","be supposed to","được cho là phải làm gì đó","verb","/bi səˈpoʊzd tuː/","Aren’t we supposed to have a meeting this afternoon?","Chúng ta chẳng phải có cuộc họp chiều nay sao?"
"30_Days_TOEIC","RL4","suppose","giả định, cho là","verb","/səˈpoʊz/","I suppose they’ll call us once they arrive.","Tôi cho là họ sẽ gọi cho chúng ta khi họ đến."
"30_Days_TOEIC","RL5","candidate","ứng viên","noun","/ˈkæn.dɪ.dət/","He is the best candidate for the job.","Anh ấy là ứng viên tốt nhất cho công việc đó."
"30_Days_TOEIC","RL5","option","sự lựa chọn","noun","/ˈɑːp.ʃən/","I don't know which option is best for my company.","Tôi không biết lựa chọn nào là tốt nhất cho công ty của mình."
"30_Days_TOEIC","RL5","optional","không bắt buộc","adj","/ˈɑːp.ʃən.əl/","Participation in the seminar is optional.","Việc tham gia hội thảo là không bắt buộc."
"30_Days_TOEIC","RL5","optionally","tùy chọn","adverb","/ˈɑːp.ʃən.əl.i/","The form can be optionally filled out online.","Mẫu đơn này có thể được điền trực tuyến nếu muốn."
"30_Days_TOEIC","RL5","replace","thay thế","verb","/rɪˈpleɪs/","I am planning to replace my dishwasher in the near future.","Tôi dự định thay máy rửa chén trong thời gian tới."
"30_Days_TOEIC","RL5","replacement","sản phẩm thay thế","noun","/rɪˈpleɪs.mənt/","We’ll send you a replacement within five business days.","Chúng tôi sẽ gửi cho bạn sản phẩm thay thế trong vòng năm ngày làm việc."
"30_Days_TOEIC","RL5","not until","không xảy ra cho đến khi","preposition","/nɑːt ʌnˈtɪl/","The award dinner’s not until next month.","Bữa tiệc trao giải không diễn ra cho đến tháng sau."
"30_Days_TOEIC","RL5","issue","cấp phát, ban hành","verb","/ˈɪʃ.uː/","We’re in the process of issuing refunds.","Chúng tôi đang trong quá trình hoàn tiền."
"30_Days_TOEIC","RL5","issue","số báo hoặc vấn đề cần giải quyết","noun","/ˈɪʃ.uː/","Take a look at the layout for the next issue of our cooking magazine.","Xem bố cục cho số tiếp theo của tạp chí nấu ăn của chúng ta nhé."
"30_Days_TOEIC","RL5","promotion","khuyến mãi hoặc thăng chức","noun","/prəˈmoʊ.ʃən/","We’d like to let you know about our special promotion.","Chúng tôi muốn thông báo cho bạn về chương trình khuyến mãi đặc biệt."
"30_Days_TOEIC","RL5","promote","quảng bá hoặc thăng chức","verb","/prəˈmoʊt/","The company is promoting its new product line with discounts.","Công ty đang quảng bá dòng sản phẩm mới bằng các chương trình giảm giá."
"30_Days_TOEIC","RL5","promotional","liên quan đến quảng bá","adj","/prəˈmoʊ.ʃən.əl/","They handed out promotional brochures at the event.","Họ phát tờ rơi quảng cáo tại sự kiện."
"30_Days_TOEIC","RL5","advancement","sự thăng tiến trong nghề nghiệp","noun","/ədˈvæns.mənt/","Mason’s promotion marked a significant career advancement.","Việc thăng chức của Mason đánh dấu một bước tiến quan trọng trong sự nghiệp."
"30_Days_TOEIC","RL5","shift","ca làm việc","noun","/ʃɪft/","I’ll see if he can work an extra shift.","Tôi sẽ xem liệu anh ấy có thể làm thêm ca không."
"30_Days_TOEIC","RL5","shift","chuyển đổi vị trí hoặc trách nhiệm","verb","/ʃɪft/","We can shift some of the test work into Lab 1.","Chúng ta có thể chuyển một số công việc kiểm tra sang Phòng Thí Nghiệm 1."
"30_Days_TOEIC","RL5","opening","vị trí tuyển dụng","noun","/ˈoʊ.pən.ɪŋ/","What type of job opening are the speakers discussing?","Diễn giả đang thảo luận về loại vị trí tuyển dụng nào?"
"30_Days_TOEIC","RL5","opening","lễ khai trương","noun","/ˈoʊ.pən.ɪŋ/","Our office's grand-opening celebration is on Monday.","Lễ khai trương văn phòng của chúng tôi sẽ diễn ra vào thứ Hai."
"30_Days_TOEIC","RL5","impressive","gây ấn tượng mạnh","adj","/ɪmˈpres.ɪv/","The executive officers were impressed with everyone’s work.","Các giám đốc điều hành rất ấn tượng với công việc của mọi người."
"30_Days_TOEIC","RL5","impression","ấn tượng","noun","/ɪmˈpreʃ.ən/","He made a strong impression during the interview.","Anh ấy đã tạo ấn tượng mạnh trong buổi phỏng vấn."
"30_Days_TOEIC","RL5","impress","gây ấn tượng","verb","/ɪmˈpres/","He tried to impress the manager with his project results.","Anh ấy cố gây ấn tượng với quản lý bằng kết quả dự án của mình."
"30_Days_TOEIC","RL5","brainstorm","động não","verb","/ˈbreɪn.stɔːrm/","I’d like to start brainstorming about our next perfume.","Tôi muốn bắt đầu động não về dòng nước hoa tiếp theo."
"30_Days_TOEIC","RL5","brainstorming","động não","noun","/ˈbreɪn.stɔːr.mɪŋ/","We had a productive brainstorming session this morning.","Chúng tôi đã có một buổi động não hiệu quả sáng nay."
"30_Days_TOEIC","RL5","feedback","phản hồi","noun","/ˈfiːd.bæk/","I’d really appreciate your feedback.","Tôi rất trân trọng phản hồi của bạn."
"30_Days_TOEIC","RL5","confirm","xác nhận","verb","/kənˈfɝːm/","I’m calling to confirm my room reservation for October 20th.","Tôi gọi để xác nhận đặt phòng của mình vào ngày 20 tháng 10."
"30_Days_TOEIC","RL5","confirmation","sự xác nhận","noun","/ˌkɑːn.fɚˈmeɪ.ʃən/","We haven’t received the order confirmation yet.","Chúng tôi vẫn chưa nhận được xác nhận đơn hàng."
"30_Days_TOEIC","RL5","domestic","nội địa, trong nước; thuộc về gia đình","adj","/dəˈmes.tɪk/","We handle our own domestic deliveries.","Chúng tôi tự xử lý các đơn giao hàng trong nước."
"30_Days_TOEIC","RL5","domestically","trong nước","adverb","/dəˈmes.tɪ.kəl.i/","The product is manufactured domestically to reduce costs.","Sản phẩm được sản xuất trong nước để giảm chi phí."
"30_Days_TOEIC","RL5","warranty","bảo hành","noun","/ˈwɔːr.ən.t̬i/","It came with a one-year warranty.","Nó đi kèm với chế độ bảo hành một năm."
"30_Days_TOEIC","RL5","cover","chi trả cho chi phí","verb","/ˈkʌv.ɚ/","Do you think our budget can cover the additional expense?","Bạn có nghĩ ngân sách của chúng ta có thể chi trả cho khoản chi phí thêm không?"
"30_Days_TOEIC","RL5","cover","đưa tin về sự kiện","verb","/ˈkʌv.ɚ/","I’d like you to cover the mayor’s press conference on Thursday.","Tôi muốn bạn đưa tin buổi họp báo của thị trưởng vào thứ Năm."
"30_Days_TOEIC","RL5","cover","bao gồm","verb","/ˈkʌv.ɚ/","Unfortunately, our warranty only covers defective parts.","Đáng tiếc là bảo hành của chúng tôi chỉ bao gồm các bộ phận bị lỗi."
"30_Days_TOEIC","RL5","cover","phủ lên bề mặt","verb","/ˈkʌv.ɚ/","The table is covered with a cloth.","Cái bàn được phủ bằng một tấm vải."
"30_Days_TOEIC","RL5","upcoming","sắp tới","adj","/ˈʌpˌkʌm.ɪŋ/","I’ve just finished reviewing the financial report for the upcoming meeting.","Tôi vừa xem xong báo cáo tài chính cho cuộc họp sắp tới."
"30_Days_TOEIC","RL5","figure out","tìm ra, hiểu hoặc giải quyết vấn đề","verb","/ˈfɪɡ.jɚ aʊt/","Did he figure out what's wrong with my car?","Anh ấy đã tìm ra xe tôi bị gì chưa?"
"30_Days_TOEIC","RL5","install","lắp đặt hoặc cài đặt","verb","/ɪnˈstɑːl/","It may cost a lot to install a digital projector.","Việc lắp đặt máy chiếu kỹ thuật số có thể tốn nhiều chi phí."
"30_Days_TOEIC","RL5","installation","quá trình lắp đặt","noun","/ˌɪn.stəˈleɪ.ʃən/","The installation of the new printer took less than an hour.","Việc lắp đặt máy in mới mất chưa đến một giờ."
"30_Days_TOEIC","RL5","installer","người lắp đặt","noun","/ɪnˈstɑː.lɚ/","The installer will arrive between 9 and 11 a.m.","Người lắp đặt sẽ đến trong khoảng 9 đến 11 giờ sáng."
"30_Days_TOEIC","RL5","community","cộng đồng","noun","/kəˈmjuː.nə.t̬i/","The factory will bring jobs to our community.","Nhà máy sẽ mang lại việc làm cho cộng đồng của chúng ta."
"30_Days_TOEIC","RL5","nominate","đề cử ai đó cho vị trí hoặc giải thưởng","verb","/ˈnɑː.mə.neɪt/","What do I need to do to nominate someone?","Tôi cần làm gì để đề cử ai đó?"
"30_Days_TOEIC","RL5","nomination","sự đề cử","noun","/ˌnɑː.məˈneɪ.ʃən/","Her nomination was announced during the meeting.","Việc đề cử cô ấy đã được công bố trong cuộc họp."
"30_Days_TOEIC","RL5","publish","xuất bản","verb","/ˈpʌb.lɪʃ/","I wanted to ask about one of the novels we’re publishing in October.","Tôi muốn hỏi về một trong những tiểu thuyết mà chúng ta sẽ xuất bản vào tháng Mười."
"30_Days_TOEIC","RL5","publication","ấn phẩm","noun","/ˌpʌb.ləˈkeɪ.ʃən/","This article will appear in our next publication.","Bài viết này sẽ xuất hiện trong ấn phẩm tiếp theo của chúng tôi."
"30_Days_TOEIC","RL5","publisher","nhà xuất bản","noun","/ˈpʌb.lɪ.ʃɚ/","She works for a major publishing company in New York.","Cô ấy làm việc cho một công ty xuất bản lớn ở New York."
"30_Days_TOEIC","RL5","locate","tìm thấy vị trí","verb","/ˈloʊ.keɪt/","She cannot locate a product.","Cô ấy không thể tìm thấy sản phẩm."
"30_Days_TOEIC","RL5","locate","xác định vị trí","verb","/ˈloʊ.keɪt/","This brochure shows what’s located on each floor.","Tờ quảng cáo này cho thấy những gì được đặt ở mỗi tầng."
"30_Days_TOEIC","RL5","location","vị trí","noun","/loʊˈkeɪ.ʃən/","Please confirm the location of the training session.","Vui lòng xác nhận vị trí buổi đào tạo."
"30_Days_TOEIC","RL5","situate","đặt ở vị trí cụ thể","verb","/ˈsɪtʃ.u.eɪt/","The hotel is situated near the airport.","Khách sạn nằm gần sân bay."
"30_Days_TOEIC","RL5","contractor","nhà thầu","noun","/ˈkɑːn.træk.tɚ/","I suppose we could hire a contractor to help with the work.","Tôi nghĩ chúng ta có thể thuê một nhà thầu để hỗ trợ công việc."
"30_Days_TOEIC","RL5","save","tiết kiệm","verb","/seɪv/","We could save money by changing shipping companies.","Chúng ta có thể tiết kiệm tiền bằng cách đổi công ty vận chuyển."
"30_Days_TOEIC","RL5","save","lưu trữ","verb","/seɪv/","Please save a copy for our files.","Vui lòng lưu một bản sao cho hồ sơ của chúng ta."
"30_Days_TOEIC","RL5","savings","tiền tiết kiệm","noun","/ˈseɪ.vɪŋz/","We achieved significant savings by switching suppliers.","Chúng tôi đã tiết kiệm đáng kể nhờ đổi nhà cung cấp."
"30_Days_TOEIC","RL5","reject","từ chối","verb","/rɪˈdʒekt/","When I tried to log on to my computer, my password was rejected.","Khi tôi cố đăng nhập vào máy tính, mật khẩu của tôi đã bị từ chối."
"30_Days_TOEIC","RL5","rejection","sự từ chối","noun","/rɪˈdʒek.ʃən/","He received a rejection letter from the company.","Anh ấy đã nhận được thư từ chối từ công ty."
"30_Days_TOEIC","RL5","check out","mượn hoặc đăng ký lấy thứ gì đó","verb","/tʃek aʊt/","I’d like to check out these books and journals.","Tôi muốn mượn những quyển sách và tạp chí này."
"30_Days_TOEIC","RL5","check out","xem thử, tìm hiểu thêm","verb","/tʃek aʊt/","For more information, check out our full-page newspaper ad.","Để biết thêm thông tin, hãy xem quảng cáo toàn trang của chúng tôi trên báo."
"30_Days_TOEIC","RL5","extra","thêm, phụ trội","adj","/ˈek.strə/","It took me an extra 30 minutes to get to work today.","Tôi mất thêm 30 phút để đến chỗ làm hôm nay."
"30_Days_TOEIC","RL5","extra","tiền thêm, thứ bổ sung","noun","/ˈek.strə/","If you make a last-minute change, you won’t be charged extra.","Nếu bạn thay đổi vào phút cuối, bạn sẽ không bị tính thêm phí."
"30_Days_TOEIC","RL5","relationship","mối quan hệ","noun","/rɪˈleɪ.ʃən.ʃɪp/","I’ll be giving a presentation on maintaining good relationships.","Tôi sẽ thuyết trình về cách duy trì các mối quan hệ tốt đẹp."
"30_Days_TOEIC","RL5","apologize","xin lỗi","verb","/əˈpɑː.lə.dʒaɪz/","I apologize for the inconvenience.","Tôi xin lỗi vì sự bất tiện này."
"30_Days_TOEIC","RL5","apology","lời xin lỗi","noun","/əˈpɑː.lə.dʒi/","Please accept our sincere apology for the mistake.","Xin vui lòng nhận lời xin lỗi chân thành của chúng tôi vì sai sót này."
"30_Days_TOEIC","RL5","assembly","quá trình lắp ráp","noun","/əˈsem.bli/","We’ll arrange a tour of the assembly line.","Chúng tôi sẽ sắp xếp một chuyến tham quan dây chuyền lắp ráp."
"30_Days_TOEIC","RL5","assemble","lắp ráp hoặc tập hợp lại","verb","/əˈsem.bəl/","Technicians are assembling the new machines now.","Kỹ thuật viên đang lắp ráp các máy mới."
"30_Days_TOEIC","RL5","reservation","đặt chỗ trước","noun","/ˌrez.ɚˈveɪ.ʃən/","Have you already made a reservation?","Bạn đã đặt chỗ trước chưa?"
"30_Days_TOEIC","RL5","reserve","đặt trước","verb","/rɪˈzɝːv/","You should reserve a table in advance.","Bạn nên đặt bàn trước."
"30_Days_TOEIC","RL5","reserved","được đặt trước","adj","/rɪˈzɝːvd/","The seats in the front row are reserved for VIP guests.","Các chỗ ngồi hàng đầu được dành cho khách VIP."
"30_Days_TOEIC","RL5","be sure to","hãy nhớ làm gì đó","verb","/bi ˈʃʊr tuː/","I’ll be sure to stop by her office before I leave.","Tôi sẽ nhớ ghé văn phòng cô ấy trước khi đi."
"30_Days_TOEIC","RL5","assorted","đa dạng, nhiều loại khác nhau","adj","/əˈsɔːr.t̬ɪd/","I ordered assorted sandwiches, beverages, and cookies for dessert.","Tôi đã đặt bánh mì kẹp, đồ uống và bánh quy đa dạng để tráng miệng."
"30_Days_TOEIC","RL5","assortment","tập hợp nhiều loại khác nhau","noun","/əˈsɔːrt.mənt/","The store offers a wide assortment of office supplies.","Cửa hàng cung cấp nhiều loại văn phòng phẩm khác nhau."
"30_Days_TOEIC","RL5","experience","kinh nghiệm","noun","/ɪkˈspɪr.i.əns/","I have experience as a lifeguard.","Tôi có kinh nghiệm làm nhân viên cứu hộ."
"30_Days_TOEIC","RL5","experience","trải qua","verb","/ɪkˈspɪr.i.əns/","You might find that you experience some drowsiness.","Bạn có thể thấy mình cảm thấy buồn ngủ."
"30_Days_TOEIC","RL5","experienced","có kinh nghiệm","adj","/ɪkˈspɪr.i.ənst/","We need an experienced technician for this role.","Chúng tôi cần một kỹ thuật viên có kinh nghiệm cho vai trò này."
"30_Days_TOEIC","RL5","facility","cơ sở vật chất","noun","/fəˈsɪl.ə.t̬i/","We’re ready to build a larger facility and increase production.","Chúng tôi sẵn sàng xây dựng cơ sở lớn hơn và tăng sản lượng."
"30_Days_TOEIC","RL5","loan","khoản vay","noun","/loʊn/","Has Mr. Kim submitted his loan application yet?","Ông Kim đã nộp đơn vay vốn chưa?"
"30_Days_TOEIC","RL5","spot","địa điểm thú vị","noun","/spɑːt/","I can show you some interesting spots to take photos.","Tôi có thể chỉ cho bạn vài địa điểm thú vị để chụp ảnh."
"30_Days_TOEIC","RL5","recipe","công thức nấu ăn","noun","/ˈres.ə.pi/","The recipes we use in our kitchen are fine.","Các công thức mà chúng tôi sử dụng trong bếp đều ổn cả."
"30_Days_TOEIC","RL5","stop by","ghé qua","verb","/stɑːp baɪ/","I’ll stop by later to show you how to use the time entry system.","Tôi sẽ ghé qua sau để hướng dẫn bạn cách dùng hệ thống nhập thời gian."
"30_Days_TOEIC","RL5","prescription","đơn thuốc","noun","/prɪˈskrɪp.ʃən/","My doctor sent a prescription to this pharmacy about an hour ago.","Bác sĩ của tôi đã gửi đơn thuốc đến hiệu thuốc này khoảng một giờ trước."
"30_Days_TOEIC","RL5","prescribe","kê đơn thuốc","verb","/prɪˈskraɪb/","The doctor prescribed antibiotics for the infection.","Bác sĩ đã kê thuốc kháng sinh cho chỗ nhiễm trùng."
"30_Days_TOEIC","RL5","put together","tổ chức, sắp xếp lại","verb","/ˈpʊt təˌɡeð.ɚ/","I’m putting together a lunch outing for my department.","Tôi đang tổ chức một buổi ăn trưa cho phòng ban của mình."
"30_Days_TOEIC","RL5","spacious","rộng rãi","adj","/ˈspeɪ.ʃəs/","It’s a brand-new building with a spacious reception area.","Đó là một tòa nhà mới với khu vực lễ tân rộng rãi."
"30_Days_TOEIC","RL5","space","không gian","noun","/speɪs/","We need more space to store these boxes.","Chúng tôi cần thêm không gian để cất những chiếc hộp này."
"30_Days_TOEIC","RL5","spaciously","một cách rộng rãi","adverb","/ˈspeɪ.ʃəs.li/","The restaurant is spaciously designed to accommodate large groups.","Nhà hàng được thiết kế rộng rãi để phục vụ các nhóm đông người."
"30_Days_TOEIC","RL5","potential","có khả năng, tiềm năng trong tương lai","adj","/pəˈten.ʃəl/","I’m doing a presentation on Wednesday for a potential client.","Tôi sẽ thuyết trình vào thứ Tư cho một khách hàng tiềm năng."
"30_Days_TOEIC","RL5","potentially","có khả năng xảy ra","adverb","/pəˈten.ʃəl.i/","The new software could potentially reduce processing time by 50%.","Phần mềm mới có thể giảm thời gian xử lý tới 50%."
"30_Days_TOEIC","RL5","improvement","sự cải thiện","noun","/ɪmˈpruːv.mənt/","I’ve definitely noticed an improvement over the past few weeks.","Tôi chắc chắn đã nhận thấy sự cải thiện trong vài tuần qua."
"30_Days_TOEIC","RL5","in the meantime","trong lúc chờ đợi","adverb","/ˌɪn ðə ˈmiːn.taɪm/","I have some work I can finish up in the meantime.","Tôi có vài việc có thể hoàn thành trong lúc chờ đợi."
"30_Days_TOEIC","RL5","lease","hợp đồng thuê","noun","/liːs/","We’ll be moving our store when our lease is up.","Chúng tôi sẽ chuyển cửa hàng khi hợp đồng thuê hết hạn."
"30_Days_TOEIC","RL5","remodeling","cải tạo nhà cửa","noun","/ˈriːˌmɑː.dəl.ɪŋ/","I’m considering doing some remodeling that might increase its value.","Tôi đang cân nhắc cải tạo một chút để tăng giá trị của nó."
"30_Days_TOEIC","RL5","remodel","cải tạo, sửa đổi thiết kế hoặc cấu trúc","verb","/ˌriːˈmɑː.dəl/","They plan to remodel the kitchen to make it more modern.","Họ dự định cải tạo bếp để làm nó hiện đại hơn."
"30_Days_TOEIC","RL5","raise","tăng lên","verb","/reɪz/","Did they raise their prices again?","Họ lại tăng giá nữa à?"
"30_Days_TOEIC","RL5","raise","tăng lương","noun","/reɪz/","He’s hoping to get a salary raise this year.","Anh ấy hy vọng được tăng lương trong năm nay."
"30_Days_TOEIC","RL5","overseas","nước ngoài","adj","/ˌoʊ.vɚˈsiːz/","She’s on the telephone with an overseas customer.","Cô ấy đang gọi điện với một khách hàng nước ngoài."
"30_Days_TOEIC","RL5","overseas","ở nước ngoài","adverb","/ˌoʊ.vɚˈsiːz/","I hear you’ll be working overseas.","Tôi nghe nói bạn sẽ làm việc ở nước ngoài."
"30_Days_TOEIC","RL5","account","tài khoản","noun","/əˈkaʊnt/","You can set up a payment account on our website.","Bạn có thể tạo tài khoản thanh toán trên trang web của chúng tôi."
"30_Days_TOEIC","RL6","expand","mở rộng","verb","/ɪkˈspænd/","They're looking to expand their market with some new advertisements.","Họ đang tìm cách mở rộng thị trường bằng một số quảng cáo mới."
"30_Days_TOEIC","RL6","expansion","sự mở rộng","noun","/ɪkˈspæn.ʃən/","The expansion of the factory will create more jobs.","Việc mở rộng nhà máy sẽ tạo thêm nhiều việc làm."
"30_Days_TOEIC","RL6","annual","hàng năm","adj","/ˈæn.ju.əl/","I’m finally done writing our annual report.","Cuối cùng tôi đã hoàn thành việc viết báo cáo thường niên."
"30_Days_TOEIC","RL6","annually","hằng năm","adverb","/ˈæn.ju.ə.li/","Employees receive bonuses annually based on performance.","Nhân viên nhận thưởng hằng năm dựa trên hiệu suất làm việc."
"30_Days_TOEIC","RL6","biannual","hai lần mỗi năm","adj","/ˌbaɪˈæn.ju.əl/","The company holds biannual reviews in June and December.","Công ty tổ chức đánh giá hai lần mỗi năm vào tháng 6 và tháng 12."
"30_Days_TOEIC","RL6","promote","quảng bá","verb","/prəˈmoʊt/","We need to promote that superior quality more aggressively.","Chúng ta cần quảng bá chất lượng vượt trội đó một cách mạnh mẽ hơn."
"30_Days_TOEIC","RL6","promote","thăng chức","verb","/prəˈmoʊt/","Ms. Endo has been promoted to vice-president of communications.","Cô Endo đã được thăng chức làm phó chủ tịch truyền thông."
"30_Days_TOEIC","RL6","deal","xử lý, giải quyết vấn đề","verb","/diːl/","You’ve dealt with these types of issues before.","Bạn đã từng xử lý những loại vấn đề này trước đây."
"30_Days_TOEIC","RL6","deal","thỏa thuận","noun","/diːl/","That sounds like a good deal.","Nghe có vẻ là một thỏa thuận tốt đấy."
"30_Days_TOEIC","RL6","space","khoảng trống hoặc diện tích sử dụng","noun","/speɪs/","Should we get there early to find a parking space?","Chúng ta nên đến sớm để tìm chỗ đậu xe không?"
"30_Days_TOEIC","RL6","popular","được nhiều người ưa thích","adj","/ˈpɑː.pjə.lɚ/","A really popular blogger recently reviewed the magazine.","Một blogger rất nổi tiếng gần đây đã đánh giá tạp chí này."
"30_Days_TOEIC","RL6","popularity","mức độ phổ biến","noun","/ˌpɑː.pjəˈlær.ə.t̬i/","The popularity of the app has grown rapidly.","Ứng dụng này ngày càng trở nên phổ biến."
"30_Days_TOEIC","RL6","popularly","một cách phổ biến","adverb","/ˈpɑː.pjə.lɚ.li/","The building is popularly known as the Green Tower.","Tòa nhà này thường được biết đến với cái tên Tháp Xanh."
"30_Days_TOEIC","RL6","budget","ngân sách","noun","/ˈbʌdʒɪt/","The manager submitted the budget proposal for the upcoming fiscal year.","Người quản lý đã nộp bản đề xuất ngân sách cho năm tài chính sắp tới."
"30_Days_TOEIC","RL6","budgetary","liên quan đến ngân sách","adj","/ˈbʌdʒɪˌteri/","The committee reviewed the budgetary requirements before approving the proposal.","Ủy ban đã xem xét các yêu cầu ngân sách trước khi phê duyệt đề xuất."
"30_Days_TOEIC","RL6","cut back","giảm bớt chi tiêu hoặc sử dụng","verb","/kʌt bæk/","The company had to cut back on travel expenses due to budget constraints.","Công ty phải cắt giảm chi phí đi lại do hạn chế ngân sách."
"30_Days_TOEIC","RL6","cutback","sự cắt giảm","noun","/ˈkʌtˌbæk/","The company announced major cutbacks in production due to declining sales.","Công ty thông báo cắt giảm lớn trong sản xuất do doanh số giảm sút."
"30_Days_TOEIC","RL6","qualified","đủ tiêu chuẩn","adj","/ˈkwɑː.lə.faɪd/","We haven't received any applications from qualified candidates.","Chúng tôi chưa nhận được đơn ứng tuyển nào từ các ứng viên đủ tiêu chuẩn."
"30_Days_TOEIC","RL6","qualification","bằng cấp, kỹ năng cần có cho công việc","noun","/ˌkwɑː.lə.fəˈkeɪ.ʃən/","Applicants must submit proof of their academic qualifications.","Ứng viên phải nộp bằng chứng về trình độ học vấn của mình."
"30_Days_TOEIC","RL6","qualify","đủ điều kiện","verb","/ˈkwɑː.lə.faɪ/","You need a license to qualify for this position.","Bạn cần giấy phép để đủ điều kiện cho vị trí này."
"30_Days_TOEIC","RL6","neighborhood","khu dân cư","noun","/ˈneɪ.bɚ.hʊd/","He found a place in a quiet neighborhood uptown.","Anh ấy đã tìm được một chỗ ở trong một khu dân cư yên tĩnh ở phía bắc thành phố."
"30_Days_TOEIC","RL6","neighbor","người hàng xóm","noun","/ˈneɪ.bɚ/","Our neighbor offered to collect our mail while we’re on vacation.","Người hàng xóm của chúng tôi đã đề nghị lấy thư giúp khi chúng tôi đi nghỉ."
"30_Days_TOEIC","RL6","away","ở xa, vắng mặt","adverb","/əˈweɪ/","She’s been away on business for the last week.","Cô ấy đã đi công tác trong suốt tuần qua."
"30_Days_TOEIC","RL6","correct","sửa, làm cho đúng","verb","/kəˈrekt/","Let me correct that for you.","Để tôi sửa lại điều đó cho bạn."
"30_Days_TOEIC","RL6","correct","đúng, chính xác","adj","/kəˈrekt/","Is that correct?","Điều đó có đúng không?"
"30_Days_TOEIC","RL6","correction","sửa lỗi","noun","/kəˈrek.ʃən/","She submitted a correction to the printed schedule.","Cô ấy đã gửi bản sửa lỗi cho lịch in."
"30_Days_TOEIC","RL6","correctly","một cách chính xác","adverb","/kəˈrekt.li/","Make sure the forms are filled out correctly.","Hãy đảm bảo các biểu mẫu được điền đúng."
"30_Days_TOEIC","RL6","incorrect","không đúng","adj","/ˌɪn.kəˈrekt/","The report was delayed due to incorrect data.","Báo cáo bị trì hoãn vì dữ liệu không chính xác."
"30_Days_TOEIC","RL6","specialize","chuyên môn hóa","verb","/ˈspeʃ.ə.laɪz/","She specializes in drawing outdoor settings and landscapes.","Cô ấy chuyên vẽ bối cảnh ngoài trời và phong cảnh."
"30_Days_TOEIC","RL6","special","đặc biệt","adj","/ˈspeʃ.əl/","They are offering a special discount for early registrations.","Họ đang cung cấp ưu đãi đặc biệt cho những người đăng ký sớm."
"30_Days_TOEIC","RL6","specialization","chuyên môn","noun","/ˌspeʃ.əl.əˈzeɪ.ʃən/","Her specialization is graphic design for mobile applications.","Chuyên môn của cô ấy là thiết kế đồ họa cho ứng dụng di động."
"30_Days_TOEIC","RL6","inconvenience","sự bất tiện","noun","/ˌɪn.kənˈviː.ni.əns/","I’m terribly sorry for the inconvenience.","Tôi vô cùng xin lỗi vì sự bất tiện này."
"30_Days_TOEIC","RL6","convenience","sự thuận tiện","noun","/kənˈviː.ni.əns/","For your convenience, we offer online payment options.","Để thuận tiện cho bạn, chúng tôi cung cấp các lựa chọn thanh toán trực tuyến."
"30_Days_TOEIC","RL6","reasonable","hợp lý","adj","/ˈriː.zən.ə.bəl/","That's certainly a reasonable request.","Đó chắc chắn là một yêu cầu hợp lý."
"30_Days_TOEIC","RL6","reasonably","một cách hợp lý","adverb","/ˈriː.zən.ə.bli/","The rooms are reasonably priced considering the location.","Các phòng được định giá hợp lý xét về vị trí."
"30_Days_TOEIC","RL6","turn out","hóa ra, diễn ra theo cách bất ngờ","verb","/tɝːn aʊt/","It turns out my car won’t be fixed for another couple of days.","Hóa ra xe của tôi sẽ chưa được sửa xong trong vài ngày nữa."
"30_Days_TOEIC","RL6","advantage","lợi thế","noun","/ədˈvæn.t̬ɪdʒ/","What advantage does the new location have?","Địa điểm mới có lợi thế gì?"
"30_Days_TOEIC","RL6","advantageous","có lợi, mang lại lợi thế","adj","/ˌæd.vænˈteɪ.dʒəs/","It would be advantageous to sign the deal this week.","Sẽ có lợi nếu ký hợp đồng trong tuần này."
"30_Days_TOEIC","RL6","disadvantage","điều bất lợi","noun","/ˌdɪs.ədˈvæn.t̬ɪdʒ/","One disadvantage of the location is the lack of parking space.","Một bất lợi của địa điểm là thiếu chỗ đậu xe."
"30_Days_TOEIC","RL6","own","sở hữu","verb","/oʊn/","What type of business does the woman own?","Người phụ nữ sở hữu loại hình kinh doanh nào?"
"30_Days_TOEIC","RL6","own","của riêng mình","adj","/oʊn/","He plans to open up his own business next month.","Anh ấy dự định mở doanh nghiệp riêng vào tháng tới."
"30_Days_TOEIC","RL6","owner","người sở hữu","noun","/ˈoʊ.nɚ/","The restaurant owner is planning to expand next year.","Chủ nhà hàng đang lên kế hoạch mở rộng vào năm tới."
"30_Days_TOEIC","RL6","workload","khối lượng công việc","noun","/ˈwɝːk.loʊd/","You were going to ask for help with our department’s workload, right?","Anh định xin hỗ trợ về khối lượng công việc của bộ phận mình, đúng không?"
"30_Days_TOEIC","RL6","broken","hỏng, không hoạt động được","adj","/ˈbroʊ.kən/","The copying machine is broken again.","Máy photocopy lại bị hỏng rồi."
"30_Days_TOEIC","RL6","misplace","để nhầm chỗ","verb","/ˌmɪsˈpleɪs/","He misplaced a key.","Anh ấy đã để nhầm chỗ chiếc chìa khóa."
"30_Days_TOEIC","RL6","application","mẫu đơn yêu cầu","noun","/ˌæp.ləˈkeɪ.ʃən/","You’ll have to complete this application.","Bạn sẽ phải điền đơn này."
"30_Days_TOEIC","RL6","apply","nộp đơn","verb","/əˈplaɪ/","You can apply online through the company website.","Bạn có thể nộp đơn trực tuyến qua trang web công ty."
"30_Days_TOEIC","RL6","applicant","người nộp đơn","noun","/ˈæp.lə.kənt/","Each applicant will be contacted for an interview.","Mỗi ứng viên sẽ được liên hệ để phỏng vấn."
"30_Days_TOEIC","RL6","connect","kết nối","verb","/kəˈnekt/","A computer is not connected to the network.","Một máy tính không được kết nối với mạng."
"30_Days_TOEIC","RL6","connection","mối liên hệ hoặc sự kết nối","noun","/kəˈnek.ʃən/","We missed the connection because our flight was delayed.","Chúng tôi lỡ chuyến nối vì chuyến bay bị hoãn."
"30_Days_TOEIC","RL6","policy","chính sách","noun","/ˈpɑː.lə.si/","There isn’t a company policy about this.","Không có chính sách công ty nào về việc này."
"30_Days_TOEIC","RL6","sound","nghe có vẻ như","verb","/saʊnd/","Dinner sounds great!","Bữa tối nghe có vẻ tuyệt đấy!"
"30_Days_TOEIC","RL6","handout","tài liệu phát tay","noun","/ˈhænd.aʊt/","Could you make copies of these handouts for the meeting?","Bạn có thể photo những tài liệu này cho cuộc họp không?"
"30_Days_TOEIC","RL6","hand out","phát hoặc phân phát cho mọi người","verb","/hænd aʊt/","They will hand out brochures at the trade show.","Họ sẽ phát tờ rơi tại hội chợ thương mại."
"30_Days_TOEIC","RL6","accommodate","chứa chấp nhận, đáp ứng nhu cầu","verb","/əˈkɑː.mə.deɪt/","Can you accommodate that many?","Bạn có thể chứa được từng ấy người không?"
"30_Days_TOEIC","RL6","accommodation","chỗ ở tạm thời","noun","/əˌkɑː.məˈdeɪ.ʃən/","The hotel offers comfortable accommodation for business travelers.","Khách sạn cung cấp chỗ ở thoải mái cho khách đi công tác."
"30_Days_TOEIC","RL6","rent","thuê mướn","verb","/rent/","I’m calling about renting a suite of offices for my company.","Tôi đang gọi để hỏi về việc thuê một dãy văn phòng cho công ty tôi."
"30_Days_TOEIC","RL6","rent","tiền thuê","noun","/rent/","The cost of electricity is included in the rent.","Chi phí điện đã bao gồm trong tiền thuê."
"30_Days_TOEIC","RL6","rented","được thuê","adj","/ˈren.tɪd/","They moved into a rented apartment near the office.","Họ chuyển vào một căn hộ thuê gần văn phòng."
"30_Days_TOEIC","RL6","crowded","đông đúc","adj","/ˈkraʊ.dɪd/","I can’t believe this bus is so crowded in the middle of the day!","Tôi không thể tin là chiếc xe buýt này lại đông thế vào giữa trưa!"
"30_Days_TOEIC","RL6","crowd","đám đông","noun","/kraʊd/","The crowd gathered in front of the convention center.","Đám đông tụ tập trước trung tâm hội nghị."
"30_Days_TOEIC","RL6","see if","kiểm tra xem","verb","/siː ɪf/","Could you check to see if my report looks okay?","Bạn có thể kiểm tra xem báo cáo của tôi có ổn không?"
"30_Days_TOEIC","RL6","release","phát hành","verb","/rɪˈliːs/","One of our competitors is releasing a similar product in April.","Một trong những đối thủ của chúng ta sẽ phát hành sản phẩm tương tự vào tháng Tư."
"30_Days_TOEIC","RL6","release","sự phát hành","noun","/rɪˈliːs/","We may be able to postpone the release date for another month.","Chúng ta có thể hoãn ngày phát hành thêm một tháng nữa."
"30_Days_TOEIC","RL6","expense","chi phí","noun","/ɪkˈspens/","Could you send me some information about your total expenses?","Bạn có thể gửi tôi một số thông tin về tổng chi phí của bạn không?"
"30_Days_TOEIC","RL6","expend","tiêu tốn","verb","/ɪkˈspend/","The company expended significant resources to complete the project.","Công ty đã tiêu tốn nhiều nguồn lực để hoàn thành dự án."
"30_Days_TOEIC","RL6","expenditure","chi phí","noun","/ɪkˈspen.də.tʃɚ/","Marketing expenditure has increased compared to last year.","Chi tiêu cho tiếp thị đã tăng so với năm ngoái."
"30_Days_TOEIC","RL6","set aside","để dành","verb","/set əˈsaɪd/","Could you set aside an item for me?","Bạn có thể giữ lại một món hàng cho tôi không?"
"30_Days_TOEIC","RL6","background","nền tảng, kinh nghiệm hoặc nguồn gốc cá nhân","noun","/ˈbæk.ɡraʊnd/","You have an extensive background in marketing.","Bạn có nền tảng vững chắc trong lĩnh vực tiếp thị."
"30_Days_TOEIC","RL6","author","tác giả","noun","/ˈɑː.θɚ/","The books there are arranged by author.","Những cuốn sách ở đó được sắp xếp theo tên tác giả."
"30_Days_TOEIC","RL6","evaluation","sự đánh giá chất lượng hoặc giá trị","noun","/ɪˌvæl.juˈeɪ.ʃən/","He has received the best evaluations from his supervisors.","Anh ấy đã nhận được những đánh giá tốt nhất từ các giám sát viên của mình."
"30_Days_TOEIC","RL6","evaluate","đánh giá chất lượng hoặc giá trị","verb","/ɪˈvæl.ju.eɪt/","We need to evaluate the performance of each team member.","Chúng ta cần đánh giá hiệu suất của từng thành viên trong nhóm."
"30_Days_TOEIC","RL6","regional","thuộc về khu vực","adj","/ˈriː.dʒən.əl/","Our city is hosting the regional baseball tournament this week.","Thành phố chúng ta đang tổ chức giải bóng chày khu vực trong tuần này."
"30_Days_TOEIC","RL6","region","khu vực","noun","/ˈriː.dʒən/","Sales in the northern region have increased significantly.","Doanh số ở khu vực phía bắc đã tăng đáng kể."
"30_Days_TOEIC","RL6","shape","hình dáng hoặc tình trạng sức khỏe","noun","/ʃeɪp/","Do you want to get in shape and live a healthier life?","Bạn có muốn vào dáng và sống một cuộc sống lành mạnh hơn không?"
"30_Days_TOEIC","RL6","block","chặn lại, cản trở","verb","/blɑːk/","It’s blocking the road from our factory.","Nó đang chặn con đường từ nhà máy của chúng tôi."
"30_Days_TOEIC","RL6","block","dãy nhà hoặc đoạn đường giữa hai giao lộ","noun","/blɑːk/","The State Theater’s about fifteen blocks east.","Nhà hát State cách đây khoảng mười lăm dãy nhà về phía đông."
"30_Days_TOEIC","RL6","suspend","tạm dừng hoặc hoãn lại","verb","/səˈspend/","The train service may be suspended tomorrow.","Dịch vụ tàu hỏa có thể sẽ bị tạm ngừng vào ngày mai."
"30_Days_TOEIC","RL6","suspension","sự tạm dừng hoặc hoãn lại","noun","/səˈspen.ʃən/","The suspension of flights was due to severe weather.","Việc đình chỉ các chuyến bay là do thời tiết khắc nghiệt."
"30_Days_TOEIC","RL6","project","dự án","noun","/ˈprɑː.dʒekt/","How’s the townhouse renovation project going?","Dự án cải tạo nhà phố đang tiến triển thế nào?"
"30_Days_TOEIC","RL6","public","công chúng","noun","/ˈpʌb.lɪk/","The news won’t be released to the public until tomorrow.","Tin tức sẽ không được công bố cho công chúng cho đến ngày mai."
"30_Days_TOEIC","RL6","public","công cộng","adj","/ˈpʌb.lɪk/","He used public transportation.","Anh ấy đã sử dụng phương tiện giao thông công cộng."
"30_Days_TOEIC","RL6","publicize","quảng bá","verb","/ˈpʌb.lə.saɪz/","The company will publicize the event through social media.","Công ty sẽ quảng bá sự kiện thông qua mạng xã hội."
"30_Days_TOEIC","RL6","publicity","sự chú ý của công chúng hoặc truyền thông","noun","/pʌbˈlɪs.ə.t̬i/","The product launch received a lot of media publicity.","Buổi ra mắt sản phẩm nhận được nhiều sự chú ý từ truyền thông."
"30_Days_TOEIC","RL6","correction","sự sửa lỗi","noun","/kəˈrek.ʃən/","Have you finished the corrections to the handbook?","Bạn đã hoàn thành các chỉnh sửa cho sổ tay chưa?"
"30_Days_TOEIC","RL6","landscaping","thiết kế và chăm sóc cảnh quan ngoài trời","noun","/ˈlænd.skeɪ.pɪŋ/","Now that it’s summer, my landscaping business is getting pretty busy.","Bây giờ là mùa hè, công việc kinh doanh cảnh quan của tôi đang khá bận rộn."
"30_Days_TOEIC","RL6","landscape","cảnh quan","noun","/ˈlænd.skeɪp/","The architect created a landscape that blends with the environment.","Kiến trúc sư đã tạo ra một cảnh quan hài hòa với môi trường."
"30_Days_TOEIC","RL6","injure","làm bị thương","verb","/ˈɪn.dʒɚ/","One of our players was injured during the last game.","Một trong những cầu thủ của chúng tôi đã bị thương trong trận đấu trước."
"30_Days_TOEIC","RL6","injury","vết thương","noun","/ˈɪn.dʒɚ.i/","The worker reported the injury to the safety manager.","Người công nhân đã báo cáo chấn thương cho quản lý an toàn."
"30_Days_TOEIC","RL6","fill out","điền thông tin vào mẫu đơn","verb","/fɪl aʊt/","Why don't you fill out the application form?","Sao bạn không điền vào mẫu đơn xin việc?"
"30_Days_TOEIC","RL6","that way","bằng cách đó","adverb","/ðæt weɪ/","That way we won’t have to worry about parking.","Bằng cách đó, chúng ta sẽ không phải lo lắng về việc đỗ xe."
"30_Days_TOEIC","RL6","damaged","bị hỏng, bị tổn hại","adj","/ˈdæm.ɪdʒd/","This package was damaged during delivery.","Gói hàng này đã bị hỏng trong quá trình giao."
"30_Days_TOEIC","RL6","damage","thiệt hại","noun","/ˈdæm.ɪdʒ/","The technician assessed the extent of the damage.","Kỹ thuật viên đã đánh giá mức độ thiệt hại."
"30_Days_TOEIC","RL6","in time","kịp lúc","adverb","/ɪn taɪm/","Will Mr. Warren be back in time for our two thirty meeting?","Ông Warren sẽ quay lại kịp buổi họp lúc 2 giờ 30 chứ?"
"30_Days_TOEIC","RL7","interested","quan tâm, thích thú","adj","/ˈɪn.trə.stɪd/","Many people are interested in attending the leadership seminar.","Nhiều người quan tâm đến việc tham dự hội thảo lãnh đạo."
"30_Days_TOEIC","RL7","interest","sự quan tâm hoặc sở thích","noun","/ˈɪn.trəst/","There has been growing interest in remote working solutions.","Có sự quan tâm ngày càng tăng đối với các giải pháp làm việc từ xa."
"30_Days_TOEIC","RL7","interesting","thú vị","adj","/ˈɪn.trə.stɪŋ/","It was an interesting discussion about customer behavior trends.","Đó là một cuộc thảo luận thú vị về xu hướng hành vi khách hàng."
"30_Days_TOEIC","RL7","attend","tham dự","verb","/əˈtend/","Employees are required to attend the orientation session next Monday.","Nhân viên được yêu cầu tham dự buổi định hướng vào thứ Hai tới."
"30_Days_TOEIC","RL7","attendance","sự tham dự","noun","/əˈten.dəns/","The attendance at this year’s convention exceeded expectations.","Số người tham dự hội nghị năm nay đã vượt quá kỳ vọng."
"30_Days_TOEIC","RL7","participate","tham gia","verb","/pɑːrˈtɪs.ə.peɪt/","All employees are encouraged to participate in the training program.","Tất cả nhân viên được khuyến khích tham gia chương trình đào tạo."
"30_Days_TOEIC","RL7","estimate","bảng ước tính","noun","/ˈes.tə.mət/","The contractor provided a written estimate for the renovation project.","Nhà thầu đã cung cấp một bảng ước tính bằng văn bản cho dự án cải tạo."
"30_Days_TOEIC","RL7","estimate","ước tính","verb","/ˈes.tə.meɪt/","They estimate the project will take three months to complete.","Họ ước tính dự án sẽ mất ba tháng để hoàn thành."
"30_Days_TOEIC","RL7","estimated","được ước tính","adj","/ˈes.tə.meɪ.tɪd/","The estimated delivery time is between 3 to 5 business days.","Thời gian giao hàng dự kiến là từ 3 đến 5 ngày làm việc."
"30_Days_TOEIC","RL7","flexible","linh hoạt","adj","/ˈflek.sə.bəl/","Our manager is very flexible with vacation requests.","Quản lý của chúng tôi rất linh hoạt với các yêu cầu nghỉ phép."
"30_Days_TOEIC","RL7","flexibility","sự linh hoạt","noun","/ˌflek.səˈbɪl.ə.t̬i/","The job offers great flexibility in terms of working location.","Công việc mang lại sự linh hoạt tuyệt vời về địa điểm làm việc."
"30_Days_TOEIC","RL7","fee","phí dịch vụ","noun","/fiː/","We do charge an extra fee for that service.","Chúng tôi có thu thêm một khoản phí cho dịch vụ đó."
"30_Days_TOEIC","RL7","sold out","đã bán hết","adj","/soʊld aʊt/","It looks like tomorrow night’s show is sold out.","Có vẻ như buổi diễn tối mai đã bán hết vé."
"30_Days_TOEIC","RL7","refundable","có thể hoàn tiền","adj","/rɪˈfʌn.də.bəl/","I’d suggest you buy a refundable ticket.","Tôi đề nghị bạn mua vé có thể hoàn tiền."
"30_Days_TOEIC","RL7","refund","hoàn tiền","noun","/ˈriː.fʌnd/","You will receive a cash refund within five business days.","Bạn sẽ nhận được khoản hoàn tiền bằng tiền mặt trong vòng năm ngày làm việc."
"30_Days_TOEIC","RL7","hire","tuyển dụng","verb","/ˈhaɪər/","Do you think we should hire more staff?","Bạn có nghĩ rằng chúng ta nên tuyển thêm nhân viên không?"
"30_Days_TOEIC","RL7","electronically","bằng phương tiện điện tử","adverb","/iˌlekˈtrɑː.nɪ.kəl.i/","You can fill out the survey online and submit it electronically.","Bạn có thể điền khảo sát trực tuyến và nộp nó bằng phương thức điện tử."
"30_Days_TOEIC","RL7","payment","khoản thanh toán","noun","/ˈpeɪ.mənt/","Your payment is ten days overdue.","Khoản thanh toán của bạn đã quá hạn mười ngày."
"30_Days_TOEIC","RL7","influence","tác động đến suy nghĩ hoặc hành động của ai đó","verb","/ˈɪn.flu.əns/","Most of my paintings were influenced by my visit there.","Hầu hết các bức tranh của tôi đều chịu ảnh hưởng từ chuyến thăm đó."
"30_Days_TOEIC","RL7","influential","có sức ảnh hưởng lớn","adj","/ˌɪn.fluˈen.ʃəl/","He is one of the most influential figures in the industry.","Anh ấy là một trong những nhân vật có ảnh hưởng nhất trong ngành."
"30_Days_TOEIC","RL7","charity","tổ chức từ thiện","noun","/ˈtʃer.ə.t̬i/","I’m here to register for the charity bicycle race.","Tôi đến để đăng ký cuộc đua xe đạp từ thiện."
"30_Days_TOEIC","RL7","charitable","liên quan đến từ thiện, giúp đỡ người khác","adj","/ˈtʃer.ə.t̬ə.bəl/","The foundation supports several charitable causes worldwide.","Tổ chức này hỗ trợ nhiều hoạt động từ thiện trên toàn cầu."
"30_Days_TOEIC","RL7","a couple of","một vài","determiner","/ə ˈkʌp.əl əv/","I bought it from your store a couple of years ago.","Tôi đã mua nó từ cửa hàng của bạn cách đây vài năm."
"30_Days_TOEIC","RL7","property","tài sản hoặc bất động sản sở hữu","noun","/ˈprɑː.pɚ.t̬i/","We have a property available on Ridge Road.","Chúng tôi có một bất động sản sẵn sàng trên đường Ridge."
"30_Days_TOEIC","RL7","leak","chỗ rò rỉ","noun","/liːk/","The leak’s been repaired, but the wall has several cracks.","Chỗ rò rỉ đã được sửa, nhưng bức tường có vài vết nứt."
"30_Days_TOEIC","RL7","leaky","bị rò rỉ","adj","/ˈliː.ki/","The technician replaced a leaky pipe under the kitchen sink.","Kỹ thuật viên đã thay một ống nước bị rò dưới bồn rửa bát."
"30_Days_TOEIC","RL7","management","quản lý","noun","/ˈmæn.ɪdʒ.mənt/","Management is going to give us a bonus this month.","Ban quản lý sẽ thưởng cho chúng ta trong tháng này."
"30_Days_TOEIC","RL7","apply","nộp đơn hoặc yêu cầu chính thức","verb","/əˈplaɪ/","I wish I had the background to apply for the position.","Tôi ước gì mình có đủ năng lực để nộp đơn cho vị trí đó."
"30_Days_TOEIC","RL7","application","đơn xin hoặc yêu cầu chính thức","noun","/ˌæp.ləˈkeɪ.ʃən/","Your application must be submitted by Friday afternoon.","Đơn xin của bạn phải được nộp trước chiều thứ Sáu."
"30_Days_TOEIC","RL7","applicant","người nộp đơn","noun","/ˈæp.lə.kənt/","Each applicant must provide two professional references.","Mỗi ứng viên phải cung cấp hai người giới thiệu chuyên môn."
"30_Days_TOEIC","RL7","last-minute","phút chót","adj","/ˌlæstˈmɪn.ɪt/","Ms. Choi left for a last-minute business trip this morning.","Cô Choi đã đi công tác vào phút chót sáng nay."
"30_Days_TOEIC","RL7","collection","bộ sưu tập","noun","/kəˈlek.ʃən/","Our collection of eighteenth-century sculptures is on display.","Bộ sưu tập các tác phẩm điêu khắc thế kỷ 18 của chúng tôi đang được trưng bày."
"30_Days_TOEIC","RL7","maintenance","bảo trì","noun","/ˈmeɪn.tən.əns/","IT is doing maintenance on our servers the last weekend in March.","Bộ phận IT sẽ bảo trì máy chủ của chúng tôi vào cuối tuần cuối tháng Ba."
"30_Days_TOEIC","RL7","originally","ban đầu","adverb","/əˈrɪdʒ.ən.əl.i/","Which seat was the woman originally assigned to?","Người phụ nữ ban đầu được xếp vào chỗ ngồi nào?"
"30_Days_TOEIC","RL7","original","ban đầu, gốc","adj","/əˈrɪdʒ.ən.əl/","Please present the original receipt for a refund.","Vui lòng xuất trình hóa đơn gốc để được hoàn tiền."
"30_Days_TOEIC","RL7","progress","sự tiến bộ","noun","/ˈprɑː.ɡres/","We’ve made a lot of progress on the print advertisements.","Chúng tôi đã đạt được nhiều tiến bộ trong việc quảng cáo in ấn."
"30_Days_TOEIC","RL7","fascinating","thú vị, cuốn hút","adj","/ˈfæs.ən.eɪ.t̬ɪŋ/","Your books offer a fascinating look at Asian history.","Sách của bạn mang đến một góc nhìn đầy cuốn hút về lịch sử châu Á."
"30_Days_TOEIC","RL7","cancel","hủy bỏ","verb","/ˈkæn.səl/","I need to cancel my appointment for an eye exam on Wednesday.","Tôi cần hủy cuộc hẹn khám mắt vào thứ Tư."
"30_Days_TOEIC","RL7","cancellation","sự hủy bỏ","noun","/ˌkæn.səlˈeɪ.ʃən/","There is a $25 fee for late cancellation of appointments.","Có phí $25 cho việc hủy cuộc hẹn trễ."
"30_Days_TOEIC","RL7","lack","thiếu hụt","verb","/læk/","Our research group lacks experience for the next project.","Nhóm nghiên cứu của chúng tôi thiếu kinh nghiệm cho dự án tiếp theo."
"30_Days_TOEIC","RL7","lack","sự thiếu hụt","noun","/læk/","There is a lack of clerical support in the new department.","Có sự thiếu hỗ trợ hành chính trong phòng ban mới."
"30_Days_TOEIC","RL7","luncheon","bữa trưa trang trọng","noun","/ˈlʌn.tʃən/","I’m organizing a luncheon for an employee who's retiring from my company.","Tôi đang tổ chức một bữa trưa trang trọng cho một nhân viên sắp nghỉ hưu ở công ty tôi."
"30_Days_TOEIC","RL7","later","sau đó","adverb","/ˈleɪ.t̬ɚ/","Can I call you back a bit later to talk about the tour?","Tôi có thể gọi lại cho bạn sau một chút để nói về chuyến tham quan không?"
"30_Days_TOEIC","RL7","edition","ấn bản","noun","/ɪˈdɪʃ.ən/","Check out our ad in the weekend edition of the California Times.","Xem quảng cáo của chúng tôi trong ấn bản cuối tuần của báo California Times."
"30_Days_TOEIC","RL7","missing","bị thiếu","adj","/ˈmɪs.ɪŋ/","It looks like the transaction number is missing.","Có vẻ như số giao dịch đang bị thiếu."
"30_Days_TOEIC","RL7","select","chọn lựa","verb","/səˈlekt/","Could you help me select some paint?","Bạn có thể giúp tôi chọn một số loại sơn không?"
"30_Days_TOEIC","RL7","selection","sự lựa chọn","noun","/səˈlek.ʃən/","We offer a wide selection of imported furniture.","Chúng tôi cung cấp nhiều lựa chọn đồ nội thất nhập khẩu."
"30_Days_TOEIC","RL7","deposit","tiền gửi hoặc tiền đặt cọc","noun","/dɪˈpɑː.zɪt/","A cash deposit is required.","Cần có một khoản đặt cọc bằng tiền mặt."
"30_Days_TOEIC","RL7","deposit","gửi tiền vào tài khoản","verb","/dɪˈpɑː.zɪt/","Your money’s been deposited into your savings account.","Tiền của bạn đã được gửi vào tài khoản tiết kiệm."
"30_Days_TOEIC","RL7","layout","bố cục hoặc cách sắp xếp tổng thể","noun","/ˈleɪ.aʊt/","I have to finish the layout of the front page.","Tôi phải hoàn thành bố cục trang nhất."
"30_Days_TOEIC","RL7","lay out","sắp xếp, bố trí có tổ chức","verb","/leɪ aʊt/","She laid out the brochures neatly on the table.","Cô ấy đã bày các tờ rơi một cách gọn gàng trên bàn."
"30_Days_TOEIC","RL7","terrific","tuyệt vời","adj","/təˈrɪf.ɪk/","Frederick’s done a terrific job with the project.","Frederick đã làm rất tốt với dự án này."
"30_Days_TOEIC","RL7","lay off","cho nghỉ việc do cắt giảm","verb","/leɪ ɔːf/","Lots of companies around here laid off employees recently.","Nhiều công ty quanh đây đã cho nhân viên nghỉ việc gần đây."
"30_Days_TOEIC","RL7","detail","thông tin chi tiết","noun","/ˈdiː.teɪl/","I’ll call him right now and get more details.","Tôi sẽ gọi cho anh ấy ngay để lấy thêm chi tiết."
"30_Days_TOEIC","RL7","detailed","chi tiết, đầy đủ thông tin","adj","/ˈdiː.teɪld/","They submitted a detailed proposal for the new campaign.","Họ đã nộp bản đề xuất chi tiết cho chiến dịch mới."
"30_Days_TOEIC","RL7","calculate","tính toán","verb","/ˈkæl.kjə.leɪt/","I’ll just need the recipient's address so that I can calculate delivery costs.","Tôi chỉ cần địa chỉ người nhận để có thể tính chi phí giao hàng."
"30_Days_TOEIC","RL7","calculation","tính toán","noun","/ˌkæl.kjəˈleɪ.ʃən/","Your calculation of the budget was very accurate.","Việc tính toán ngân sách của bạn rất chính xác."
"30_Days_TOEIC","RL7","calculator","máy tính (để tính toán)","noun","/ˈkæl.kjə.leɪ.t̬ɚ/","I always keep a calculator on my desk for quick math.","Tôi luôn để máy tính trên bàn để tính nhanh."
"30_Days_TOEIC","RL7","mix-up","sự nhầm lẫn","noun","/ˈmɪks.ʌp/","I’m sure there was a mix-up at layout.","Tôi chắc chắn đã có sự nhầm lẫn trong phần bố cục."
"30_Days_TOEIC","RL7","mix up","nhầm lẫn","verb","/mɪks ʌp/","The woman mixed up her appointment date.","Người phụ nữ đã nhầm ngày hẹn của mình."
"30_Days_TOEIC","RL7","advertisement","quảng cáo","noun","/ˌæd.vɚˈtaɪz.mənt/","Do you think a newspaper advertisement would be effective?","Bạn có nghĩ rằng một mẫu quảng cáo trên báo sẽ hiệu quả không?"
"30_Days_TOEIC","RL7","catering","dịch vụ ăn uống cho sự kiện","noun","/ˈkeɪ.t̬ɚ.ɪŋ/","I’m not sure we should hire a catering service.","Tôi không chắc chúng ta có nên thuê dịch vụ ăn uống không."
"30_Days_TOEIC","RL7","cater","phục vụ đồ ăn cho sự kiện hoặc nhóm người","verb","/ˈkeɪ.t̬ɚ/","The hotel restaurant caters to business travelers.","Nhà hàng khách sạn phục vụ cho khách công tác."
"30_Days_TOEIC","RL7","caterer","người cung cấp dịch vụ ăn uống","noun","/ˈkeɪ.t̬ɚ.ɚ/","We need to choose a caterer for the awards ceremony.","Chúng ta cần chọn một đơn vị cung cấp đồ ăn cho lễ trao giải."
"30_Days_TOEIC","RL7","error","sai sót","noun","/ˈer.ɚ/","I need you to correct this error as soon as possible.","Tôi cần bạn sửa lỗi này càng sớm càng tốt."
"30_Days_TOEIC","RL7","overcharge","tính giá cao hơn thực tế","verb","/ˌoʊ.vɚˈtʃɑːrdʒ/","She was overcharged for a service.","Cô ấy đã bị tính phí quá cao cho một dịch vụ."
"30_Days_TOEIC","RL7","routine","thường lệ, định kỳ","adj","/ruːˈtiːn/","We will close the library early for some routine maintenance work.","Chúng tôi sẽ đóng cửa thư viện sớm để thực hiện một số công việc bảo trì định kỳ."
"30_Days_TOEIC","RL7","routine","thói quen hàng ngày","noun","/ruːˈtiːn/","Now I just have to get back into a work routine.","Giờ tôi chỉ cần quay lại với nhịp làm việc thường ngày."
"30_Days_TOEIC","RL7","develop","phát triển hoặc cải tiến điều gì đó","verb","/dɪˈvel.əp/","He developed the system we're currently using.","Anh ấy đã phát triển hệ thống mà chúng ta đang sử dụng hiện nay."
"30_Days_TOEIC","RL7","development","quá trình phát triển","noun","/dɪˈvel.əp.mənt/","This marks a major development in the company’s product line.","Đây là một bước phát triển lớn trong dòng sản phẩm của công ty."
"30_Days_TOEIC","RL7","register","đăng ký","verb","/ˈredʒ.ə.stɚ/","Have a lot of people registered for this afternoon’s seminar?","Có nhiều người đã đăng ký buổi hội thảo chiều nay chưa?"
"30_Days_TOEIC","RL7","register","máy tính tiền","noun","/ˈredʒ.ə.stɚ/","This cash register’s out of receipt paper already!","Máy tính tiền này đã hết giấy in hóa đơn rồi!"
"30_Days_TOEIC","RL7","registration","quá trình đăng ký","noun","/ˌredʒ.əˈstreɪ.ʃən/","Online registration is required for all workshops.","Tất cả các hội thảo đều yêu cầu đăng ký trực tuyến."
"30_Days_TOEIC","RL7","attract","thu hút","verb","/əˈtrækt/","We need to do something to attract more people to the restaurant.","Chúng ta cần làm gì đó để thu hút thêm khách đến nhà hàng."
"30_Days_TOEIC","RL7","attraction","điểm thu hút","noun","/əˈtræk.ʃən/","The museum is a popular tourist attraction.","Bảo tàng là một điểm thu hút du lịch nổi tiếng."
"30_Days_TOEIC","RL7","attractive","hấp dẫn, lôi cuốn","adj","/əˈtræk.tɪv/","They’re offering an attractive benefits package for new hires.","Họ đang cung cấp gói phúc lợi hấp dẫn cho nhân viên mới."
"30_Days_TOEIC","RL7","out of town","không có mặt ở địa phương","adj","/ˌaʊt̬ əv ˈtaʊn/","My sister is visiting from out of town.","Chị tôi đến chơi từ nơi khác."
"30_Days_TOEIC","RL7","rush","sự vội vã","noun","/rʌʃ/","I’ll let your waiter know that you’re in a rush.","Tôi sẽ báo cho phục vụ biết rằng bạn đang vội."
"30_Days_TOEIC","RL7","rush","vội vàng","verb","/rʌʃ/","We won’t have to rush to check in.","Chúng ta sẽ không cần phải vội vã làm thủ tục nhận phòng."
"30_Days_TOEIC","RL7","manufacturer","nhà sản xuất","noun","/ˌmæn.jəˈfæk.tʃɚ.ɚ/","I’ll call the manufacturer for the price list.","Tôi sẽ gọi cho nhà sản xuất để lấy bảng giá."
"30_Days_TOEIC","RL7","manufacture","sản xuất","verb","/ˌmæn.jəˈfæk.tʃɚ/","This company manufactures car parts for several brands.","Công ty này sản xuất linh kiện ô tô cho nhiều thương hiệu."
"30_Days_TOEIC","RL7","negotiate","thương lượng để đạt thỏa thuận","verb","/nəˈɡoʊ.ʃi.eɪt/","We negotiated a lower hourly rate for labor.","Chúng tôi đã thương lượng được mức lương theo giờ thấp hơn cho lao động."
"30_Days_TOEIC","RL7","negotiation","đàm phán","noun","/nəˌɡoʊ.ʃiˈeɪ.ʃən/","Negotiation of the new contract will begin next week.","Việc đàm phán hợp đồng mới sẽ bắt đầu vào tuần tới."
"30_Days_TOEIC","RL7","tenant","người thuê nhà","noun","/ˈten.ənt/","You know how we paint each apartment before new tenants move in?","Bạn biết là chúng ta sơn lại mỗi căn hộ trước khi người thuê mới chuyển vào mà?"
"30_Days_TOEIC","RL8","award","giải thưởng","noun","/əˈwɔːrd/","We received the award for the best household moving company.","Chúng tôi đã nhận được giải thưởng cho công ty chuyển nhà tốt nhất."
"30_Days_TOEIC","RL8","award","trao giải thưởng","verb","/əˈwɔːrd/","Cash prizes will be awarded to the top three performers.","Phần thưởng tiền mặt sẽ được trao cho ba người biểu diễn xuất sắc nhất."
"30_Days_TOEIC","RL8","feature","tính năng, đặc điểm nổi bật","noun","/ˈfiː.tʃɚ/","This mixer includes a lot of great new features.","Máy trộn này có nhiều tính năng mới tuyệt vời."
"30_Days_TOEIC","RL8","feature","trình bày, làm nổi bật","verb","/ˈfiː.tʃɚ/","This exhibit features musical instruments from Western Europe.","Triển lãm này trưng bày nhạc cụ từ Tây Âu."
"30_Days_TOEIC","RL8","featured","được giới thiệu, nổi bật","adj","/ˈfiː.tʃɚd/","The featured speaker at the event is a renowned economist.","Diễn giả chính của sự kiện là một nhà kinh tế học nổi tiếng."
"30_Days_TOEIC","RL8","souvenir","vật lưu niệm","noun","/ˌsuː.vəˈnɪr/","Our tour lasts approximately two hours and ends back here at the souvenir shop.","Chuyến tham quan kéo dài khoảng hai tiếng và kết thúc tại cửa hàng lưu niệm này."
"30_Days_TOEIC","RL8","broadcast","phát sóng","verb","/ˈbrɔːd.kæst/","The event is being broadcast live.","Sự kiện đang được phát sóng trực tiếp."
"30_Days_TOEIC","RL8","broadcaster","đơn vị phát sóng nội dung truyền thông","noun","/ˈbrɔːdˌkæs.tɚ/","The broadcaster received praise for its live election coverage.","Đài truyền hình nhận được lời khen cho việc đưa tin bầu cử trực tiếp."
"30_Days_TOEIC","RL8","representative","người đại diện","noun","/ˌrep.rɪˈzen.tə.tɪv/","Please stay on the line and a sales representative will be with you.","Vui lòng giữ máy, sẽ có nhân viên bán hàng hỗ trợ bạn."
"30_Days_TOEIC","RL8","represent","đại diện, thay mặt hoặc biểu thị cho ai/cái gì","verb","/ˌrep.rɪˈzent/","The logo represents the company’s commitment to quality.","Logo đại diện cho cam kết chất lượng của công ty."
"30_Days_TOEIC","RL8","demonstration","buổi trình diễn hoặc minh họa","noun","/ˌdem.ənˈstreɪ.ʃən/","A cooking demonstration will begin in our seafood department.","Một buổi trình diễn nấu ăn sẽ bắt đầu tại khu hải sản của chúng tôi."
"30_Days_TOEIC","RL8","demonstrate","chứng minh hoặc trình diễn điều gì đó","verb","/ˈdem.ən.streɪt/","The instructor demonstrated the correct way to use the equipment.","Người hướng dẫn đã trình diễn cách sử dụng thiết bị đúng."
"30_Days_TOEIC","RL8","culinary","liên quan đến ẩm thực","adj","/ˈkʌl.ə.ner.i/","You can sample a variety of healthy snacks in our culinary school.","Bạn có thể thử nhiều loại món ăn nhẹ lành mạnh tại trường dạy nấu ăn của chúng tôi."
"30_Days_TOEIC","RL8","hesitate","do dự, ngần ngại","verb","/ˈhez.ɪ.teɪt/","Please don’t hesitate to ask me any questions.","Xin đừng ngần ngại hỏi tôi bất kỳ câu hỏi nào."
"30_Days_TOEIC","RL8","hesitation","sự do dự, ngần ngại","noun","/ˌhez.ɪˈteɪ.ʃən/","Do not hesitate to contact us for more information.","Đừng ngần ngại liên hệ với chúng tôi để biết thêm thông tin."
"30_Days_TOEIC","RL8","proceed to","tiếp tục đến","phrasal verb","/prəˈsiːd tuː/","Please pick up a voucher at the desk and then proceed to the lounge.","Vui lòng lấy phiếu tại quầy và sau đó tiếp tục đến phòng chờ."
"30_Days_TOEIC","RL8","proceed with","tiếp tục thực hiện","phrasal verb","/prəˈsiːd wɪð/","The team decided to proceed with the work despite the delays.","Nhóm đã quyết định tiếp tục công việc mặc dù có sự chậm trễ."
"30_Days_TOEIC","RL8","alternative","sự lựa chọn thay thế","noun","/ɔːlˈtɝː.nə.t̬ɪv/","This healthy snack is a great alternative to junk food.","Món ăn nhẹ lành mạnh này là một sự lựa chọn tuyệt vời thay thế cho đồ ăn vặt không tốt."
"30_Days_TOEIC","RL8","alternatively","một cách khác","adverb","/ɔːlˈtɝː.nə.t̬ɪv.li/","Alternatively, you can take the bus instead of driving.","Bạn cũng có thể đi xe buýt thay vì lái xe."
"30_Days_TOEIC","RL8","alternate","thay phiên, xen kẽ hoặc lựa chọn khác","adj","/ˈɑːl.tɚ.nət/","Taking an alternate route can help avoid traffic jams.","Đi đường khác có thể giúp tránh tắc đường."
"30_Days_TOEIC","RL8","attendee","người tham dự","noun","/əˌtenˈdiː/","Attendees can bring in their own food and drink.","Người tham dự có thể mang đồ ăn và thức uống của riêng mình vào."
"30_Days_TOEIC","RL8","attendant","người phục vụ hoặc trợ giúp","noun","/əˈten.dənt/","Flight attendant","nhân viên phục vụ trên máy bay, parking attendant"
"30_Days_TOEIC","RL8","attend","tham dự","verb","/əˈtend/","She will attend the conference next week.","Cô ấy sẽ tham dự hội nghị vào tuần tới."
"30_Days_TOEIC","RL8","reward","phần thưởng","noun","/rɪˈwɔːrd/","What will the final winner be rewarded with?","Người chiến thắng cuối cùng sẽ được thưởng gì?"
"30_Days_TOEIC","RL8","rewarding","đem lại sự hài lòng, xứng đáng với công sức bỏ ra","adj","/rɪˈwɔːr.dɪŋ/","Teaching young children can be a very rewarding experience.","Dạy trẻ nhỏ có thể là một trải nghiệm rất bổ ích."
"30_Days_TOEIC","RL8","patron","khách quen, người ủng hộ","noun","/ˈpeɪ.trən/","This was made possible by generous contributions from patrons like you.","Điều này trở nên khả thi nhờ những đóng góp rộng lượng từ các khách hàng như bạn."
"30_Days_TOEIC","RL8","patronage","sự ủng hộ, tài trợ thường xuyên","noun","/ˈpeɪ.trə.nɪdʒ/","The theater depends on patronage to fund its productions.","Nhà hát phụ thuộc vào sự tài trợ để duy trì các buổi diễn."
"30_Days_TOEIC","RL8","customer","khách hàng","noun","/ˈkʌs.tə.mɚ/","Customers expect excellent service and quality products.","Khách hàng mong đợi dịch vụ xuất sắc và sản phẩm chất lượng."
"30_Days_TOEIC","RL8","loyal","trung thành","adj","/ˈlɔɪ.əl/","Thank you for being our loyal customers over the past five years.","Cảm ơn bạn đã là khách hàng trung thành của chúng tôi trong suốt năm năm qua."
"30_Days_TOEIC","RL8","loyalty","sự trung thành","noun","/ˈlɔɪ.əl.ti/","Customer loyalty is essential for business success.","Lòng trung thành của khách hàng là điều cần thiết cho sự thành công của doanh nghiệp."
"30_Days_TOEIC","RL8","applause","tiếng vỗ tay tán thưởng","noun","/əˈplɔːz/","Let’s give a nice round of applause for Margaret Lopez.","Chúng ta hãy dành một tràng pháo tay nồng nhiệt cho Margaret Lopez."
"30_Days_TOEIC","RL8","applaud","vỗ tay tán thưởng","verb","/əˈplɔːd/","Everyone applauded when the concert ended.","Mọi người đã vỗ tay khi buổi hòa nhạc kết thúc."
"30_Days_TOEIC","RL8","reputation","danh tiếng, uy tín","noun","/ˌrep.jəˈteɪ.ʃən/","Are you looking for a travel agency with a solid reputation?","Bạn có đang tìm một đại lý du lịch có uy tín vững chắc không?"
"30_Days_TOEIC","RL8","outgoing","cởi mở, hòa đồng","adj","/ˌaʊtˈɡoʊ.ɪŋ/","There has been a time change for the luncheon for the outgoing president.","Đã có thay đổi giờ cho bữa tiệc trưa của vị chủ tịch sắp mãn nhiệm."
"30_Days_TOEIC","RL8","incoming","đến nơi, sắp tới","adj","/ˈɪn.kʌm.ɪŋ/","Gusty wind conditions are causing delays of both incoming and outgoing flights.","Gió mạnh đang gây trì hoãn cả các chuyến bay đến và đi."
"30_Days_TOEIC","RL8","comprehensive","toàn diện, bao quát","adj","/ˌkɑːm.prɪˈhen.sɪv/","For a comprehensive list of our upcoming events, please visit our Web site.","Để xem danh sách toàn diện các sự kiện sắp tới, vui lòng truy cập trang web của chúng tôi."
"30_Days_TOEIC","RL8","comprehend","hiểu biết, nắm bắt ý nghĩa","verb","/ˌkɑːm.prɪˈhend/","Many people find it difficult to comprehend advanced mathematics.","Nhiều người thấy khó hiểu toán học nâng cao."
"30_Days_TOEIC","RL8","comprehensible","dễ hiểu","adj","/ˌkɑːm.prɪˈhen.sə.bəl/","The report was written in clear and comprehensible language.","Báo cáo được viết bằng ngôn ngữ rõ ràng và dễ hiểu."
"30_Days_TOEIC","RL8","direct","hướng dẫn","verb","/dəˈrekt/","May I please see your ticket so I can direct you to your seat?","Xin vui lòng cho tôi xem vé của bạn để tôi có thể hướng dẫn bạn đến chỗ ngồi."
"30_Days_TOEIC","RL8","direction","hướng dẫn","noun","/dəˈrek.ʃən/","Follow the direction on the map to reach the venue.","Theo hướng dẫn trên bản đồ để đến địa điểm."
"30_Days_TOEIC","RL8","directly","trực tiếp","adverb","/dəˈrekt.li/","He spoke directly to the audience about the issues.","Anh ấy nói chuyện trực tiếp với khán giả về các vấn đề."
"30_Days_TOEIC","RL8","indirect","không trực tiếp","adj","/ˌɪn.dɪˈrekt/","They took an indirect route to avoid traffic.","Họ đã đi một tuyến đường vòng để tránh tắc đường."
"30_Days_TOEIC","RL8","host","tổ chức sự kiện","verb","/hoʊst/","It’s my pleasure to host this retirement party for Frank Thomas.","Tôi rất vui được tổ chức bữa tiệc chia tay cho Frank Thomas."
"30_Days_TOEIC","RL8","host","người dẫn chương trình hoặc chủ nhà","noun","/hoʊst/","I’m your host, Marlee Sandoval.","Tôi là người dẫn chương trình của bạn, Marlee Sandoval."
"30_Days_TOEIC","RL8","talented","có tài năng","adj","/ˈtæl.ən.tɪd/","We’re thrilled to have such a talented group of writers joining us.","Chúng tôi rất vui khi có một nhóm nhà văn tài năng gia nhập."
"30_Days_TOEIC","RL8","remarkable","đáng chú ý, xuất sắc","adj","/rɪˈmɑːr.kə.bəl/","Let’s move on to recognizing some of the most remarkable employees in our organization.","Chúng ta hãy chuyển sang việc vinh danh một số nhân viên xuất sắc nhất trong tổ chức."
"30_Days_TOEIC","RL8","remark","lời nhận xét","noun","/rɪˈmɑːrk/","The manager made a positive remark about the team’s effort.","Quản lý đã có lời nhận xét tích cực về nỗ lực của nhóm."
"30_Days_TOEIC","RL8","remarkably","một cách đáng chú ý","adverb","/rɪˈmɑːr.kə.bli/","The project was completed remarkably ahead of schedule.","Dự án đã hoàn thành một cách đáng chú ý trước thời hạn."
"30_Days_TOEIC","RL8","anniversary","ngày kỷ niệm","noun","/ˌæn.ɪˈvɜːr.sɚ.i/","This weekend Franklyn Supermarket is celebrating its tenth anniversary.","Cuối tuần này, siêu thị Franklyn sẽ tổ chức lễ kỷ niệm 10 năm thành lập."
"30_Days_TOEIC","RL8","report","báo cáo","noun","/rɪˈpɔːrt/","Please submit the report on the status of the project by Friday.","Vui lòng nộp báo cáo về tình trạng dự án trước thứ Sáu."
"30_Days_TOEIC","RL8","report","báo cáo","verb","/rɪˈpɔːrt/","The manager asked employees to report any safety concerns immediately.","Quản lý yêu cầu nhân viên báo cáo ngay các vấn đề an toàn."
"30_Days_TOEIC","RL8","contain","chứa đựng","verb","/kənˈteɪn/","Our newsletter contains the times and dates of all our monthly meetings.","Bản tin của chúng tôi bao gồm thời gian và ngày tháng của tất cả các cuộc họp hàng tháng."
"30_Days_TOEIC","RL8","container","vật chứa hàng hóa","noun","/kənˈteɪ.nɚ/","The shipping container was loaded onto the cargo ship.","Chiếc container vận chuyển được chất lên tàu hàng."
"30_Days_TOEIC","RL8","permit","cho phép","verb","/pɚˈmɪt/","The museum does not permit visitors to take photographs.","Bảo tàng không cho phép du khách chụp ảnh."
"30_Days_TOEIC","RL8","permit","giấy phép","noun","/ˈpɝː.mɪt/","You need a permit to park in this area.","Bạn cần giấy phép để đỗ xe ở khu vực này."
"30_Days_TOEIC","RL8","permission","sự cho phép","noun","/pɚˈmɪʃ.ən/","You must ask for permission before leaving early.","Bạn phải xin phép trước khi rời đi sớm."
"30_Days_TOEIC","RL8","permissive","dễ dãi, cho phép tự do","adj","/pɚˈmɪs.ɪv/","The manager has a permissive attitude toward flexible schedules.","Quản lý có thái độ dễ dãi với lịch trình linh hoạt."
"30_Days_TOEIC","RL8","tune","điều chỉnh kênh truyền hình hoặc radio","verb","/tuːn/","Many viewers tuned to the channel for the evening news.","Nhiều khán giả đã điều chỉnh sang kênh để xem bản tin tối."
"30_Days_TOEIC","RL8","tune","giai điệu bắt tai","noun","/tuːn/","The commercial featured a catchy tune that stayed in my head all day.","Quảng cáo có một giai điệu bắt tai khiến tôi nhớ cả ngày."
"30_Days_TOEIC","RL8","retail","bán lẻ","noun","/ˈriː.teɪl/","Seasonal promotions often boost retail sales in December.","Các chương trình khuyến mãi theo mùa thường thúc đẩy doanh số bán lẻ vào tháng Mười Hai."
"30_Days_TOEIC","RL8","retail","bán lẻ","verb","/ˈriː.teɪl/","The new product will retail for $25 nationwide.","Sản phẩm mới sẽ được bán lẻ với giá 25 đô trên toàn quốc."
"30_Days_TOEIC","RL8","retail","liên quan đến bán lẻ","adj","/ˈriː.teɪl/","Retail prices are expected to rise due to supply issues.","Giá bán lẻ dự kiến sẽ tăng do vấn đề nguồn cung."
"30_Days_TOEIC","RL8","retailer","nhà bán lẻ","noun","/ˈriː.teɪ.lɚ/","The retailer plans to open ten new locations this year.","Nhà bán lẻ dự định mở mười chi nhánh mới trong năm nay."
"30_Days_TOEIC","RL8","smoothly","một cách suôn sẻ","adverb","/ˈsmuːð.li/","The interview process went smoothly from start to finish.","Quá trình phỏng vấn diễn ra suôn sẻ từ đầu đến cuối."
"30_Days_TOEIC","RL8","smooth","êm ái, không gợn sóng","adj","/smuːð/","The transition to the new system was smooth and efficient.","Việc chuyển đổi sang hệ thống mới diễn ra êm ả và hiệu quả."
"30_Days_TOEIC","RL8","accurate","chính xác","adj","/ˈæk.jɚ.ət/","The accountant provided accurate financial data to the board.","Kế toán đã cung cấp dữ liệu tài chính chính xác cho ban giám đốc."
"30_Days_TOEIC","RL8","inaccurate","không chính xác","adj","/ɪnˈæk.jɚ.ət/","The report was rejected due to inaccurate figures.","Báo cáo bị từ chối do số liệu không chính xác."
"30_Days_TOEIC","RL8","last","kéo dài","verb","/læst/","The training session will last approximately three hours.","Buổi đào tạo sẽ kéo dài khoảng ba tiếng."
"30_Days_TOEIC","RL8","lasting","lâu dài","adj","/ˈlæs.tɪŋ/","The changes had a lasting impact on company policy.","Những thay đổi đó đã có tác động lâu dài đến chính sách công ty."
"30_Days_TOEIC","RL8","note","lưu ý","verb","/noʊt/","Please note that the meeting has been rescheduled.","Vui lòng lưu ý rằng cuộc họp đã được dời lại."
"30_Days_TOEIC","RL8","note","lời nhắn","noun","/noʊt/","He left a note on my desk about the canceled appointment.","Anh ấy để lại lời nhắn trên bàn tôi về cuộc hẹn bị hủy."
"30_Days_TOEIC","RL8","notable","đáng chú ý, nổi bật","adj","/ˈnoʊ.t̬ə.bəl/","The report outlines several notable improvements in productivity.","Báo cáo nêu rõ một số cải tiến đáng chú ý về năng suất."
"30_Days_TOEIC","RL8","noted","nổi tiếng","adj","/ˈnoʊ.t̬ɪd/","He is a noted expert in international law.","Ông ấy là chuyên gia nổi tiếng trong lĩnh vực luật quốc tế."
"30_Days_TOEIC","RL8","refreshments","đồ ăn nhẹ và nước uống","noun","/rɪˈfreʃ.mənts/","Refreshments will be served after the awards ceremony.","Đồ ăn nhẹ sẽ được phục vụ sau buổi lễ trao giải."
"30_Days_TOEIC","RL8","remind","nhắc nhở","verb","/rɪˈmaɪnd/","I’d like to remind everyone to submit the report by Friday.","Tôi muốn nhắc mọi người nộp báo cáo trước thứ Sáu."
"30_Days_TOEIC","RL8","reminder","lời nhắc nhở","noun","/rɪˈmaɪn.dɚ/","The manager sent out a reminder about the staff meeting.","Quản lý đã gửi lời nhắc về cuộc họp nhân viên."
"30_Days_TOEIC","RL8","organization","tổ chức","noun","/ˌɔːr.ɡən.əˈzeɪ.ʃən/","The organization provides free training for new employees.","Tổ chức này cung cấp đào tạo miễn phí cho nhân viên mới."
"30_Days_TOEIC","RL8","organize","sắp xếp, tổ chức","verb","/ˈɔːr.ɡən.aɪz/","They organized a conference for small business owners.","Họ đã tổ chức một hội thảo dành cho chủ doanh nghiệp nhỏ."
"30_Days_TOEIC","RL8","organizational","thuộc về tổ chức","adj","/ˌɔːr.ɡən.əˈzeɪ.ʃən.əl/","The consultant recommended several organizational changes.","Chuyên gia tư vấn đã đề xuất một số thay đổi về cơ cấu tổ chức."
"30_Days_TOEIC","RL8","association","hiệp hội, tổ chức chung mục tiêu","noun","/əˌsoʊ.siˈeɪ.ʃən/","She is a member of the national marketing association.","Cô ấy là thành viên của hiệp hội tiếp thị quốc gia."
"30_Days_TOEIC","RL8","construction","quá trình xây dựng","noun","/kənˈstrʌk.ʃən/","Construction of the new office complex will be completed by next year.","Việc xây dựng khu văn phòng mới sẽ hoàn tất vào năm tới."
"30_Days_TOEIC","RL8","construct","xây dựng hoặc lắp ráp","verb","/kənˈstrʌkt/","The team constructed a temporary shelter for the workers.","Nhóm đã dựng lên một nơi trú tạm thời cho công nhân."
"30_Days_TOEIC","RL8","constructive","mang tính xây dựng, giúp cải thiện","adj","/kənˈstrʌk.tɪv/","The manager welcomed all constructive suggestions from employees.","Quản lý hoan nghênh mọi ý kiến mang tính xây dựng từ nhân viên."
"30_Days_TOEIC","RL8","constructively","một cách tích cực","adverb","/kənˈstrʌk.tɪv.li/","The feedback was delivered constructively to avoid discouraging the team.","Phản hồi được đưa ra một cách xây dựng để tránh làm nản lòng nhóm."
"30_Days_TOEIC","RL8","share","chia sẻ","verb","/ʃer/","I'd like to share some updates about the upcoming project.","Tôi muốn chia sẻ một số thông tin cập nhật về dự án sắp tới."
"30_Days_TOEIC","RL8","share","phần chia, cổ phần","noun","/ʃer/","The company’s market share has grown significantly this year.","Thị phần của công ty đã tăng đáng kể trong năm nay."
"30_Days_TOEIC","RL8","discuss","thảo luận","verb","/dɪˈskʌs/","We will discuss the budget proposal in tomorrow's meeting.","Chúng ta sẽ thảo luận về đề xuất ngân sách trong cuộc họp ngày mai."
"30_Days_TOEIC","RL8","discussion","cuộc thảo luận","noun","/dɪˈskʌʃ.ən/","There was a long discussion about the proposed policy changes.","Đã có một cuộc thảo luận dài về các thay đổi chính sách được đề xuất."
"30_Days_TOEIC","RL8","outdated","lỗi thời","adj","/ˌaʊtˈdeɪ.t̬ɪd/","The company upgraded its outdated computer systems last month.","Công ty đã nâng cấp hệ thống máy tính lỗi thời vào tháng trước."
"30_Days_TOEIC","RL8","old-fashioned","lỗi thời","adj","/ˌoʊldˈfæʃ.ənd/","He prefers using old-fashioned tools instead of digital ones.","Anh ấy thích dùng công cụ kiểu cũ thay vì công cụ kỹ thuật số."
"30_Days_TOEIC","RL8","highlight","làm nổi bật","verb","/ˈhaɪ.laɪt/","The presentation will highlight the key benefits of the new service.","Bài thuyết trình sẽ làm nổi bật các lợi ích chính của dịch vụ mới."
"30_Days_TOEIC","RL8","highlight","điểm nhấn","noun","/ˈhaɪ.laɪt/","The highlight of the conference was the keynote speech.","Điểm nhấn của hội nghị là bài phát biểu chính."
"30_Days_TOEIC","RL8","emphasize","nhấn mạnh tầm quan trọng","verb","/ˈem.fə.saɪz/","The manager emphasized the importance of meeting deadlines.","Quản lý nhấn mạnh tầm quan trọng của việc đúng hạn."
"30_Days_TOEIC","RL8","prestigious","danh tiếng, được kính trọng","adj","/presˈtɪdʒ.əs/","She graduated from a prestigious university in the United States.","Cô ấy tốt nghiệp từ một trường đại học danh tiếng ở Hoa Kỳ."
"30_Days_TOEIC","RL8","mark","đánh dấu sự kiện quan trọng","verb","/mɑːrk/","Today marks the official launch of our newest product.","Hôm nay đánh dấu sự ra mắt chính thức của sản phẩm mới nhất của chúng tôi."
"30_Days_TOEIC","RL8","mark","dấu hiệu, vết hoặc điểm đánh dấu","noun","/mɑːrk/","The product received high marks for both quality and design.","Sản phẩm nhận được điểm cao về cả chất lượng lẫn thiết kế."
"30_Days_TOEIC","RL8","enthusiastic","đầy nhiệt huyết","adj","/ɪnˌθuː.ziˈæs.tɪk/","We need enthusiastic team members for the upcoming project.","Chúng tôi cần những thành viên đầy nhiệt huyết cho dự án sắp tới."
"30_Days_TOEIC","RL8","enthusiastically","một cách nhiệt tình","adverb","/ɪnˌθuː.ziˈæs.tɪ.kəl.i/","The team enthusiastically supported the manager’s proposal.","Cả nhóm đã ủng hộ nhiệt tình đề xuất của quản lý."
"30_Days_TOEIC","RL8","enthusiasm","sự nhiệt tình","noun","/ɪnˈθuː.zi.æz.əm/","Her enthusiasm for the project was clear from the beginning.","Sự nhiệt huyết của cô ấy với dự án rõ ràng ngay từ đầu."
"30_Days_TOEIC","RL8","recognize","công nhận hoặc nhận ra","verb","/ˈrek.əɡ.naɪz/","The company will recognize top performers at the annual banquet.","Công ty sẽ vinh danh những người có thành tích cao tại buổi tiệc thường niên."
"30_Days_TOEIC","RL8","recognition","sự công nhận","noun","/ˌrek.əɡˈnɪʃ.ən/","The award is a recognition of her years of service.","Giải thưởng là sự ghi nhận cho nhiều năm cống hiến của cô ấy."
"30_Days_TOEIC","RL8","recognizable","dễ nhận ra","adj","/ˈrek.əɡ.naɪ.zə.bəl/","The logo is easily recognizable to consumers.","Biểu tượng này rất dễ nhận ra với người tiêu dùng."
"30_Days_TOEIC","RL8","concern","mối lo ngại","noun","/kənˈsɝːn/","There is growing concern over the company’s declining sales.","Có mối lo ngại ngày càng tăng về doanh số giảm của công ty."
"30_Days_TOEIC","RL8","concern","liên quan đến","verb","/kənˈsɝːn/","The memo concerns the new policy on remote work.","Bản ghi nhớ liên quan đến chính sách làm việc từ xa mới."
"30_Days_TOEIC","RL8","concerned","lo lắng, quan tâm","adj","/kənˈsɝːnd/","Many employees are concerned about possible layoffs.","Nhiều nhân viên lo lắng về khả năng bị sa thải."
"30_Days_TOEIC","RL8","concerning","liên quan đến","preposition","/kənˈsɝː.nɪŋ/","The company issued a statement concerning the recent incident.","Công ty đã đưa ra tuyên bố liên quan đến sự cố gần đây."
"30_Days_TOEIC","RL8","task","nhiệm vụ hoặc công việc cần hoàn thành","noun","/tæsk/","Each employee is assigned a specific task for the project.","Mỗi nhân viên được giao một nhiệm vụ cụ thể cho dự án."
"30_Days_TOEIC","RL8","attention","sự chú ý","noun","/əˈten.ʃən/","Please give your full attention during the safety briefing.","Vui lòng tập trung hoàn toàn trong phần hướng dẫn an toàn."
"30_Days_TOEIC","RL8","attentive","chú ý, quan tâm đến người khác","adj","/əˈten.t̬ɪv/","The staff was attentive to every customer’s request.","Nhân viên đã chú ý đến từng yêu cầu của khách hàng."
"30_Days_TOEIC","RL8","practical","thực tế, khả thi trong ứng dụng","adj","/ˈpræk.tɪ.kəl/","This training program offers practical skills for the workplace.","Chương trình đào tạo này cung cấp kỹ năng thực tế cho nơi làm việc."
"30_Days_TOEIC","RL8","impractical","không thực tế","adj","/ɪmˈpræk.tɪ.kəl/","Building a factory in that area would be impractical.","Xây dựng một nhà máy ở khu vực đó sẽ không thực tế."
"30_Days_TOEIC","RL8","volunteer","tình nguyện viên","noun","/ˌvɑː.lənˈtɪr/","Many volunteers helped organize the community fair.","Nhiều tình nguyện viên đã giúp tổ chức hội chợ cộng đồng."
"30_Days_TOEIC","RL8","volunteer","tình nguyện làm việc gì đó","verb","/ˌvɑː.lənˈtɪr/","Several employees volunteered to work overtime.","Một số nhân viên đã tình nguyện làm thêm giờ."
"30_Days_TOEIC","RL8","voluntary","tự nguyện","adj","/ˈvɑː.lən.ter.i/","Attendance at the workshop is voluntary but strongly encouraged.","Việc tham dự hội thảo là tự nguyện nhưng được khuyến khích mạnh mẽ."
"30_Days_TOEIC","RL8","voluntarily","một cách tự nguyện","adverb","/ˈvɑː.lən.ter.əl.i/","He left the organization voluntarily to pursue other goals.","Anh ấy rời tổ chức một cách tự nguyện để theo đuổi mục tiêu khác."
"30_Days_TOEIC","RL8","get back to","phản hồi lại hoặc quay lại việc đang làm dở","verb","/ɡet bæk tuː/","I’ll get back to you once I confirm the schedule.","Tôi sẽ phản hồi bạn sau khi xác nhận lịch trình."
"30_Days_TOEIC","RL9","prohibit","cấm làm điều gì đó","verb","/prəˈhɪb.ɪt/","The policy strictly prohibits smoking in the office.","Chính sách nghiêm cấm hút thuốc trong văn phòng."
"30_Days_TOEIC","RL9","prohibition","sự cấm đoán","noun","/ˌproʊ.əˈbɪʃ.ən/","There is a strict prohibition on using electronic devices during the exam.","Có lệnh cấm nghiêm ngặt việc sử dụng thiết bị điện tử trong kỳ thi."
"30_Days_TOEIC","RL9","thrilled","rất vui mừng, phấn khích","adj","/θrɪld/","We’re thrilled to announce the launch of our new product line.","Chúng tôi rất vui mừng thông báo ra mắt dòng sản phẩm mới."
"30_Days_TOEIC","RL9","complimentary","miễn phí","adj","/ˌkɑːm.pləˈmen.t̬ɚ.i/","Guests will receive a complimentary breakfast during their stay.","Khách sẽ được phục vụ bữa sáng miễn phí trong thời gian lưu trú."
"30_Days_TOEIC","RL9","look forward to","mong chờ điều gì đó trong tương lai","verb","/lʊk ˈfɔːr.wɚd tuː/","We look forward to hearing from you soon.","Chúng tôi mong sớm nhận được phản hồi từ bạn."
"30_Days_TOEIC","RL9","fit","phù hợp","verb","/fɪt/","We’ll try to find a time that fits your schedule.","Chúng tôi sẽ cố gắng tìm thời gian phù hợp với lịch của bạn."
"30_Days_TOEIC","RL9","article","bài viết","noun","/ˈɑːr.t̬ɪ.kəl/","She submitted an article about workplace safety to the company newsletter.","Cô ấy đã gửi một bài viết về an toàn nơi làm việc cho bản tin công ty."
"30_Days_TOEIC","RL9","article","món đồ","noun","/ˈɑːr.t̬ɪ.kəl/","The museum displayed ancient articles made from clay and bronze.","Bảo tàng trưng bày những món đồ cổ làm từ đất sét và đồng."
"30_Days_TOEIC","RL9","announcement","thông báo chính thức","noun","/əˈnaʊns.mənt/","The announcement about the policy change was sent to all staff.","Thông báo về thay đổi chính sách đã được gửi đến toàn bộ nhân viên."
"30_Days_TOEIC","RL9","announce","thông báo chính thức","verb","/əˈnaʊns/","The company announced the opening of a new factory in Texas.","Công ty đã thông báo việc mở nhà máy mới ở Texas."
"30_Days_TOEIC","RL9","renowned","nổi tiếng và được kính trọng","adj","/rɪˈnaʊnd/","The company hired a renowned expert to lead the research team.","Công ty đã thuê một chuyên gia nổi tiếng để dẫn dắt nhóm nghiên cứu."
"30_Days_TOEIC","RL9","discount","giảm giá","noun","/ˈdɪs.kaʊnt/","We’re offering a 20% discount on all office supplies this week.","Chúng tôi đang giảm giá 20% cho tất cả đồ dùng văn phòng trong tuần này."
"30_Days_TOEIC","RL9","discounted","được giảm giá","adj","/ˈdɪs.kaʊn.tɪd/","The store sells discounted electronics every weekend.","Cửa hàng bán đồ điện tử giảm giá mỗi cuối tuần."
"30_Days_TOEIC","RL9","commute","đi lại giữa nhà và nơi làm việc hoặc học tập","verb","/kəˈmjuːt/","Many employees commute to the office by train every morning.","Nhiều nhân viên đi làm bằng tàu hỏa mỗi sáng."
"30_Days_TOEIC","RL9","commuter","người đi làm hàng ngày","noun","/kəˈmjuː.t̬ɚ/","The station is always crowded with early morning commuters.","Nhà ga luôn đông người đi làm vào sáng sớm."
"30_Days_TOEIC","RL9","market","thị trường","noun","/ˈmɑːr.kɪt/","There’s strong demand in the real estate market right now.","Hiện có nhu cầu lớn trên thị trường bất động sản."
"30_Days_TOEIC","RL9","market","tiếp thị sản phẩm","verb","/ˈmɑːr.kɪt/","We plan to market our new service through social media.","Chúng tôi dự định tiếp thị dịch vụ mới qua mạng xã hội."
"30_Days_TOEIC","RL9","marketing","tiếp thị","noun","/ˈmɑːr.kɪ.t̬ɪŋ/","Our marketing strategy targets young professionals.","Chiến lược tiếp thị của chúng tôi nhắm vào giới trẻ chuyên nghiệp."
"30_Days_TOEIC","RL9","marketable","dễ bán, có thể tiêu thụ trên thị trường","adj","/ˈmɑːr.kɪ.t̬ə.bəl/","This design is highly marketable in overseas markets.","Thiết kế này rất dễ tiêu thụ ở thị trường nước ngoài."
"30_Days_TOEIC","RL9","career","nghề nghiệp lâu dài","noun","/kəˈrɪr/","She decided to pursue a career in international finance.","Cô ấy quyết định theo đuổi sự nghiệp trong lĩnh vực tài chính quốc tế."
"30_Days_TOEIC","RL9","package","đóng gói","verb","/ˈpæk.ɪdʒ/","The company packages its products using recyclable materials.","Công ty đóng gói sản phẩm của mình bằng vật liệu tái chế."
"30_Days_TOEIC","RL9","package","gói hàng","noun","/ˈpæk.ɪdʒ/","Your package should arrive within three business days.","Gói hàng của bạn sẽ đến trong vòng ba ngày làm việc."
"30_Days_TOEIC","RL9","packaging","bao bì","noun","/ˈpæk.ɪ.dʒɪŋ/","The new packaging design helped boost product sales.","Thiết kế bao bì mới đã giúp tăng doanh số bán hàng."
"30_Days_TOEIC","RL9","favorable","thuận lợi, tích cực","adj","/ˈfeɪ.vər.ə.bəl/","The product received favorable reviews from both critics and customers.","Sản phẩm nhận được đánh giá tích cực từ cả giới phê bình và khách hàng."
"30_Days_TOEIC","RL9","favor","sự giúp đỡ","noun","/ˈfeɪ.vɚ/","Could you do me a favor and send this email?","Bạn có thể giúp tôi gửi email này không?"
"30_Days_TOEIC","RL9","favorably","một cách tích cực","adverb","/ˈfeɪ.vər.ə.bli/","The new policy was favorably received by employees.","Chính sách mới được nhân viên đón nhận tích cực."
"30_Days_TOEIC","RL9","unfavorable","bất lợi, không thuận lợi","adj","/ʌnˈfeɪ.vɚ.ə.bəl/","The project was delayed due to unfavorable weather.","Dự án bị trì hoãn do thời tiết bất lợi."
"30_Days_TOEIC","RL9","confident","tự tin","adj","/ˈkɑːn.fə.dənt/","The team is confident that the new strategy will succeed.","Nhóm rất tự tin rằng chiến lược mới sẽ thành công."
"30_Days_TOEIC","RL9","confidence","sự tự tin","noun","/ˈkɑːn.fə.dəns/","He has a lot of confidence in his team's abilities.","Anh ấy có nhiều niềm tin vào năng lực của đội mình."
"30_Days_TOEIC","RL9","confidently","một cách tự tin","adverb","/ˈkɑːn.fə.dənt.li/","He confidently answered all the questions during the interview.","Anh ấy tự tin trả lời tất cả các câu hỏi trong buổi phỏng vấn."
"30_Days_TOEIC","RL9","reminder","lời nhắc","noun","/rɪˈmaɪn.dɚ/","This is a reminder that all invoices are due by Friday.","Đây là lời nhắc rằng tất cả hóa đơn cần thanh toán trước thứ Sáu."
"30_Days_TOEIC","RL9","remind","nhắc nhở","verb","/rɪˈmaɪnd/","Please remind me to call the supplier this afternoon.","Làm ơn nhắc tôi gọi cho nhà cung cấp chiều nay."
"30_Days_TOEIC","RL9","unique","độc đáo, khác biệt","adj","/juːˈniːk/","Each handmade item is completely unique in design.","Mỗi sản phẩm thủ công đều có thiết kế hoàn toàn độc đáo."
"30_Days_TOEIC","RL9","match","phù hợp với, sánh được với","verb","/mætʃ/","No other offer could match the price we received.","Không có đề nghị nào có thể sánh được với mức giá mà chúng tôi nhận được."
"30_Days_TOEIC","RL9","match","trận đấu","noun","/mætʃ/","The soccer match was postponed due to bad weather.","Trận đấu bóng đá bị hoãn do thời tiết xấu."
"30_Days_TOEIC","RL9","sale","đợt giảm giá","noun","/seɪl/","They’re having a big clearance sale this weekend.","Họ đang tổ chức đợt giảm giá xả hàng lớn vào cuối tuần này."
"30_Days_TOEIC","RL9","sale","doanh số bán hàng","noun","/seɪl/","Sales increased significantly after the new product launch.","Doanh số đã tăng đáng kể sau khi ra mắt sản phẩm mới."
"30_Days_TOEIC","RL9","inspire","truyền cảm hứng","verb","/ɪnˈspaɪr/","The manager’s speech inspired the team to improve performance.","Bài phát biểu của quản lý đã truyền cảm hứng cho nhóm cải thiện hiệu suất."
"30_Days_TOEIC","RL9","inspiration","nguồn cảm hứng","noun","/ˌɪn.spəˈreɪ.ʃən/","His grandfather was the inspiration behind his career in medicine.","Ông của anh ấy là nguồn cảm hứng cho sự nghiệp y khoa của anh."
"30_Days_TOEIC","RL9","inspirational","truyền cảm hứng","adj","/ˌɪn.spəˈreɪ.ʃən.əl/","The film is based on an inspirational true story.","Bộ phim dựa trên một câu chuyện có thật đầy cảm hứng."
"30_Days_TOEIC","RL9","nutritious","bổ dưỡng, tốt cho sức khỏe","adj","/nuːˈtrɪʃ.əs/","These nutritious meals are designed for busy professionals.","Những bữa ăn bổ dưỡng này được thiết kế cho người đi làm bận rộn."
"30_Days_TOEIC","RL9","nutrition","dinh dưỡng","noun","/nuːˈtrɪʃ.ən/","Good nutrition plays a key role in maintaining energy levels.","Chế độ dinh dưỡng tốt đóng vai trò quan trọng trong việc duy trì năng lượng."
"30_Days_TOEIC","RL9","point out","chỉ ra","verb","/pɔɪnt aʊt/","I’d like to point out a few key changes in the schedule.","Tôi muốn chỉ ra một vài thay đổi quan trọng trong lịch trình."
"30_Days_TOEIC","RL9","comfortable","thoải mái, dễ chịu","adj","/ˈkʌm.fɚ.tə.bəl/","The hotel room was clean and comfortable for the whole stay.","Phòng khách sạn sạch sẽ và thoải mái suốt kỳ nghỉ."
"30_Days_TOEIC","RL9","comfort","sự thoải mái","noun","/ˈkʌm.fɚt/","The sofa was designed with both comfort and style in mind.","Chiếc ghế sofa được thiết kế để đảm bảo sự thoải mái và phong cách."
"30_Days_TOEIC","RL9","uncomfortable","không thoải mái, khó chịu","adj","/ʌnˈkʌm.fɚ.tə.bəl/","The chairs in the waiting room were hard and uncomfortable.","Ghế trong phòng chờ thì cứng và không thoải mái."
"30_Days_TOEIC","RL9","keynote","bài phát biểu chính","noun","/ˈkiː.noʊt/","The conference will begin with a keynote on industry innovation.","Hội nghị sẽ bắt đầu bằng bài phát biểu chính về đổi mới trong ngành."
"30_Days_TOEIC","RL9","athletic","liên quan đến thể thao, vận động tốt","adj","/æθˈlet̬.ɪk/","This store specializes in athletic gear and performance wear.","Cửa hàng này chuyên về thiết bị thể thao và đồ mặc hiệu suất cao."
"30_Days_TOEIC","RL9","introduce","giới thiệu","verb","/ˌɪn.trəˈduːs/","We’d like to introduce our new marketing director.","Chúng tôi xin giới thiệu giám đốc marketing mới của công ty."
"30_Days_TOEIC","RL9","introduction","phần giới thiệu","noun","/ˌɪn.trəˈdʌk.ʃən/","The host gave a brief introduction before the presentation.","Người dẫn chương trình đã có phần giới thiệu ngắn gọn trước bài thuyết trình."
"30_Days_TOEIC","RL9","high-quality","chất lượng cao","adj","/ˌhaɪˈkwɑː.lə.t̬i/","They supply high-quality equipment to medical professionals.","Họ cung cấp thiết bị chất lượng cao cho các chuyên gia y tế."
"30_Days_TOEIC","RL9","prepare","chuẩn bị","verb","/prɪˈper/","The team prepared a detailed report for the meeting.","Nhóm đã chuẩn bị một báo cáo chi tiết cho cuộc họp."
"30_Days_TOEIC","RL9","preparation","sự chuẩn bị","noun","/ˌprep.əˈreɪ.ʃən/","Final preparations are being made for tomorrow’s grand opening.","Những khâu chuẩn bị cuối cùng đang được thực hiện cho lễ khai trương ngày mai."
"30_Days_TOEIC","RL9","device","thiết bị hoặc công cụ chuyên dụng","noun","/dɪˈvaɪs/","The technician demonstrated how to use the new security device.","Kỹ thuật viên đã trình bày cách sử dụng thiết bị an ninh mới."
"30_Days_TOEIC","RL9","take time","dành thời gian","verb","/teɪk taɪm/","Please take time to read all the instructions carefully.","Vui lòng dành thời gian đọc kỹ tất cả hướng dẫn."
"30_Days_TOEIC","RL9","minor","nhỏ, không nghiêm trọng","adj","/ˈmaɪ.nɚ/","There was a minor issue with the projector before the presentation.","Có một sự cố nhỏ với máy chiếu trước buổi thuyết trình."
"30_Days_TOEIC","RL9","minor","nhỏ, không quan trọng","adj","/ˈmaɪ.nɚ/","We had to pause the meeting due to a minor technical issue.","Chúng tôi phải tạm dừng cuộc họp vì một sự cố kỹ thuật nhỏ."
"30_Days_TOEIC","RL9","latest","mới nhất","adj","/ˈleɪ.t̬ɪst/","The company just launched its latest smartphone model.","Công ty vừa ra mắt mẫu điện thoại thông minh mới nhất."
"30_Days_TOEIC","RL9","decorate","trang trí","verb","/ˈdek.ə.reɪt/","We plan to decorate the conference room for the holiday party.","Chúng tôi dự định trang trí phòng họp cho bữa tiệc ngày lễ."
"30_Days_TOEIC","RL9","decoration","vật trang trí","noun","/ˌdek.əˈreɪ.ʃən/","The team completed the holiday decorations just in time.","Nhóm đã hoàn tất việc trang trí lễ hội đúng lúc."
"30_Days_TOEIC","RL9","decorative","mang tính trang trí","adj","/ˈdek.ər.ə.t̬ɪv/","The office uses decorative lighting to enhance the ambiance.","Văn phòng sử dụng đèn trang trí để tăng vẻ thẩm mỹ."
"30_Days_TOEIC","RL9","innovative","sáng tạo, mới mẻ","adj","/ˈɪn.ə.veɪ.t̬ɪv/","The company is known for its innovative approach to product development.","Công ty được biết đến với cách tiếp cận sáng tạo trong phát triển sản phẩm."
"30_Days_TOEIC","RL9","innovate","đổi mới","verb","/ˈɪn.ə.veɪt/","To stay competitive, companies must constantly innovate.","Để duy trì tính cạnh tranh, các công ty phải liên tục đổi mới."
"30_Days_TOEIC","RL9","innovation","sự đổi mới","noun","/ˌɪn.əˈveɪ.ʃən/","Technological innovation is critical in today’s global market.","Đổi mới công nghệ là yếu tố then chốt trong thị trường toàn cầu hiện nay."
"30_Days_TOEIC","RL9","vote","bỏ phiếu","verb","/voʊt/","Participants will vote for their favorite design at the end of the session.","Người tham dự sẽ bỏ phiếu cho thiết kế yêu thích vào cuối buổi."
"30_Days_TOEIC","RL9","vote","phiếu bầu hoặc hành động bỏ phiếu","noun","/voʊt/","The design with the most votes will be featured in the catalog.","Thiết kế có số phiếu cao nhất sẽ được đưa vào danh mục."
"30_Days_TOEIC","RL9","voter","người bỏ phiếu","noun","/ˈvoʊ.t̬ɚ/","Each voter is allowed to select only one preferred option.","Mỗi người bỏ phiếu chỉ được chọn một phương án ưa thích."
"30_Days_TOEIC","RL9","voting","hành động bỏ phiếu","noun","/ˈvoʊ.t̬ɪŋ/","Voting will begin at noon and close at 5 p.m. sharp.","Việc bỏ phiếu sẽ bắt đầu vào buổi trưa và kết thúc đúng 5 giờ chiều."
"30_Days_TOEIC","RL9","detour","đường vòng tạm thời","noun","/ˈdiː.tʊr/","Drivers had to take a detour due to road construction.","Tài xế phải đi đường vòng do công trình trên đường."
"30_Days_TOEIC","RL9","fund","cấp tiền cho mục đích cụ thể","verb","/fʌnd/","The company funded a new training program for employees.","Công ty đã tài trợ một chương trình đào tạo mới cho nhân viên."
"30_Days_TOEIC","RL9","fund","quỹ tiền cho mục đích cụ thể","noun","/fʌnd/","The scholarship fund helps students from low-income families.","Quỹ học bổng giúp đỡ sinh viên từ gia đình thu nhập thấp."
"30_Days_TOEIC","RL9","funding","sự cấp vốn","noun","/ˈfʌn.dɪŋ/","We applied for government funding to develop the software.","Chúng tôi đã xin tài trợ từ chính phủ để phát triển phần mềm."
"30_Days_TOEIC","RL9","private","riêng tư, không công khai","adj","/ˈpraɪ.vət/","The museum is funded by private donors.","Bảo tàng được tài trợ bởi các nhà hảo tâm tư nhân."
"30_Days_TOEIC","RL9","privately","một cách riêng tư","adverb","/ˈpraɪ.vət.li/","The CEO met privately with the board members.","Giám đốc điều hành đã họp riêng với các thành viên hội đồng quản trị."
"30_Days_TOEIC","RL9","forecast","dự đoán tương lai dựa trên dữ liệu hiện tại","verb","/ˈfɔːr.kæst/","Experts forecast strong economic growth next quarter.","Các chuyên gia dự đoán tăng trưởng kinh tế mạnh trong quý tới."
"30_Days_TOEIC","RL9","forecast","dự báo","noun","/ˈfɔːr.kæst/","The weather forecast shows heavy rain this weekend.","Dự báo thời tiết cho thấy có mưa lớn vào cuối tuần này."
"30_Days_TOEIC","RL9","restore","khôi phục lại","verb","/rɪˈstɔːr/","Technicians worked quickly to restore the power supply.","Kỹ thuật viên đã làm việc nhanh chóng để khôi phục nguồn điện."
"30_Days_TOEIC","RL9","restoration","quá trình khôi phục","noun","/ˌres.təˈreɪ.ʃən/","The restoration of the historic building took over a year.","Việc khôi phục tòa nhà cổ mất hơn một năm."
"30_Days_TOEIC","RL9","expert","chuyên gia","noun","/ˈek.spɝːt/","We invited an IT expert to give a workshop on cybersecurity.","Chúng tôi mời một chuyên gia CNTT đến tổ chức hội thảo về an ninh mạng."
"30_Days_TOEIC","RL9","expert","chuyên gia","adj","/ˈek.spɝːt/","He gave expert advice on how to manage project risks.","Anh ấy đưa ra lời khuyên chuyên môn về cách quản lý rủi ro dự án."
"30_Days_TOEIC","RL9","expertise","kiến thức chuyên môn","noun","/ˌek.spɝːˈtiːz/","His expertise in digital marketing helped grow the company.","Chuyên môn của anh ấy trong tiếp thị số đã giúp công ty phát triển."
"30_Days_TOEIC","RL9","occasion","dịp đặc biệt","noun","/əˈkeɪ.ʒən/","We reserved a private room for the special occasion.","Chúng tôi đã đặt phòng riêng cho dịp đặc biệt này."
"30_Days_TOEIC","RL9","occasional","thỉnh thoảng","adj","/əˈkeɪ.ʒən.əl/","He makes occasional visits to the head office.","Anh ấy thỉnh thoảng đến thăm trụ sở chính."
"30_Days_TOEIC","RL9","occasionally","thỉnh thoảng","adverb","/əˈkeɪ.ʒən.əl.i/","We occasionally offer promotions on selected items.","Chúng tôi thỉnh thoảng có khuyến mãi cho một số mặt hàng."
"30_Days_TOEIC","RL9","list","danh sách","noun","/lɪst/","The receptionist gave me a list of available meeting rooms.","Lễ tân đã đưa cho tôi danh sách các phòng họp còn trống."
"30_Days_TOEIC","RL9","list","liệt kê","verb","/lɪst/","The schedule lists all upcoming training sessions.","Lịch trình liệt kê tất cả các buổi đào tạo sắp tới."
"30_Days_TOEIC","RL9","just in case","phòng khi","adverb","/ɪn keɪs/","Bring your badge just in case they check at the entrance.","Mang theo thẻ của bạn để phòng khi họ kiểm tra ở lối vào."
"30_Days_TOEIC","RL9","honor","vinh dự, tôn trọng","noun","/ˈɑː.nɚ/","It’s a great honor to receive this award from the organization.","Đó là một vinh dự lớn khi nhận được giải thưởng từ tổ chức này."
"30_Days_TOEIC","RL9","honor","vinh danh, kính trọng","verb","/ˈɑː.nɚ/","We are honored to be chosen as your official supplier.","Chúng tôi rất vinh dự được chọn làm nhà cung cấp chính thức cho quý vị."
"30_Days_TOEIC","RL9","run low","sắp hết, gần cạn","verb","/rʌn loʊ/","We’re running low on toner and need to order more.","Chúng tôi sắp hết mực in và cần đặt thêm."
"30_Days_TOEIC","RL9","explain","giải thích","verb","/ɪkˈspleɪn/","The manager explained the changes in the company’s policy.","Quản lý đã giải thích các thay đổi trong chính sách của công ty."
"30_Days_TOEIC","RL9","explanation","lời giải thích","noun","/ˌek.spləˈneɪ.ʃən/","He gave a detailed explanation of the new billing system.","Anh ấy đã đưa ra lời giải thích chi tiết về hệ thống thanh toán mới."
"30_Days_TOEIC","RL9","slippery","trơn, dễ trượt","adj","/ˈslɪp.ɚ.i/","Be careful — the floor is wet and very slippery.","Cẩn thận – sàn nhà ướt và rất trơn."
"30_Days_TOEIC","RL9","slip","trượt ngã hoặc di chuyển khỏi vị trí","verb","/slɪp/","He slipped on the wet floor and hurt his back.","Anh ấy trượt ngã trên sàn ướt và bị đau lưng."
"30_Days_TOEIC","RL9","fair","hội chợ","noun","/fer/","The city is organizing a community fair this weekend.","Thành phố đang tổ chức một hội chợ cộng đồng vào cuối tuần này."
"30_Days_TOEIC","RL9","fair","công bằng, hợp lý","adj","/fer/","We want to ensure fair treatment for all employees.","Chúng tôi muốn đảm bảo sự đối xử công bằng cho tất cả nhân viên."
"30_Days_TOEIC","RL9","fairly","khá, tương đối","adverb","/ˈfer.li/","The instructions were fairly easy to follow.","Hướng dẫn khá dễ làm theo."
"30_Days_TOEIC","RL9","unfair","không công bằng","adj","/ʌnˈfer/","It would be unfair to judge the results before seeing the full report.","Sẽ là không công bằng nếu đánh giá kết quả trước khi xem toàn bộ báo cáo."
"30_Days_TOEIC","RL9","furnishings","nội thất và vật dụng trang trí","noun","/ˈfɝː.nɪ.ʃɪŋz/","The showroom features modern office furnishings for startups.","Phòng trưng bày có nội thất văn phòng hiện đại dành cho các công ty khởi nghiệp."
"30_Days_TOEIC","RL9","furnish","trang bị đồ đạc","verb","/ˈfɝː.nɪʃ/","They furnished the apartment with modern and affordable items.","Họ đã trang bị căn hộ bằng đồ hiện đại và giá phải chăng."
"30_Days_TOEIC","RL9","furnished","được trang bị nội thất sẵn có","adj","/ˈfɝː.nɪʃt/","The apartment comes fully furnished and move-in ready.","Căn hộ có đầy đủ nội thất và sẵn sàng để vào ở."
"30_Days_TOEIC","RL9","feel free to","cứ tự nhiên làm gì đó","verb","/fiːl friː tuː/","Feel free to contact us if you need further assistance.","Cứ tự nhiên liên hệ với chúng tôi nếu bạn cần hỗ trợ thêm."
"30_Days_TOEIC","RL10","limited","có giới hạn","adj","/ˈlɪm.ə.t̬ɪd/","This coupon is valid for a limited time only.","Phiếu giảm giá này chỉ có hiệu lực trong thời gian giới hạn."
"30_Days_TOEIC","RL10","train","đào tạo","verb","/treɪn/","They will train all new staff on the updated safety procedures.","Họ sẽ đào tạo toàn bộ nhân viên mới về quy trình an toàn mới."
"30_Days_TOEIC","RL10","training","đào tạo","noun","/ˈtreɪ.nɪŋ/","All staff must complete safety training before operating equipment.","Tất cả nhân viên phải hoàn thành đào tạo an toàn trước khi vận hành thiết bị."
"30_Days_TOEIC","RL10","recall","thu hồi sản phẩm do lỗi hoặc vấn đề an toàn","verb","/rɪˈkɔːl/","The company recalled thousands of units due to a safety concern.","Công ty đã thu hồi hàng nghìn sản phẩm do lo ngại về an toàn."
"30_Days_TOEIC","RL10","recall","sự thu hồi sản phẩm lỗi","noun","/ˈriː.kɔːl/","The recall was announced after several customers reported malfunctions.","Việc thu hồi được công bố sau khi nhiều khách hàng báo cáo lỗi."
"30_Days_TOEIC","RL10","total","tổng cộng","noun","/ˈtoʊ.t̬əl/","The total for the catering services came to $1,200.","Tổng chi phí cho dịch vụ ăn uống là 1.200 đô la."
"30_Days_TOEIC","RL10","total","tính tổng","verb","/ˈtoʊ.t̬əl/","The renovation costs will total around $20,000.","Chi phí cải tạo sẽ tổng cộng khoảng 20.000 đô la."
"30_Days_TOEIC","RL10","total","toàn bộ","adj","/ˈtoʊ.t̬əl/","We made a total of three presentations this week.","Chúng tôi đã thực hiện tổng cộng ba bài thuyết trình trong tuần này."
"30_Days_TOEIC","RL10","totally","hoàn toàn","adverb","/ˈtoʊ.t̬əl.i/","We are totally committed to customer satisfaction.","Chúng tôi hoàn toàn cam kết với sự hài lòng của khách hàng."
"30_Days_TOEIC","RL10","priority","sự ưu tiên","noun","/praɪˈɔːr.ə.t̬i/","Customer satisfaction is our top priority.","Sự hài lòng của khách hàng là ưu tiên hàng đầu của chúng tôi."
"30_Days_TOEIC","RL10","prior","trước đó","adj","/ˈpraɪ.ɚ/","All applicants must have prior experience in customer service.","Tất cả ứng viên phải có kinh nghiệm trước đó trong lĩnh vực dịch vụ khách hàng."
"30_Days_TOEIC","RL10","apprentice","người học việc","noun","/əˈpren.tɪs/","She worked as an apprentice chef before opening her own restaurant.","Cô ấy từng là đầu bếp học việc trước khi mở nhà hàng riêng."
"30_Days_TOEIC","RL10","grateful","biết ơn","adj","/ˈɡreɪt.fəl/","We’re truly grateful for your continued support.","Chúng tôi thực sự biết ơn sự hỗ trợ liên tục của bạn."
"30_Days_TOEIC","RL10","gratefully","một cách biết ơn","adverb","/ˈɡreɪt.fəl.i/","She gratefully accepted the award on behalf of the team.","Cô ấy cảm kích nhận giải thưởng thay mặt cả nhóm."
"30_Days_TOEIC","RL10","leadership","khả năng lãnh đạo","noun","/ˈliː.dɚ.ʃɪp/","Her strong leadership helped the team complete the project ahead of schedule.","Sự lãnh đạo mạnh mẽ của cô ấy đã giúp nhóm hoàn thành dự án sớm hơn dự kiến."
"30_Days_TOEIC","RL10","lead","dẫn dắt, lãnh đạo","verb","/liːd/","She was chosen to lead the marketing campaign.","Cô ấy được chọn để dẫn dắt chiến dịch tiếp thị."
"30_Days_TOEIC","RL10","leader","người lãnh đạo","noun","/ˈliː.dɚ/","The team leader assigned tasks based on each person’s strengths.","Trưởng nhóm phân công nhiệm vụ dựa trên thế mạnh của từng người."
"30_Days_TOEIC","RL10","continue","tiếp tục","verb","/kənˈtɪn.juː/","You’re welcome to continue the tour at your own pace.","Bạn được chào đón tiếp tục chuyến tham quan theo tốc độ của riêng mình."
"30_Days_TOEIC","RL10","continued","liên tục","adj","/kənˈtɪn.juːd/","Thank you for your continued support.","Cảm ơn sự ủng hộ liên tục của bạn."
"30_Days_TOEIC","RL10","discontinue","ngừng cung cấp","verb","/ˌdɪs.kənˈtɪn.juː/","The store will discontinue this product next month.","Cửa hàng sẽ ngừng bán sản phẩm này vào tháng tới."
"30_Days_TOEIC","RL10","take place","diễn ra","verb","/teɪk pleɪs/","The product launch will take place at the downtown convention center.","Buổi ra mắt sản phẩm sẽ diễn ra tại trung tâm hội nghị ở trung tâm thành phố."
"30_Days_TOEIC","RL10","familiar","quen thuộc","adj","/fəˈmɪl.jɚ/","All employees must be familiar with the new safety procedures.","Tất cả nhân viên phải quen thuộc với quy trình an toàn mới."
"30_Days_TOEIC","RL10","familiarity","sự quen thuộc","noun","/fəˌmɪl.iˈer.ə.t̬i/","Her familiarity with accounting software is a major advantage.","Sự quen thuộc của cô ấy với phần mềm kế toán là một lợi thế lớn."
"30_Days_TOEIC","RL10","familiarize","làm quen","verb","/fəˈmɪl.jə.raɪz/","New employees should familiarize themselves with the company policies.","Nhân viên mới nên làm quen với các chính sách của công ty."
"30_Days_TOEIC","RL10","unfamiliar","không quen thuộc","adj","/ˌʌn.fəˈmɪl.jɚ/","The layout may seem unfamiliar at first, but it’s easy to navigate.","Cách bố trí có thể lúc đầu chưa quen, nhưng rất dễ sử dụng."
"30_Days_TOEIC","RL10","individual","cá nhân","noun","/ˌɪn.dəˈvɪdʒ.u.əl/","Some of the e-mails were sent to the wrong individuals.","Một số email thực tế đã được gửi nhầm cho những người khác."
"30_Days_TOEIC","RL10","individual","riêng lẻ, cá nhân","adj","/ˌɪn.dəˈvɪdʒ.u.əl/","Call today to set up your individual consultation.","Hãy gọi hôm nay để đặt lịch tư vấn cá nhân."
"30_Days_TOEIC","RL10","individually","một cách riêng biệt","adverb","/ˌɪn.dəˈvɪdʒ.u.ə.li/","Each application will be reviewed individually.","Mỗi đơn đăng ký sẽ được xem xét riêng biệt."
"30_Days_TOEIC","RL10","individualized","thiết kế riêng cho từng người","adj","/ˌɪn.dəˈvɪdʒ.u.ə.laɪzd/","Our trainers provide individualized fitness plans.","Huấn luyện viên của chúng tôi cung cấp kế hoạch thể hình riêng cho từng người."
"30_Days_TOEIC","RL10","seating","chỗ ngồi","noun","/ˈsiː.t̬ɪŋ/","The restaurant features an outdoor seating area with a great view.","Nhà hàng có khu vực ngồi ngoài trời với tầm nhìn đẹp."
"30_Days_TOEIC","RL10","seat","chỗ ngồi","noun","/siːt/","Please choose a seat near the front of the room.","Vui lòng chọn chỗ ngồi gần phía trước phòng."
"30_Days_TOEIC","RL10","support","sự giúp đỡ, ủng hộ","noun","/səˈpɔːrt/","Your financial support helped make the event a success.","Sự hỗ trợ tài chính của bạn đã giúp sự kiện thành công."
"30_Days_TOEIC","RL10","support","ủng hộ, giúp đỡ ai đó hoặc cái gì đó","verb","/səˈpɔːrt/","We fully support the plan to renovate the community center.","Chúng tôi hoàn toàn ủng hộ kế hoạch cải tạo trung tâm cộng đồng."
"30_Days_TOEIC","RL10","moment","khoảnh khắc","noun","/ˈmoʊ.mənt/","Let’s take a moment to review the agenda.","Chúng ta hãy dành một chút thời gian để xem lại chương trình họp."
"30_Days_TOEIC","RL10","momentary","tạm thời, chốc lát","adj","/ˈmoʊ.mən.ter.i/","The lights went out due to a momentary power failure.","Đèn tắt do sự cố mất điện tạm thời."
"30_Days_TOEIC","RL10","figure","con số, số liệu","noun","/ˈfɪɡ.jɚ/","The report includes key sales figures for each region.","Báo cáo bao gồm các số liệu doanh số chính cho từng khu vực."
"30_Days_TOEIC","RL10","figure","nhân vật quan trọng","noun","/ˈfɪɡ.jɚ/","She’s a respected figure in the business community.","Cô ấy là một nhân vật được kính trọng trong cộng đồng doanh nghiệp."
"30_Days_TOEIC","RL10","administrative","liên quan đến quản lý, hành chính","adj","/ədˈmɪn.ə.streɪ.t̬ɪv/","We need to finalize some administrative tasks before the launch.","Chúng ta cần hoàn tất một số nhiệm vụ hành chính trước khi ra mắt."
"30_Days_TOEIC","RL10","administer","quản lý, điều hành hoặc thực hiện chính thức","verb","/ədˈmɪn.ə.stɚ/","The HR department administers employee benefit programs.","Phòng nhân sự quản lý các chương trình phúc lợi cho nhân viên."
"30_Days_TOEIC","RL10","administration","quản lý hoặc bộ phận hành chính","noun","/ədˌmɪn.əˈstreɪ.ʃən/","The new policy was announced by the school administration.","Chính sách mới được công bố bởi ban quản lý trường học."
"30_Days_TOEIC","RL10","spend","dành thời gian hoặc tiêu tiền cho việc gì đó","verb","/spend/","We should spend more time reviewing the project proposal.","Chúng ta nên dành thêm thời gian xem lại đề xuất dự án."
"30_Days_TOEIC","RL10","spending","chi tiêu","noun","/ˈspen.dɪŋ/","Company spending on technology has increased significantly.","Chi tiêu của công ty cho công nghệ đã tăng đáng kể."
"30_Days_TOEIC","RL10","belongings","đồ đạc cá nhân","noun","/bəˈlɔːŋ.ɪŋz/","Please make sure you collect all your belongings before leaving.","Vui lòng đảm bảo bạn đã lấy hết đồ đạc cá nhân trước khi rời đi."
"30_Days_TOEIC","RL10","belong","thuộc về","verb","/bəˈlɑːŋ/","These tools belong in the maintenance closet.","Những dụng cụ này nên để trong tủ bảo trì."
"30_Days_TOEIC","RL10","possession","sự sở hữu, tài sản thuộc về ai đó","noun","/pəˈzeʃ.ən/","You must show proof of possession when claiming lost items.","Bạn phải xuất trình bằng chứng sở hữu khi nhận lại đồ thất lạc."
"30_Days_TOEIC","RL10","track","theo dõi","verb","/træk/","This software helps businesses track customer orders in real time.","Phần mềm này giúp doanh nghiệp theo dõi đơn hàng của khách hàng theo thời gian thực."
"30_Days_TOEIC","RL10","track","đường ray hoặc làn đường","noun","/træk/","Please proceed to track 5 for the express train to Boston.","Vui lòng di chuyển đến đường ray số 5 để lên chuyến tàu tốc hành đến Boston."
"30_Days_TOEIC","RL10","research","nghiên cứu","noun","/ˈriː.sɝːtʃ/","The team presented their research on renewable energy at the conference.","Nhóm đã trình bày nghiên cứu của họ về năng lượng tái tạo tại hội nghị."
"30_Days_TOEIC","RL10","research","nghiên cứu thông tin kỹ lưỡng","verb","/rɪˈsɝːtʃ/","We need to research the target audience before launching the campaign.","Chúng ta cần nghiên cứu nhóm đối tượng mục tiêu trước khi triển khai chiến dịch."
"30_Days_TOEIC","RL10","researcher","nhà nghiên cứu","noun","/ˈriː.sɝː.tʃɚ/","Researchers are developing a new method to improve efficiency.","Các nhà nghiên cứu đang phát triển một phương pháp mới để nâng cao hiệu quả."
"30_Days_TOEIC","RL10","explore","tìm hiểu, khám phá","verb","/ɪkˈsplɔːr/","We're planning to explore ways to reduce operating costs.","Chúng tôi đang lên kế hoạch tìm hiểu các cách để giảm chi phí vận hành."
"30_Days_TOEIC","RL10","exploration","khám phá","noun","/ˌeks.pləˈreɪ.ʃən/","The exploration of renewable energy sources is essential for future sustainability.","Việc nghiên cứu các nguồn năng lượng tái tạo là điều cần thiết cho sự phát triển bền vững trong tương lai."
"30_Days_TOEIC","RL10","pleasure","niềm vui thích","noun","/ˈpleʒ.ɚ/","It’s a great pleasure to welcome you to our annual conference.","Thật là vinh hạnh lớn khi chào đón bạn đến với hội nghị thường niên của chúng tôi."
"30_Days_TOEIC","RL10","please","làm hài lòng","verb","/pliːz/","The company introduced new features to please its customers.","Công ty đã giới thiệu các tính năng mới để làm hài lòng khách hàng."
"30_Days_TOEIC","RL10","pleased","hài lòng","adj","/pliːzd/","We are pleased to offer you a position in our company.","Chúng tôi rất vui mừng được mời bạn nhận vị trí làm việc tại công ty chúng tôi."
"30_Days_TOEIC","RL10","congratulate","chúc mừng ai đó vì thành công hoặc sự kiện vui vẻ","verb","/kənˈɡrætʃ.ə.leɪt/","We’d like to congratulate you on your successful presentation.","Chúng tôi muốn chúc mừng bạn vì bài thuyết trình thành công."
"30_Days_TOEIC","RL10","congratulation","lời chúc mừng","noun","/kənˌɡrætʃ.əˈleɪ.ʃən/","His congratulation was heartfelt and sincere.","Lời chúc mừng của anh ấy rất chân thành và đầy cảm xúc."
"30_Days_TOEIC","RL10","congratulations","lời chúc mừng","noun","/kənˌɡrætʃ.əˈleɪ.ʃənz/","Congratulations on your promotion to senior manager!","Chúc mừng bạn được thăng chức lên quản lý cấp cao!"
"30_Days_TOEIC","RL10","merger","sáp nhập công ty","noun","/ˈmɝː.dʒɚ/","The proposed merger between the firms is still under review.","Việc sáp nhập được đề xuất giữa các công ty vẫn đang được xem xét."
"30_Days_TOEIC","RL10","merge","hợp nhất","verb","/mɝːdʒ/","The two airlines will merge next year to improve competitiveness.","Hai hãng hàng không sẽ hợp nhất vào năm tới để nâng cao khả năng cạnh tranh."
"30_Days_TOEIC","RL10","break","khoảng nghỉ ngắn","noun","/breɪk/","Let’s take a short break before the next training session.","Chúng ta hãy nghỉ một lát trước buổi đào tạo tiếp theo."
"30_Days_TOEIC","RL10","break","vết nứt hoặc sự gián đoạn","noun","/breɪk/","Engineers are working to repair a break in the pipeline near the industrial zone.","Các kỹ sư đang sửa chữa vết nứt trong đường ống gần khu công nghiệp."
"30_Days_TOEIC","RL10","competition","cuộc thi cạnh tranh","noun","/ˌkɑːm.pəˈtɪʃ.ən/","The company is hosting a design competition for local students.","Công ty đang tổ chức một cuộc thi thiết kế cho học sinh địa phương."
"30_Days_TOEIC","RL10","compete","cạnh tranh","verb","/kəmˈpiːt/","Small companies often struggle to compete with large corporations.","Các công ty nhỏ thường gặp khó khăn trong việc cạnh tranh với các tập đoàn lớn."
"30_Days_TOEIC","RL10","competitive","có tính cạnh tranh","adj","/kəmˈpet̬.ə.t̬ɪv/","They offer competitive prices to attract more customers.","Họ đưa ra mức giá cạnh tranh để thu hút thêm khách hàng."
"30_Days_TOEIC","RL10","inexpensive","không đắt","adj","/ˌɪn.ɪkˈspen.sɪv/","They provide high-quality yet inexpensive software solutions.","Họ cung cấp các giải pháp phần mềm chất lượng cao nhưng không đắt."
"30_Days_TOEIC","RL10","payroll","bảng lương","noun","/ˈpeɪ.roʊl/","The accounting team is reviewing this month’s payroll before processing payments.","Nhóm kế toán đang xem xét bảng lương tháng này trước khi xử lý thanh toán."
"30_Days_TOEIC","RL10","district","khu vực hành chính hoặc địa lý","noun","/ˈdɪs.trɪkt/","The city is planning to upgrade infrastructure in the industrial district.","Thành phố đang lên kế hoạch nâng cấp cơ sở hạ tầng trong khu công nghiệp."
"30_Days_TOEIC","RL10","negative","tiêu cực, không tốt","adj","/ˈneɡ.ə.t̬ɪv/","The proposal received negative feedback from several board members.","Đề xuất nhận được phản hồi tiêu cực từ một số thành viên hội đồng."
"30_Days_TOEIC","RL10","upgrade","nâng cấp","verb","/ˈʌp.ɡreɪd/","The IT team will upgrade the server tonight to improve performance.","Đội CNTT sẽ nâng cấp máy chủ tối nay để cải thiện hiệu suất."
"30_Days_TOEIC","RL10","upgrade","sự nâng cấp","noun","/ˈʌp.ɡreɪd/","The latest upgrade includes new features and security fixes.","Bản nâng cấp mới nhất bao gồm các tính năng mới và sửa lỗi bảo mật."
"30_Days_TOEIC","RL10","agency","cơ quan, tổ chức cung cấp dịch vụ cho người khác","noun","/ˈeɪ.dʒən.si/","She contacted an employment agency to help her find a job.","Cô ấy đã liên hệ với một công ty tuyển dụng để tìm việc làm."
"30_Days_TOEIC","RL10","sample","mẫu thử","noun","/ˈsæm.pəl/","Customers can request a free sample before purchasing the full-size product.","Khách hàng có thể yêu cầu mẫu dùng thử miễn phí trước khi mua sản phẩm kích cỡ đầy đủ."
"30_Days_TOEIC","RL10","sample","thử nghiệm một phần nhỏ","verb","/ˈsæm.pəl/","Visitors were invited to sample dishes from various local restaurants.","Khách tham quan được mời nếm thử các món ăn từ nhiều nhà hàng địa phương."
"30_Days_TOEIC","RL10","treat","món ngon hoặc điều đặc biệt để thưởng thức","noun","/triːt/","Everyone enjoyed the sweet treats served at the end of the seminar.","Mọi người đều thích những món ngọt được phục vụ vào cuối buổi hội thảo."
"30_Days_TOEIC","RL10","treat","đối xử","verb","/triːt/","We always treat our customers with respect and honesty.","Chúng tôi luôn đối xử với khách hàng bằng sự tôn trọng và trung thực."
"30_Days_TOEIC","RL10","renovation","cải tạo, nâng cấp tòa nhà hoặc cơ sở vật chất","noun","/ˌren.əˈveɪ.ʃən/","The library will be closed for two months due to renovation.","Thư viện sẽ đóng cửa hai tháng để cải tạo."
"30_Days_TOEIC","RL10","renovate","cải tạo, sửa chữa để nâng cấp hoặc làm mới","verb","/ˈren.ə.veɪt/","The company plans to renovate its headquarters to improve energy efficiency.","Công ty dự định cải tạo trụ sở để nâng cao hiệu quả năng lượng."
"30_Days_TOEIC","RL10","need","nhu cầu","noun","/niːd/","The company is expanding to meet the growing need for digital services.","Công ty đang mở rộng để đáp ứng nhu cầu ngày càng tăng về dịch vụ số."
"30_Days_TOEIC","RL10","historic","có giá trị lịch sử","adj","/hɪˈstɔːr.ɪk/","The city council voted to preserve the historic train station.","Hội đồng thành phố đã biểu quyết bảo tồn nhà ga xe lửa có giá trị lịch sử."
"30_Days_TOEIC","RL10","warehouse","kho hàng","noun","/ˈwer.haʊs/","The products are stored in a warehouse near the distribution center.","Các sản phẩm được lưu trữ trong một kho gần trung tâm phân phối."
"30_Days_TOEIC","RL10","resident","cư dân","noun","/ˈrez.ə.dənt/","All residents must present ID when entering the building.","Tất cả cư dân phải xuất trình giấy tờ tùy thân khi vào tòa nhà."
"30_Days_TOEIC","RL10","successful","thành công","adj","/səkˈses.fəl/","The campaign was highly successful in increasing brand recognition.","Chiến dịch đã rất thành công trong việc nâng cao nhận diện thương hiệu."
"30_Days_TOEIC","RL10","intact","nguyên vẹn","adj","/ɪnˈtækt/","Despite the heavy rain, the documents remained intact.","Bất chấp mưa lớn, tài liệu vẫn còn nguyên vẹn."
"30_Days_TOEIC","RL10","extraordinary","phi thường, vượt trội","adj","/ɪkˈstrɔːr.dən.er.i/","The team achieved extraordinary results in just three months.","Đội đã đạt được kết quả phi thường chỉ trong ba tháng."
"30_Days_TOEIC","RL10","generous","hào phóng, rộng lượng","adj","/ˈdʒen.ər.əs/","The company made a generous contribution to the local hospital.","Công ty đã đóng góp hào phóng cho bệnh viện địa phương."
"30_Days_TOEIC","RL10","audience","khán giả","noun","/ˈɑː.di.əns/","The speaker received a standing ovation from the audience.","Diễn giả nhận được sự hoan nghênh nhiệt liệt từ khán giả."
"30_Days_TOEIC","RL10","drop","giảm xuống","verb","/drɑːp/","Sales are expected to drop significantly after the holiday season.","Doanh số dự kiến sẽ giảm đáng kể sau kỳ nghỉ lễ."
"30_Days_TOEIC","RL10","drop","sự giảm sút","noun","/drɑːp/","There was a significant drop in customer satisfaction last quarter.","Có một sự sụt giảm đáng kể trong sự hài lòng của khách hàng trong quý trước."
"30_Days_TOEIC","RL10","carry","bán hàng","verb","/ˈker.i/","Our store no longer carries that printer model.","Cửa hàng chúng tôi không còn bán mẫu máy in đó nữa."
"30_Days_TOEIC","RL10","carry","mang theo hoặc vận chuyển","verb","/ˈker.i/","All employees must carry their ID badges at all times.","Tất cả nhân viên phải luôn mang theo thẻ ID của họ."
"30_Days_TOEIC","RL10","various","đa dạng","adj","/ˈver.i.əs/","We offer various training programs for new employees.","Chúng tôi cung cấp nhiều chương trình đào tạo cho nhân viên mới."
"30_Days_TOEIC","RL10","in advance","trước, từ trước","preposition","/ɪn ədˈvæns/","All reservations must be made in advance to secure a seat.","Tất cả các đặt chỗ phải được thực hiện trước để đảm bảo có chỗ ngồi."
"30_Days_TOEIC","RL10","keep in mind","hãy nhớ rằng","verb","/kiːp ɪn maɪnd/","Keep in mind that the application deadline is next Friday.","Hãy nhớ rằng hạn chót nộp đơn là thứ Sáu tuần tới."
"30_Days_TOEIC","RL11","conduct","tiến hành hoặc thực hiện hoạt động nào đó","verb","/kənˈdʌkt/","The research team will conduct a detailed market analysis.","Nhóm nghiên cứu sẽ tiến hành phân tích thị trường chi tiết."
"30_Days_TOEIC","RL11","assure","cam đoan, đảm bảo điều gì đó đúng hoặc sẽ xảy ra","verb","/əˈʃʊr/","The manager assured us that all concerns would be addressed.","Người quản lý đã cam đoan với chúng tôi rằng mọi lo ngại sẽ được giải quyết."
"30_Days_TOEIC","RL11","launch","ra mắt","verb","/lɔːntʃ/","The company plans to launch its new mobile app next quarter.","Công ty dự định ra mắt ứng dụng di động mới vào quý tới."
"30_Days_TOEIC","RL11","launch","buổi ra mắt","noun","/lɔːntʃ/","The product launch attracted media attention nationwide.","Buổi ra mắt sản phẩm đã thu hút sự chú ý của truyền thông trên toàn quốc."
"30_Days_TOEIC","RL11","fulfill","đáp ứng hoặc hoàn thành yêu cầu, nghĩa vụ","verb","/fʊlˈfɪl/","We are confident that our team can fulfill all project objectives.","Chúng tôi tin tưởng rằng nhóm của mình có thể hoàn thành mọi mục tiêu của dự án."
"30_Days_TOEIC","RL11","implement","triển khai","verb","/ˈɪm.plə.ment/","The company will implement a new training program next month.","Công ty sẽ triển khai chương trình đào tạo mới vào tháng tới."
"30_Days_TOEIC","RL11","prevent","ngăn chặn","verb","/prɪˈvent/","Regular maintenance will help prevent system failures.","Bảo trì thường xuyên sẽ giúp ngăn ngừa sự cố hệ thống."
"30_Days_TOEIC","RL11","indicate","chỉ ra, cho thấy","verb","/ˈɪn.də.keɪt/","Survey results indicate a high level of customer satisfaction.","Kết quả khảo sát cho thấy mức độ hài lòng cao của khách hàng."
"30_Days_TOEIC","RL11","assign","phân công, chỉ định nhiệm vụ","verb","/əˈsaɪn/","The manager will assign tasks to each team member by Monday.","Người quản lý sẽ phân công nhiệm vụ cho từng thành viên trong nhóm trước thứ Hai."
"30_Days_TOEIC","RL11","relocate","chuyển đến nơi ở mới","verb","/ˌriː.loʊˈkeɪt/","The company plans to relocate its headquarters to Seattle next year.","Công ty dự định chuyển trụ sở chính đến Seattle vào năm tới."
"30_Days_TOEIC","RL11","affect","ảnh hưởng đến","verb","/əˈfekt/","The new regulations may affect how we handle customer data.","Các quy định mới có thể ảnh hưởng đến cách chúng tôi xử lý dữ liệu khách hàng."
"30_Days_TOEIC","RL11","soar","tăng vọt hoặc bay lên cao","verb","/sɔːr/","Sales figures soared after the product launch.","Doanh số đã tăng vọt sau khi ra mắt sản phẩm."
"30_Days_TOEIC","RL11","attach","đính kèm","verb","/əˈtætʃ/","Please attach the signed form to your email before sending.","Vui lòng đính kèm mẫu đơn đã ký vào email trước khi gửi."
"30_Days_TOEIC","RL11","attached","đính kèm","adj","/əˈtætʃt/","An attached file contains the detailed project proposal.","Một tập tin đính kèm chứa đề xuất dự án chi tiết."
"30_Days_TOEIC","RL11","attachment","tập tin đính kèm","noun","/əˈtætʃ.mənt/","The email included several attachments for the project team.","Email bao gồm một số tập tin đính kèm cho nhóm dự án."
"30_Days_TOEIC","RL11","recruit","tuyển dụng","verb","/rɪˈkruːt/","The company is recruiting new staff for its expanding sales team.","Công ty đang tuyển dụng nhân viên mới cho đội ngũ kinh doanh mở rộng."
"30_Days_TOEIC","RL11","consider","xem xét, suy nghĩ kỹ trước khi quyết định","verb","/kənˈsɪd.ər/","The board is considering several proposals for the new marketing campaign.","Ban giám đốc đang xem xét một số đề xuất cho chiến dịch tiếp thị mới."
"30_Days_TOEIC","RL11","enhance","nâng cao, cải thiện chất lượng hoặc giá trị","verb","/ɪnˈhæns/","The software update is designed to enhance system security.","Bản cập nhật phần mềm được thiết kế để nâng cao bảo mật hệ thống."
"30_Days_TOEIC","RL11","accompany","đi cùng, hộ tống","verb","/əˈkʌm.pə.ni/","Children must be accompanied by an adult during the field trip.","Trẻ em phải có người lớn đi cùng trong chuyến đi thực tế."
"30_Days_TOEIC","RL11","guarantee","đảm bảo, cam kết điều gì sẽ xảy ra","verb","/ˌɡær.ənˈtiː/","The manufacturer guarantees the product against defects for two years.","Nhà sản xuất đảm bảo sản phẩm không bị lỗi trong hai năm."
"30_Days_TOEIC","RL11","reorganize","tổ chức lại","verb","/ˌriːˈɔːr.ɡə.naɪz/","The company will reorganize its departments to improve workflow.","Công ty sẽ tổ chức lại các phòng ban để cải thiện quy trình làm việc."
"30_Days_TOEIC","RL11","retain","giữ lại, duy trì","verb","/rɪˈteɪn/","The company aims to retain its top talent through competitive benefits.","Công ty nhằm giữ lại những nhân viên giỏi nhất thông qua các chế độ đãi ngộ cạnh tranh."
"30_Days_TOEIC","RL11","afford","có khả năng tài chính để mua hoặc làm gì đó","verb","/əˈfɔːrd/","The company can now afford to invest in advanced technology.","Công ty hiện có khả năng đầu tư vào công nghệ tiên tiến."
"30_Days_TOEIC","RL11","decline","từ chối","verb","/dɪˈklaɪn/","Mr. Woo declined to comment on the rumors about his retirement.","Ông Woo từ chối bình luận về tin đồn về việc nghỉ hưu của mình."
"30_Days_TOEIC","RL11","decline","giảm sút","verb","/dɪˈklaɪn/","Retail sales in apparel declined in August after a strong increase in July.","Doanh số bán lẻ hàng may mặc giảm trong tháng 8 sau khi tăng mạnh vào tháng 7."
"30_Days_TOEIC","RL11","collaborate","hợp tác","verb","/kəˈlæb.ə.reɪt/","Rebecca and I collaborated on the soundtrack for the movie A Year in Denmark.","Rebecca và tôi đã hợp tác làm nhạc phim cho bộ phim A Year in Denmark."
"30_Days_TOEIC","RL11","enlarge","mở rộng","verb","/ɪnˈlɑːrdʒ/","They plan to enlarge the office to accommodate more employees.","Họ dự định mở rộng văn phòng để chứa thêm nhân viên."
"30_Days_TOEIC","RL11","undergo","trải qua, chịu đựng một quá trình hoặc thay đổi","verb","/ˌʌn.dɚˈɡoʊ/","All restaurants should undergo a health inspection once each year.","Tất cả nhà hàng nên trải qua kiểm tra sức khỏe mỗi năm một lần."
"30_Days_TOEIC","RL11","modify","điều chỉnh","verb","/ˈmɑː.dɪ.faɪ/","The company modified its refund policy after customer feedback.","Công ty đã điều chỉnh chính sách hoàn tiền sau phản hồi của khách hàng."
"30_Days_TOEIC","RL11","acknowledge","thừa nhận, xác nhận sự tồn tại hoặc nhận được điều gì đó","verb","/əkˈnɑː.lɪdʒ/","I am writing to acknowledge receipt of your payment.","Tôi viết thư này để xác nhận đã nhận được khoản thanh toán của bạn."
"30_Days_TOEIC","RL11","clarify","làm rõ","verb","/ˈkler.ə.faɪ/","Please clarify the terms of the agreement before signing.","Vui lòng làm rõ các điều khoản của thỏa thuận trước khi ký."
"30_Days_TOEIC","RL11","boost","tăng cường, thúc đẩy","verb","/buːst/","The marketing campaign helped boost product awareness significantly.","Chiến dịch tiếp thị đã giúp tăng đáng kể nhận biết sản phẩm."
"30_Days_TOEIC","RL11","vary","thay đổi hoặc khác nhau","verb","/ˈver.i/","Product availability may vary depending on the region.","Tình trạng sẵn có của sản phẩm có thể thay đổi tùy theo khu vực."
"30_Days_TOEIC","RL11","variation","sự thay đổi hoặc biến thể","noun","/ˌver.iˈeɪ.ʃən/","There is considerable variation in delivery times.","Có sự thay đổi đáng kể về thời gian giao hàng."
"30_Days_TOEIC","RL11","varices","giãn tĩnh mạch","noun","/ˈver.ɪ.siːz/","The patient was diagnosed with esophageal varices.","Bệnh nhân được chẩn đoán bị giãn tĩnh mạch thực quản."
"30_Days_TOEIC","RL11","variable","có thể thay đổi","adj","/ˈver.i.ə.bəl/","Shipping costs are variable based on location.","Chi phí vận chuyển thay đổi tùy thuộc vào vị trí."
"30_Days_TOEIC","RL11","variable","biến số","noun","/ˈver.i.ə.bəl/","The analyst added a new variable to the model.","Nhà phân tích đã thêm một biến số mới vào mô hình."
"30_Days_TOEIC","RL11","engage","tham gia tích cực","verb","/ɪnˈɡeɪdʒ/","The team engaged in discussions to finalize the proposal.","Nhóm đã tham gia vào các cuộc thảo luận để hoàn thiện đề xuất."
"30_Days_TOEIC","RL11","engagement","sự tham gia","noun","/ɪnˈɡeɪdʒ.mənt/","Her engagement in community service impressed the board.","Sự tham gia của cô ấy vào công tác cộng đồng đã gây ấn tượng với hội đồng."
"30_Days_TOEIC","RL11","engaging","thu hút, lôi cuốn","adj","/ɪnˈɡeɪ.dʒɪŋ/","The training session included an engaging video segment.","Buổi đào tạo có một đoạn video rất lôi cuốn."
"30_Days_TOEIC","RL11","preserve","bảo tồn","verb","/prɪˈzɝːv/","We must preserve historical landmarks for future generations.","Chúng ta phải bảo tồn các di tích lịch sử cho thế hệ tương lai."
"30_Days_TOEIC","RL11","preservation","bảo tồn","noun","/ˌprez.ɚˈveɪ.ʃən/","The city funded a project for the preservation of cultural sites.","Thành phố đã tài trợ cho một dự án bảo tồn các địa điểm văn hóa."
"30_Days_TOEIC","RL11","preservative","chất bảo quản","noun","/prɪˈzɝː.və.t̬ɪv/","This product contains no artificial preservatives.","Sản phẩm này không chứa chất bảo quản nhân tạo."
"30_Days_TOEIC","RL11","preserved","được bảo quản tốt","adj","/prɪˈzɝːvd/","The museum showcases well-preserved ancient tools.","Bảo tàng trưng bày các công cụ cổ được bảo quản tốt."
"30_Days_TOEIC","RL11","react","phản ứng","verb","/riˈækt/","The skin may react to the cream if it's applied too often.","Da có thể phản ứng với kem nếu bôi quá thường xuyên."
"30_Days_TOEIC","RL11","conversion","sự chuyển đổi","noun","/kənˈvɜːr.ʒən/","The conversion of the warehouse into a coworking space took six months.","Việc chuyển đổi nhà kho thành không gian làm việc chung mất sáu tháng."
"30_Days_TOEIC","RL11","convertible","có thể chuyển đổi","adj","/kənˈvɝː.tə.bəl/","The meeting room is convertible into a training facility.","Phòng họp có thể được chuyển đổi thành khu vực đào tạo."
"30_Days_TOEIC","RL11","obtain","nhận được, đạt được","verb","/əbˈteɪn/","You must obtain a permit before entering the restricted area.","Bạn phải có được giấy phép trước khi vào khu vực hạn chế."
"30_Days_TOEIC","RL11","obtainment","sự đạt được","noun","/əbˈteɪn.mənt/","The obtainment of a visa can take several weeks.","Việc xin được thị thực có thể mất vài tuần."
"30_Days_TOEIC","RL11","obstruct","cản trở, ngăn chặn","verb","/əbˈstrʌkt/","Large signs were removed because they obstructed the emergency exit.","Các biển hiệu lớn đã bị gỡ bỏ vì che lối thoát hiểm."
"30_Days_TOEIC","RL11","obstruction","sự cản trở","noun","/əbˈstrʌk.ʃən/","The road is closed due to an obstruction caused by fallen rocks.","Con đường bị đóng do vật cản là đá rơi."
"30_Days_TOEIC","RL11","obstructive","cản trở","adj","/əbˈstrʌk.tɪv/","His obstructive attitude delayed the entire negotiation process.","Thái độ cản trở của anh ta đã làm trì hoãn toàn bộ quá trình đàm phán."
"30_Days_TOEIC","RL11","expect","mong đợi, dự đoán điều gì sẽ xảy ra","verb","/ɪkˈspekt/","The company expects sales to increase by 10% this quarter.","Công ty dự đoán doanh số sẽ tăng 10% trong quý này."
"30_Days_TOEIC","RL11","expectation","sự kỳ vọng","noun","/ˌek.spekˈteɪ.ʃən/","Customer expectations have risen with the launch of the new service.","Kỳ vọng của khách hàng đã tăng lên với dịch vụ mới."
"30_Days_TOEIC","RL11","expected","được mong đợi","adj","/ɪkˈspek.tɪd/","The project took longer than expected due to supply delays.","Dự án kéo dài hơn dự kiến do chậm cung ứng."
"30_Days_TOEIC","RL11","anticipate","dự đoán và chuẩn bị trước","verb","/ænˈtɪs.ə.peɪt/","We anticipate a high demand for the new product.","Chúng tôi dự đoán nhu cầu cao đối với sản phẩm mới."
"30_Days_TOEIC","RL11","dwindle","giảm dần","verb","/ˈdwɪn.dəl/","Funding for the project has gradually dwindled over the past year.","Nguồn tài trợ cho dự án đã giảm dần trong năm qua."
"30_Days_TOEIC","RL11","solicit","kêu gọi, thỉnh cầu hỗ trợ hoặc đóng góp","verb","/səˈlɪs.ɪt/","The nonprofit organization is soliciting donations to support disaster relief.","Tổ chức phi lợi nhuận đang kêu gọi quyên góp để hỗ trợ cứu trợ thiên tai."
"30_Days_TOEIC","RL11","solicitation","lời kêu gọi quyên góp","noun","/səˌlɪs.əˈteɪ.ʃən/","The charity sent out a mass solicitation for donations.","Tổ chức từ thiện đã gửi lời kêu gọi quyên góp hàng loạt."
"30_Days_TOEIC","RL11","allocate","phân bổ nguồn lực cho mục đích cụ thể","verb","/ˈæl.ə.keɪt/","The company allocated additional staff to support the new project.","Công ty đã phân bổ thêm nhân sự để hỗ trợ dự án mới."
"30_Days_TOEIC","RL11","allocation","sự phân bổ","noun","/ˌæl.əˈkeɪ.ʃən/","The budget allocation for marketing was increased this quarter.","Ngân sách dành cho marketing đã được tăng trong quý này."
"30_Days_TOEIC","RL11","foster","thúc đẩy, khuyến khích phát triển","verb","/ˈfɑː.stɚ/","The museums now remain open for an extra hour to foster more tourism.","Các bảo tàng hiện mở cửa thêm một giờ để thúc đẩy du lịch nhiều hơn."
"30_Days_TOEIC","RL11","alleviate","giảm bớt, làm nhẹ đi","verb","/əˈliː.vi.eɪt/","The new traffic law is expected to alleviate congestion during rush hour.","Luật giao thông mới được kỳ vọng sẽ giảm tắc nghẽn vào giờ cao điểm."
"30_Days_TOEIC","RL11","alleviation","sự giảm nhẹ","noun","/əˌliː.viˈeɪ.ʃən/","The alleviation of poverty remains a major goal of the program.","Giảm nghèo vẫn là mục tiêu chính của chương trình."
"30_Days_TOEIC","RL11","undertake","thực hiện nhiệm vụ hoặc trách nhiệm","verb","/ˌʌn.dɚˈteɪk/","The company will undertake a full review of its security procedures.","Công ty sẽ tiến hành đánh giá toàn diện các quy trình bảo mật."
"30_Days_TOEIC","RL11","omit","bỏ qua","verb","/əˈmɪt/","When compiling meeting reports, please remember to omit unimportant details.","Khi tổng hợp biên bản họp, vui lòng bỏ qua các chi tiết không quan trọng."
"30_Days_TOEIC","RL11","omission","sự bỏ sót","noun","/əˈmɪʃ.ən/","His omission of key data caused confusion in the final report.","Việc ông ấy bỏ sót dữ liệu quan trọng đã gây nhầm lẫn trong báo cáo cuối cùng."
"30_Days_TOEIC","RL11","incur","chịu, gánh hoặc mắc phải điều gì đó","verb","/ɪnˈkɝː/","Customers who cancel after the deadline will incur an extra fee.","Khách hàng hủy sau thời hạn sẽ phải chịu thêm phí."
"30_Days_TOEIC","RL11","incurrence","sự phát sinh chi phí hoặc hậu quả","noun","/ɪnˈkɝː.əns/","The incurrence of unexpected costs affected the project budget.","Sự phát sinh chi phí bất ngờ đã ảnh hưởng đến ngân sách dự án."
"30_Days_TOEIC","RL11","maneuver","điều khiển khéo léo","verb","/məˈnuː.vɚ/","This compact car is easy to maneuver in heavy city traffic.","Chiếc xe nhỏ gọn này dễ điều khiển trong giao thông đô thị đông đúc."
"30_Days_TOEIC","RL11","maneuverable","dễ điều khiển, linh hoạt trong di chuyển","adj","/məˈnuː.vɚ.ə.bəl/","The drone is highly maneuverable, even in tight indoor spaces.","Chiếc drone này rất linh hoạt, ngay cả trong không gian hẹp trong nhà."
"30_Days_TOEIC","RL11","expedite","đẩy nhanh tiến độ","verb","/ˈek.spə.daɪt/","To meet the deadline, we’ll expedite the review process.","Để kịp thời hạn, chúng tôi sẽ đẩy nhanh quy trình xem xét."
"30_Days_TOEIC","RL11","expedited","giao nhanh, khẩn cấp","adj","/ˈek.spə.daɪ.t̬ɪd/","We offer expedited shipping for urgent orders.","Chúng tôi cung cấp dịch vụ giao hàng nhanh cho đơn hàng gấp."
"30_Days_TOEIC","RL11","entail","đòi hỏi, kéo theo điều gì đó cần thiết","verb","/ɪnˈteɪl/","The position entails frequent travel to our regional office in Kuala Lumpur.","Vị trí này đòi hỏi phải thường xuyên đi công tác đến văn phòng khu vực của chúng tôi ở Kuala Lumpur."
"30_Days_TOEIC","RL11","officiate","chủ trì hoặc điều hành một sự kiện","verb","/əˈfɪʃ.i.eɪt/","Edward Raston will officiate at the opening ceremony of the new bridge.","Edward Raston sẽ chủ trì buổi lễ khánh thành cây cầu mới."
"30_Days_TOEIC","RL11","remit","gửi tiền hoặc thanh toán","verb","/rɪˈmɪt/","Please remit payment upon receipt of this notice.","Vui lòng thanh toán ngay khi nhận được thông báo này."
"30_Days_TOEIC","RL11","remittance","khoản tiền gửi thanh toán","noun","/rɪˈmɪt.əns/","We received your remittance for last month’s invoice.","Chúng tôi đã nhận được khoản thanh toán cho hóa đơn tháng trước của bạn."
"30_Days_TOEIC","RL11","fluctuate","dao động, thay đổi liên tục","verb","/ˈflʌk.tʃu.eɪt/","The temperature fluctuates widely from summer to winter in this region.","Nhiệt độ trong khu vực này dao động mạnh từ mùa hè đến mùa đông."
"30_Days_TOEIC","RL11","fluctuation","sự biến động","noun","/ˌflʌk.tʃuˈeɪ.ʃən/","The fluctuation in currency rates affects import costs.","Sự biến động của tỷ giá tiền tệ ảnh hưởng đến chi phí nhập khẩu."
"30_Days_TOEIC","RL11","fluctuating","thay đổi liên tục, không ổn định","adj","/ˈflʌk.tʃu.eɪ.tɪŋ/","The fluctuating exchange rates make pricing difficult.","Tỷ giá hối đoái không ổn định khiến việc định giá trở nên khó khăn."
"30_Days_TOEIC","RL12","benefit","có lợi, mang lại lợi ích","verb","/ˈben.ə.fɪt/","Travelers benefit financially from making their own hotel reservations.","Khách du lịch được lợi về mặt tài chính khi tự đặt phòng khách sạn."
"30_Days_TOEIC","RL12","beneficial","có lợi, tốt cho ai đó hoặc điều gì đó","adj","/ˌben.əˈfɪʃ.əl/","Regular exercise is beneficial to your overall health.","Tập thể dục thường xuyên có lợi cho sức khỏe tổng thể."
"30_Days_TOEIC","RL12","beneficiary","người nhận lợi ích","noun","/ˌben.əˈfɪʃ.i.er.i/","As a member, you are a beneficiary of all society benefits.","Là hội viên, bạn là người được hưởng mọi quyền lợi của hội."
"30_Days_TOEIC","RL12","grant","chấp thuận hoặc cho phép chính thức","verb","/ɡrænt/","Time for questions will be granted following Mr. Tanaka’s speech.","Thời gian để đặt câu hỏi sẽ được cho phép sau bài phát biểu của ông Tanaka."
"30_Days_TOEIC","RL12","grant","khoản trợ cấp","noun","/ɡrænt/","The committee will distribute funds from the research grant.","Ủy ban sẽ phân bổ tiền từ khoản tài trợ nghiên cứu."
"30_Days_TOEIC","RL12","encourage","khuyến khích ai làm điều tích cực","verb","/ɪnˈkɝː.ɪdʒ/","Spectators are encouraged to use the shuttle bus service.","Khán giả được khuyến khích sử dụng dịch vụ xe buýt trung chuyển."
"30_Days_TOEIC","RL12","encouragement","sự khích lệ, động viên","noun","/ɪnˈkɝː.ɪdʒ.mənt/","He received a lot of encouragement from his mentors.","Anh ấy nhận được rất nhiều sự động viên từ các cố vấn."
"30_Days_TOEIC","RL12","encouraging","khích lệ, tạo động lực","adj","/ɪnˈkɝː.ɪ.dʒɪŋ/","Sales figures from the last quarter are quite encouraging.","Số liệu bán hàng quý trước khá khả quan."
"30_Days_TOEIC","RL12","discourage","làm nản lòng, ngăn cản ai đó làm gì","verb","/dɪˈskɝː.ɪdʒ/","The company discourages personal phone use during work hours.","Công ty không khuyến khích việc sử dụng điện thoại cá nhân trong giờ làm việc."
"30_Days_TOEIC","RL12","express","bày tỏ cảm xúc hoặc suy nghĩ","verb","/ɪkˈspres/","Sien Industries’ new mission statement expresses the company’s goals precisely.","Tuyên bố sứ mệnh mới của Sien Industries thể hiện rõ ràng các mục tiêu của công ty."
"30_Days_TOEIC","RL12","expression","sự bày tỏ cảm xúc hoặc ý kiến","noun","/ɪkˈspreʃ.ən/","His expression of appreciation was sincere and heartfelt.","Sự bày tỏ lòng biết ơn của anh ấy rất chân thành."
"30_Days_TOEIC","RL12","expressive","biểu cảm","adj","/ɪkˈspres.ɪv/","The actor's expressive eyes conveyed deep emotion.","Đôi mắt biểu cảm của diễn viên thể hiện cảm xúc sâu sắc."
"30_Days_TOEIC","RL12","respond","phản hồi","verb","/rɪˈspɑːnd/","Please respond to this e-mail as soon as possible.","Vui lòng phản hồi e-mail này càng sớm càng tốt."
"30_Days_TOEIC","RL12","response","phản hồi","noun","/rɪˈspɑːns/","We received an immediate response to our proposal.","Chúng tôi đã nhận được phản hồi ngay lập tức cho đề xuất của mình."
"30_Days_TOEIC","RL12","respondent","người trả lời khảo sát","noun","/rɪˈspɑːn.dənt/","Most respondents agreed with the proposed changes.","Phần lớn người tham gia khảo sát đồng ý với các thay đổi được đề xuất."
"30_Days_TOEIC","RL12","responsive","phản hồi nhanh chóng","adj","/rɪˈspɑːn.sɪv/","Our support team is highly responsive to customer inquiries.","Nhóm hỗ trợ của chúng tôi phản hồi rất nhanh các yêu cầu của khách hàng."
"30_Days_TOEIC","RL12","limit","giới hạn","verb","/ˈlɪm.ɪt/","To ensure fair access, we must limit the number of participants.","Để đảm bảo quyền tiếp cận công bằng, chúng tôi phải giới hạn số người tham gia."
"30_Days_TOEIC","RL12","limitation","sự hạn chế","noun","/ˌlɪm.ɪˈteɪ.ʃən/","The main limitation of the product is its short battery life.","Hạn chế chính của sản phẩm là thời lượng pin ngắn."
"30_Days_TOEIC","RL12","limited","có giới hạn","adj","/ˈlɪm.ɪ.t̬ɪd/","We recommend reservations because hotel accommodations are limited.","Chúng tôi khuyến nghị đặt trước vì chỗ ở khách sạn có hạn."
"30_Days_TOEIC","RL12","participate","tham gia","verb","/pɑːrˈtɪs.ə.peɪt/","Your request to participate in the outside workshop has been approved.","Yêu cầu tham gia hội thảo bên ngoài của bạn đã được chấp thuận."
"30_Days_TOEIC","RL12","participation","sự tham gia","noun","/pɑːrˌtɪs.əˈpeɪ.ʃən/","Thank you for your participation in our annual meeting.","Cảm ơn bạn đã tham gia buổi họp thường niên của chúng tôi."
"30_Days_TOEIC","RL12","participant","người tham gia","noun","/pɑːrˈtɪs.ə.pənt/","Each participant will receive a certificate of completion.","Mỗi người tham gia sẽ nhận được chứng chỉ hoàn thành."
"30_Days_TOEIC","RL12","seek","tìm kiếm","verb","/siːk/","Roxy Koenig is actively seeking a new venue for her summer concert.","Roxy Koenig đang tích cực tìm địa điểm mới cho buổi hòa nhạc mùa hè của cô ấy."
"30_Days_TOEIC","RL12","reveal","tiết lộ","verb","/rɪˈviːl/","Babel Electronics has just revealed their new line of digital cameras.","Babel Electronics vừa công bố dòng máy ảnh kỹ thuật số mới của họ."
"30_Days_TOEIC","RL12","evaluate","đánh giá","verb","/ɪˈvæl.ju.eɪt/","Before starting a business, you should carefully evaluate the financial risks.","Trước khi bắt đầu kinh doanh, bạn nên đánh giá cẩn thận các rủi ro tài chính."
"30_Days_TOEIC","RL12","evaluation","đánh giá","noun","/ɪˌvæl.juˈeɪ.ʃən/","We conducted a detailed evaluation before launching the product.","Chúng tôi đã thực hiện một đánh giá chi tiết trước khi tung ra sản phẩm."
"30_Days_TOEIC","RL12","double","tăng gấp đôi","verb","/ˈdʌb.əl/","Kasper-Levi is doubling its marketing budget in Asia.","Kasper-Levi đang tăng gấp đôi ngân sách tiếp thị tại châu Á."
"30_Days_TOEIC","RL12","acquire","giành được, đạt được hoặc mua thứ gì đó","verb","/əˈkwaɪɚ/","Mr. Hodgkins acquired construction permits during the week of March 12.","Ông Hodgkins đã xin được giấy phép xây dựng trong tuần của ngày 12 tháng 3."
"30_Days_TOEIC","RL12","acquisition","việc mua lại hoặc giành được thứ gì đó","noun","/ˌæk.wəˈzɪʃ.ən/","The firm announced the acquisition of a smaller competitor.","Công ty đã công bố việc mua lại một đối thủ nhỏ hơn."
"30_Days_TOEIC","RL12","acquired","đã đạt được","adj","/əˈkwaɪɚd/","The company now manages several newly acquired businesses.","Công ty hiện đang quản lý một số doanh nghiệp mới được mua lại."
"30_Days_TOEIC","RL12","propose","đề xuất ý tưởng hoặc kế hoạch","verb","/prəˈpoʊz/","Several architects proposed design plans for the Hadler Building’s addition.","Một số kiến trúc sư đã đề xuất các bản thiết kế cho phần mở rộng của Tòa nhà Hadler."
"30_Days_TOEIC","RL12","proposal","đề xuất","noun","/prəˈpoʊ.zəl/","The board reviewed a proposal to open a second branch.","Ban giám đốc đã xem xét đề xuất mở một chi nhánh thứ hai."
"30_Days_TOEIC","RL12","merge","sáp nhập","verb","/mɝːdʒ/","Ever since the two companies merged, overall profits have increased considerably.","Kể từ khi hai công ty sáp nhập, tổng lợi nhuận đã tăng đáng kể."
"30_Days_TOEIC","RL12","intend","dự định","verb","/ɪnˈtend/","Baxter Consulting intends to combine information from various sources.","Baxter Consulting dự định kết hợp thông tin từ nhiều nguồn khác nhau."
"30_Days_TOEIC","RL12","intended","được dự định, dành cho mục đích cụ thể","adj","/ɪnˈten.dɪd/","This manual is intended for new employees.","Tài liệu hướng dẫn này dành cho nhân viên mới."
"30_Days_TOEIC","RL12","intention","ý định","noun","/ɪnˈten.ʃən/","She announced her intention to retire next year.","Cô ấy thông báo ý định nghỉ hưu vào năm tới."
"30_Days_TOEIC","RL12","intent","ý định mạnh mẽ","noun","/ɪnˈtent/","There was no intent to deceive the customer.","Không có ý định lừa dối khách hàng."
"30_Days_TOEIC","RL12","intentional","có chủ đích","adj","/ɪnˈten.ʃən.əl/","The error was not intentional—it was a system glitch.","Lỗi không phải do cố ý—đó là sự cố hệ thống."
"30_Days_TOEIC","RL12","inform","thông báo","verb","/ɪnˈfɔːrm/","Judith Cooke will inform you of the exact shipment date.","Judith Cooke sẽ thông báo cho bạn ngày giao hàng chính xác."
"30_Days_TOEIC","RL12","information","thông tin","noun","/ˌɪn.fɚˈmeɪ.ʃən/","For more information, please visit our website.","Để biết thêm thông tin, vui lòng truy cập trang web của chúng tôi."
"30_Days_TOEIC","RL12","informative","cung cấp nhiều thông tin hữu ích","adj","/ɪnˈfɔːr.mə.t̬ɪv/","The seminar was very informative and well-organized.","Buổi hội thảo rất nhiều thông tin và được tổ chức tốt."
"30_Days_TOEIC","RL12","informed","có kiến thức đầy đủ","adj","/ɪnˈfɔːrmd/","We want our customers to make informed purchasing decisions.","Chúng tôi muốn khách hàng đưa ra quyết định mua hàng sáng suốt."
"30_Days_TOEIC","RL12","exceed","vượt quá","verb","/ɪkˈsiːd/","Audiotimes’ financial success exceeded the expectations of economy analysts.","Thành công tài chính của Audiotimes đã vượt quá kỳ vọng của các nhà phân tích kinh tế."
"30_Days_TOEIC","RL12","excess","sự dư thừa","noun","/ˈek.ses/","There was an excess of inventory at the end of the quarter.","Có lượng hàng tồn kho dư thừa vào cuối quý."
"30_Days_TOEIC","RL12","excessive","quá mức","adj","/ɪkˈses.ɪv/","Excessive noise can affect employee productivity.","Tiếng ồn quá mức có thể ảnh hưởng đến năng suất làm việc của nhân viên."
"30_Days_TOEIC","RL12","excessively","một cách quá mức","adverb","/ɪkˈses.ɪv.li/","The room was excessively hot due to poor ventilation.","Phòng quá nóng do thông gió kém."
"30_Days_TOEIC","RL12","authorize","cho phép chính thức","verb","/ˈɔː.θə.raɪz/","Only the landowner may authorize improvements to the property.","Chỉ chủ đất mới có thể cho phép cải tạo tài sản."
"30_Days_TOEIC","RL12","authorization","sự cho phép chính thức","noun","/ˌɔː.θər.əˈzeɪ.ʃən/","You cannot access the system without prior authorization.","Bạn không thể truy cập hệ thống nếu không có sự cho phép trước."
"30_Days_TOEIC","RL12","authority","quyền lực hoặc cơ quan có thẩm quyền","noun","/əˈθɔːr.ə.t̬i/","Only the director has the authority to approve contracts.","Chỉ giám đốc mới có quyền phê duyệt hợp đồng."
"30_Days_TOEIC","RL12","authorized","được ủy quyền","adj","/ˈɔː.θə.raɪzd/","Only authorized personnel are allowed to enter this area.","Chỉ những người được ủy quyền mới được phép vào khu vực này."
"30_Days_TOEIC","RL12","comply","tuân thủ quy định","verb","/kəmˈplaɪ/","Food vendors must comply with all applicable policies.","Các nhà bán thực phẩm phải tuân thủ tất cả các chính sách áp dụng."
"30_Days_TOEIC","RL12","compliance","sự tuân thủ quy định","noun","/kəmˈplaɪ.əns/","Every food product sold here must be in compliance with local sanitation laws.","Mọi sản phẩm thực phẩm bán tại đây phải tuân thủ luật vệ sinh địa phương."
"30_Days_TOEIC","RL12","compliant","tuân thủ quy định","adj","/kəmˈplaɪ.ənt/","All equipment must be compliant with safety standards.","Tất cả thiết bị phải tuân thủ tiêu chuẩn an toàn."
"30_Days_TOEIC","RL12","interrupt","làm gián đoạn","verb","/ˌɪn.t̬əˈrʌpt/","Computer service will be interrupted temporarily.","Dịch vụ máy tính sẽ bị gián đoạn tạm thời."
"30_Days_TOEIC","RL12","interruption","sự gián đoạn","noun","/ˌɪn.t̬əˈrʌp.ʃən/","We apologize for the unexpected interruption of service.","Chúng tôi xin lỗi vì sự gián đoạn dịch vụ bất ngờ."
"30_Days_TOEIC","RL12","divide","chia ra, phân tách thành các phần","verb","/dɪˈvaɪd/","Dividing the work among the four teams is a very efficient approach.","Việc chia công việc cho bốn nhóm là một cách tiếp cận rất hiệu quả."
"30_Days_TOEIC","RL12","division","sự phân chia hoặc bộ phận trong tổ chức","noun","/dɪˈvɪʒ.ən/","Each division is responsible for a different region.","Mỗi bộ phận phụ trách một khu vực khác nhau."
"30_Days_TOEIC","RL12","dividend","cổ tức","noun","/ˈdɪv.ə.dend/","Shareholders will receive a dividend at the end of the fiscal year.","Cổ đông sẽ nhận được cổ tức vào cuối năm tài chính."
"30_Days_TOEIC","RL12","generate","tạo ra","verb","/ˈdʒen.ə.reɪt/","This project would generate local jobs over the next five years.","Dự án này sẽ tạo ra việc làm địa phương trong vòng năm năm tới."
"30_Days_TOEIC","RL12","generation","sự tạo ra hoặc thế hệ người","noun","/ˌdʒen.əˈreɪ.ʃən/","The power plant is used for the generation of electricity.","Nhà máy điện được sử dụng để sản xuất điện."
"30_Days_TOEIC","RL12","withdraw","rút lại, hủy bỏ","verb","/wɪðˈdrɑː/","This proposal may be withdrawn by Unadilla Supply if not accepted within 30 days.","Đề xuất này có thể bị rút lại bởi Unadilla Supply nếu không được chấp nhận trong vòng 30 ngày."
"30_Days_TOEIC","RL12","withdrawal","sự rút lui hoặc rút lại","noun","/wɪðˈdrɑː.əl/","The sudden withdrawal of funding delayed the project.","Việc rút tài trợ đột ngột đã làm trì hoãn dự án."
"30_Days_TOEIC","RL12","entitle","cho quyền làm hoặc nhận điều gì đó hợp pháp","verb","/ɪnˈtaɪ.t̬əl/","Every security officer is entitled to free coffee while on duty.","Mỗi nhân viên an ninh được quyền uống cà phê miễn phí khi đang làm nhiệm vụ."
"30_Days_TOEIC","RL12","entitlement","quyền lợi được hưởng","noun","/ɪnˈtaɪ.t̬əl.mənt/","Employees must understand their entitlement to workplace benefits.","Nhân viên cần hiểu rõ quyền lợi của mình tại nơi làm việc."
"30_Days_TOEIC","RL12","relieve","giảm bớt, làm dịu đi","verb","/rɪˈliːv/","After a very busy day, he uses meditation to relieve his stress.","Sau một ngày rất bận rộn, anh ấy dùng thiền để giảm căng thẳng."
"30_Days_TOEIC","RL12","compromise","làm tổn hại hoặc thỏa hiệp","verb","/ˈkɑːm.prə.maɪz/","The safety of employees is something that will never be compromised.","Sự an toàn của nhân viên là điều sẽ không bao giờ bị xem nhẹ."
"30_Days_TOEIC","RL12","decide","quyết định","verb","/dɪˈsaɪd/","The laboratory technicians decided to perform the statistical analysis themselves.","Các kỹ thuật viên phòng thí nghiệm đã quyết định tự thực hiện phân tích thống kê."
"30_Days_TOEIC","RL12","decision","quyết định","noun","/dɪˈsɪʒ.ən/","The final decision will be announced tomorrow.","Quyết định cuối cùng sẽ được công bố vào ngày mai."
"30_Days_TOEIC","RL12","resume","tiếp tục sau khi ngừng lại","verb","/rɪˈzuːm/","Construction will resume as soon as additional funding has been arranged.","Việc xây dựng sẽ được tiếp tục ngay khi nguồn tài trợ bổ sung được thu xếp."
"30_Days_TOEIC","RL12","outline","trình bày sơ lược","verb","/ˈaʊt.laɪn/","Mr. Hong will outline the procedures for handling confidential information.","Ông Hong sẽ trình bày các quy trình xử lý thông tin mật."
"30_Days_TOEIC","RL12","focus","tập trung chú ý vào một chủ đề cụ thể","verb","/ˈfoʊ.kəs/","This report will focus on the complaints we have received from customers.","Báo cáo này sẽ tập trung vào các khiếu nại mà chúng tôi nhận được từ khách hàng."
"30_Days_TOEIC","RL12","reduce","giảm bớt","verb","/rɪˈduːs/","Motorists are reminded to reduce their driving speed around construction areas.","Các tài xế được nhắc nhở giảm tốc độ khi đi qua khu vực thi công."
"30_Days_TOEIC","RL12","terminate","chấm dứt","verb","/ˈtɝː.mə.neɪt/","Salissea’s management plans to terminate several unproductive projects.","Ban quản lý của Salissea có kế hoạch chấm dứt một số dự án kém hiệu quả."
"30_Days_TOEIC","RL12","termination","sự chấm dứt","noun","/ˌtɝː.məˈneɪ.ʃən/","We received a formal notice of contract termination.","Chúng tôi đã nhận được thông báo chính thức về việc chấm dứt hợp đồng."
"30_Days_TOEIC","RL12","present","trình bày, đưa ra một cách trang trọng","verb","/prɪˈzent/","Present this coupon and receive 10 percent off your total bill.","Xuất trình phiếu giảm giá này để được giảm 10% tổng hóa đơn của bạn."
"30_Days_TOEIC","RL12","presentation","bài thuyết trình","noun","/ˌprez.ənˈteɪ.ʃən/","His presentation on marketing strategies was very engaging.","Bài thuyết trình của anh ấy về chiến lược marketing rất thu hút."
"30_Days_TOEIC","RL12","convey","truyền đạt thông tin hoặc cảm xúc","verb","/kənˈveɪ/","The film about protecting nature conveyed a message of hope.","Bộ phim về bảo vệ thiên nhiên đã truyền tải một thông điệp hy vọng."
"30_Days_TOEIC","RL12","duplicate","sao chép","verb","/ˈduː.plə.keɪt/","Mr. Ono duplicates all of the documents that were passed out during the presentation.","Ông Ono sao chép tất cả các tài liệu đã được phát ra trong buổi thuyết trình."
"30_Days_TOEIC","RL12","duplication","sự trùng lặp không cần thiết","noun","/ˌduː.pləˈkeɪ.ʃən/","We need to eliminate unnecessary duplication in our processes.","Chúng ta cần loại bỏ việc trùng lặp không cần thiết trong quy trình."
"30_Days_TOEIC","RL12","interact","tương tác","verb","/ˌɪn.t̬ɚˈækt/","Do your best to interact with customers in a courteous manner.","Hãy cố gắng hết sức để tương tác với khách hàng một cách lịch sự."
"30_Days_TOEIC","RL12","interaction","sự tương tác","noun","/ˌɪn.t̬ɚˈræk.ʃən/","Customer interaction is a key part of this role.","Tương tác với khách hàng là phần quan trọng trong vai trò này."
"30_Days_TOEIC","RL12","interactive","tương tác","adj","/ˌɪn.t̬ɚˈræk.tɪv/","The museum features interactive displays for children.","Bảo tàng có các màn hình tương tác dành cho trẻ em."
"30_Days_TOEIC","RL12","disclose","tiết lộ thông tin","verb","/dɪˈskloʊz/","Hewton Electronics will disclose more information on its Web site.","Hewton Electronics sẽ tiết lộ thêm thông tin trên trang web của mình."
"30_Days_TOEIC","RL12","disclosure","sự tiết lộ thông tin","noun","/dɪˈskloʊ.ʒɚ/","The disclosure of financial records is required by law.","Việc tiết lộ hồ sơ tài chính là bắt buộc theo luật."
"30_Days_TOEIC","RL12","diversify","đa dạng hóa","verb","/dɪˈvɝː.sə.faɪ/","Diversifying the range of articles has helped attract new readers.","Đa dạng hóa các loại bài viết đã giúp thu hút độc giả mới."
"30_Days_TOEIC","RL12","diversified","đa dạng","adj","/dɪˈvɝː.sə.faɪd/","The firm offers a diversified range of financial services.","Công ty cung cấp nhiều loại dịch vụ tài chính đa dạng."
"30_Days_TOEIC","RL12","diversification","sự đa dạng hóa","noun","/dɪˌvɝː.sə.fəˈkeɪ.ʃən/","Product diversification is key to reaching new markets.","Đa dạng hóa sản phẩm là chìa khóa để tiếp cận thị trường mới."
"30_Days_TOEIC","RL12","compile","tổng hợp thông tin từ nhiều nguồn","verb","/kəmˈpaɪl/","We will review the video and compile our analysis for the client.","Chúng tôi sẽ xem lại video và tổng hợp phân tích để gửi cho khách hàng."
"30_Days_TOEIC","RL12","endorse","công khai ủng hộ hoặc chấp thuận","verb","/ɪnˈdɔːrs/","Lots of our clients endorse the punctuality of our delivery service.","Nhiều khách hàng của chúng tôi ủng hộ sự đúng giờ của dịch vụ giao hàng."
"30_Days_TOEIC","RL12","endorsement","sự ủng hộ chính thức","noun","/ɪnˈdɔːrs.mənt/","The product received an endorsement from a well-known chef.","Sản phẩm đã nhận được sự chứng thực từ một đầu bếp nổi tiếng."
"30_Days_TOEIC","RL12","verify","xác nhận tính chính xác","verb","/ˈver.ə.faɪ/","Pharmacy technicians are responsible for verifying and processing prescriptions.","Kỹ thuật viên dược chịu trách nhiệm kiểm tra và xử lý đơn thuốc."
"30_Days_TOEIC","RL12","verification","xác minh","noun","/ˌver.ə.fəˈkeɪ.ʃən/","The payment is pending verification by the bank.","Khoản thanh toán đang chờ xác minh từ ngân hàng."
"30_Days_TOEIC","RL12","verifiable","có thể xác minh","adj","/ˈver.ə.faɪ.ə.bəl/","The claim must be supported with verifiable evidence.","Yêu cầu này phải đi kèm với bằng chứng có thể xác minh được."
"30_Days_TOEIC","RL12","impose","áp đặt","verb","/ɪmˈpoʊz/","A fine of $200 will be imposed upon any drivers who park illegally.","Mức phạt 200 đô sẽ được áp dụng với bất kỳ tài xế nào đỗ xe trái phép."
"30_Days_TOEIC","RL12","imposition","sự áp đặt gây phiền phức","noun","/ˌɪm.pəˈzɪʃ.ən/","The imposition of new taxes caused public concern.","Việc áp đặt các loại thuế mới đã gây lo ngại trong công chúng."
"30_Days_TOEIC","RL12","liquidate","thanh lý tài sản","verb","/ˈlɪk.wə.deɪt/","The company has decided to liquidate some of its subsidiaries.","Công ty đã quyết định thanh lý một số công ty con của mình."
"30_Days_TOEIC","RL12","lure","thu hút, quyến rũ ai đó làm điều gì đó","verb","/lʊr/","We’ve decided to give out beverages to lure people into the store.","Chúng tôi đã quyết định phát đồ uống để thu hút mọi người vào cửa hàng."
"30_Days_TOEIC","RL12","transmit","truyền đi","verb","/trænsˈmɪt/","Ensure that all the digits of the code are transmitted.","Đảm bảo rằng tất cả các chữ số của mã đều được truyền đi."
"30_Days_TOEIC","RL12","transmission","sự truyền tải","noun","/trænsˈmɪʃ.ən/","The transmission of the report will occur later today.","Việc truyền báo cáo sẽ diễn ra vào cuối ngày hôm nay."
"30_Days_TOEIC","RL12","commemorate","tưởng nhớ, kỷ niệm sự kiện hoặc người đặc biệt","verb","/kəˈmem.ə.reɪt/","To commemorate our 20th anniversary, we have published a cookbook.","Để kỷ niệm 20 năm thành lập, chúng tôi đã xuất bản một cuốn sách nấu ăn."
"30_Days_TOEIC","RL12","commemorative","để tưởng nhớ, kỷ niệm","adj","/kəˈmem.ɚ.ə.t̬ɪv/","A commemorative plaque was placed at the building entrance.","Một tấm bảng tưởng niệm được đặt tại lối vào tòa nhà."
"30_Days_TOEIC","RL12","commemoration","sự tưởng niệm","noun","/kəˌmem.əˈreɪ.ʃən/","A public event was held in commemoration of the hero's sacrifice.","Một sự kiện công cộng đã được tổ chức để tưởng nhớ sự hy sinh của người anh hùng."
"30_Days_TOEIC","RL12","acquaint","làm quen, giới thiệu","verb","/əˈkweɪnt/","Interns received a one-day orientation to acquaint them with the facility.","Thực tập sinh đã được tham gia buổi định hướng một ngày để làm quen với cơ sở vật chất."
"30_Days_TOEIC","RL12","acquaintance","người quen","noun","/əˈkweɪn.təns/","He is not a close friend, just a business acquaintance.","Anh ấy không phải là bạn thân, chỉ là người quen trong công việc."
"30_Days_TOEIC","RL12","deliberate","cân nhắc kỹ lưỡng, có chủ ý","verb","/dɪˈlɪb.ɚ.eɪt/","The finance committee will deliberate on the budget proposal for a few days.","Ủy ban tài chính sẽ cân nhắc đề xuất ngân sách trong vài ngày."
"30_Days_TOEIC","RL12","deliberate","có chủ ý, có tính toán","adj","/dɪˈlɪb.ɚ.ət/","The product launch happened after months of deliberate planning.","Việc ra mắt sản phẩm diễn ra sau nhiều tháng lên kế hoạch kỹ lưỡng."
"30_Days_TOEIC","RL12","deliberately","một cách cố ý","adverb","/dɪˈlɪb.ɚ.ət.li/","She deliberately avoided answering the question.","Cô ấy cố tình tránh trả lời câu hỏi đó."
"30_Days_TOEIC","RL12","convene","triệu tập họp","verb","/kənˈviːn/","Executives will convene in three weeks to discuss the budget proposal.","Ban điều hành sẽ họp trong ba tuần nữa để thảo luận đề xuất ngân sách."
"30_Days_TOEIC","RL12","convention","hội nghị hoặc quy ước","noun","/kənˈven.ʃən/","The annual sales convention will be held at the city convention center.","Hội nghị bán hàng thường niên sẽ được tổ chức tại trung tâm hội nghị thành phố."
"30_Days_TOEIC","RL13","reserve","đặt trước, giữ chỗ","verb","/rɪˈzɝːv/","Guests can reserve their seat by signing up in advance.","Khách có thể đặt chỗ bằng cách đăng ký trước."
"30_Days_TOEIC","RL13","reservation","đặt chỗ trước","noun","/ˌrez.ɚˈveɪ.ʃən/","Please confirm your reservation before arrival.","Vui lòng xác nhận đặt chỗ trước khi đến."
"30_Days_TOEIC","RL13","reserved","được giữ riêng, kín đáo, dè dặt","adj","/rɪˈzɝːvd/","A reserved seat has been prepared for the speaker.","Một chỗ ngồi được dành riêng cho diễn giả đã được chuẩn bị."
"30_Days_TOEIC","RL13","partner","hợp tác","verb","/ˈpɑːrt.nɚ/","Ms. Sahu partnered with designer Sangita Doshi to develop a line of clothing.","Cô Sahu đã hợp tác với nhà thiết kế Sangita Doshi để phát triển một dòng quần áo."
"30_Days_TOEIC","RL13","partnership","quan hệ hợp tác","noun","/ˈpɑːrt.nɚ.ʃɪp/","The two brands formed a partnership to develop new products.","Hai thương hiệu đã thành lập quan hệ hợp tác để phát triển sản phẩm mới."
"30_Days_TOEIC","RL13","determine","quyết định hoặc xác định điều gì đó","verb","/dɪˈtɝː.mɪn/","Starting salary is determined on the basis of work experience.","Mức lương khởi điểm được xác định dựa trên kinh nghiệm làm việc."
"30_Days_TOEIC","RL13","determined","quyết tâm","adj","/dɪˈtɝː.mɪnd/","She is determined to improve her performance this quarter.","Cô ấy quyết tâm cải thiện hiệu suất trong quý này."
"30_Days_TOEIC","RL13","determination","sự quyết tâm","noun","/dɪˌtɝː.məˈneɪ.ʃən/","Her determination to succeed inspired the whole team.","Sự quyết tâm thành công của cô ấy đã truyền cảm hứng cho cả nhóm."
"30_Days_TOEIC","RL13","examine","kiểm tra, xem xét cẩn thận","verb","/ɪɡˈzæm.ɪn/","Ms. Cohen examined the detailed business plan.","Cô Cohen đã xem xét kỹ lưỡng kế hoạch kinh doanh chi tiết."
"30_Days_TOEIC","RL13","examination","sự kiểm tra kỹ lưỡng","noun","/ɪɡˌzæm.əˈneɪ.ʃən/","The contract is still under legal examination.","Hợp đồng vẫn đang trong quá trình kiểm tra pháp lý."
"30_Days_TOEIC","RL13","examine","xem xét, kiểm tra kỹ lưỡng","verb","/ɪɡˈzæmɪn/","The committee will examine the proposal before making a decision.","Ủy ban sẽ xem xét đề xuất trước khi đưa ra quyết định."
"30_Days_TOEIC","RL13","examination","kiểm tra kỹ lưỡng","noun","/ɪɡˌzæməˈneɪʃən/","A careful examination of the report revealed several mistakes.","Một cuộc kiểm tra kỹ lưỡng báo cáo đã phát hiện một số lỗi."
"30_Days_TOEIC","RL13","handle","xử lý vấn đề","verb","/ˈhændl/","Our department handles all customer inquiries efficiently.","Bộ phận của chúng tôi xử lý tất cả các thắc mắc của khách hàng một cách hiệu quả."
"30_Days_TOEIC","RL13","coordinate","phối hợp","verb","/kəˈɔːr.dən.eɪt/","Our department will coordinate the scheduling of the training sessions.","Phòng chúng tôi sẽ phối hợp sắp xếp lịch các buổi đào tạo."
"30_Days_TOEIC","RL13","coordination","sự phối hợp nhịp nhàng","noun","/kəˌɔːr.dənˈeɪ.ʃən/","Effective coordination among departments is essential for success.","Sự phối hợp hiệu quả giữa các phòng ban là rất cần thiết để thành công."
"30_Days_TOEIC","RL13","coordinator","người điều phối","noun","/koʊˈɔːr.dən.eɪ.t̬ɚ/","She was appointed as the lead coordinator for the campaign.","Cô ấy được bổ nhiệm làm điều phối viên chính cho chiến dịch."
"30_Days_TOEIC","RL13","maintain","duy trì","verb","/meɪnˈteɪn/","The company works hard to maintain a high level of customer satisfaction.","Công ty nỗ lực duy trì mức độ hài lòng cao của khách hàng."
"30_Days_TOEIC","RL13","maintenance","bảo trì","noun","/ˈmeɪn.tən.əns/","The factory will be closed for routine maintenance next week.","Nhà máy sẽ đóng cửa để bảo trì định kỳ vào tuần tới."
"30_Days_TOEIC","RL13","ensure","bảo đảm","verb","/ɪnˈʃʊr/","Please ensure all safety protocols are followed during the inspection.","Vui lòng đảm bảo tất cả quy trình an toàn được tuân thủ trong quá trình kiểm tra."
"30_Days_TOEIC","RL13","assure","cam đoan, trấn an","verb","/əˈʃʊr/","We assure you that your order will arrive on time.","Chúng tôi cam đoan đơn hàng của bạn sẽ đến đúng hạn."
"30_Days_TOEIC","RL13","sure","chắc chắn","adj","/ʃʊr/","I'm sure the meeting is scheduled for 10 a.m.","Tôi chắc chắn cuộc họp được lên lịch vào 10 giờ sáng."
"30_Days_TOEIC","RL13","avoid","tránh né","verb","/əˈvɔɪd/","To avoid delays, we recommend submitting your request early.","Để tránh sự chậm trễ, chúng tôi khuyến nghị gửi yêu cầu sớm."
"30_Days_TOEIC","RL13","avoidable","có thể tránh được","adj","/əˈvɔɪ.də.bəl/","The delay was caused by an avoidable mistake in the order form.","Sự chậm trễ do lỗi có thể tránh được trong mẫu đơn đặt hàng."
"30_Days_TOEIC","RL13","unavoidable","không thể tránh khỏi","adj","/ˌʌn.əˈvɔɪ.də.bəl/","Due to unavoidable circumstances, the flight was canceled.","Do những tình huống không thể tránh khỏi, chuyến bay đã bị hủy."
"30_Days_TOEIC","RL13","consist","bao gồm, cấu thành từ","verb","/kənˈsɪst/","The training session consists of three modules and a final assessment.","Buổi đào tạo bao gồm ba phần và một bài đánh giá cuối cùng."
"30_Days_TOEIC","RL13","follow","làm theo, đi theo sau","verb","/ˈfɑː.loʊ/","In case of technical issues, please follow the troubleshooting guide provided.","Trong trường hợp có sự cố kỹ thuật, vui lòng làm theo hướng dẫn khắc phục được cung cấp."
"30_Days_TOEIC","RL13","following","sau","preposition","/ˈfɑː.loʊ.ɪŋ/","Following the meeting, the team will review the updated project plan.","Sau cuộc họp, nhóm sẽ xem xét kế hoạch dự án đã cập nhật."
"30_Days_TOEIC","RL13","enforce","thi hành, đảm bảo tuân thủ luật lệ","verb","/ɪnˈfɔːrs/","The government plans to enforce stricter safety regulations for factories.","Chính phủ dự định thi hành các quy định an toàn nghiêm ngặt hơn cho các nhà máy."
"30_Days_TOEIC","RL13","enforcement","thi hành luật lệ","noun","/ɪnˈfɔːrs.mənt/","Effective law enforcement requires cooperation from the community.","Thi hành pháp luật hiệu quả đòi hỏi sự hợp tác từ cộng đồng."
"30_Days_TOEIC","RL13","establish","thiết lập hoặc xây dựng một cách chính thức","verb","/ɪˈstæb.lɪʃ/","The committee aims to establish new safety standards across all departments.","Ủy ban đặt mục tiêu thiết lập các tiêu chuẩn an toàn mới cho tất cả các bộ phận."
"30_Days_TOEIC","RL13","establishment","sự thành lập hoặc tổ chức đã có","noun","/ɪˈstæb.lɪʃ.mənt/","The establishment of the new training center was completed last month.","Việc thành lập trung tâm đào tạo mới đã hoàn tất vào tháng trước."
"30_Days_TOEIC","RL13","established","đã được thiết lập, có uy tín","adj","/ɪˈstæb.lɪʃt/","They chose an established brand to ensure product quality.","Họ chọn một thương hiệu có uy tín để đảm bảo chất lượng sản phẩm."
"30_Days_TOEIC","RL13","refrain","tránh làm điều gì đó","verb","/rɪˈfreɪn/","Please refrain from making loud noises in the library.","Vui lòng tránh gây tiếng ồn lớn trong thư viện."
"30_Days_TOEIC","RL13","cause","gây ra","verb","/kɔːz/","The defective wiring caused a short circuit in the building.","Dây điện bị lỗi đã gây ra chập điện trong tòa nhà."
"30_Days_TOEIC","RL13","enroll","đăng ký tham gia","verb","/ɪnˈroʊl/","Employees must enroll in the training course before the deadline.","Nhân viên phải đăng ký khóa đào tạo trước thời hạn."
"30_Days_TOEIC","RL13","enrollment","việc ghi danh","noun","/ɪnˈroʊl.mənt/","The deadline for course enrollment is next Friday.","Hạn chót đăng ký khóa học là thứ Sáu tới."
"30_Days_TOEIC","RL13","investigate","điều tra","verb","/ɪnˈves.tə.ɡeɪt/","The company is investigating the cause of the recent service interruption.","Công ty đang điều tra nguyên nhân của sự gián đoạn dịch vụ gần đây."
"30_Days_TOEIC","RL13","investigation","cuộc điều tra","noun","/ɪnˌves.təˈɡeɪ.ʃən/","An internal investigation has been launched into the financial discrepancies.","Một cuộc điều tra nội bộ đã được tiến hành về những sai lệch tài chính."
"30_Days_TOEIC","RL13","investigator","người điều tra","noun","/ɪnˈves.tə.ɡeɪ.t̬ɚ/","The lead investigator presented the findings at the press conference.","Điều tra viên chính đã trình bày phát hiện tại buổi họp báo."
"30_Days_TOEIC","RL13","resign","từ chức","verb","/rɪˈzaɪn/","The director resigned from his position after ten years of service.","Giám đốc đã từ chức sau mười năm công tác."
"30_Days_TOEIC","RL13","resignation","đơn từ chức","noun","/ˌrez.ɪɡˈneɪ.ʃən/","The board accepted Mr. Coleman's resignation yesterday.","Ban lãnh đạo đã chấp thuận đơn từ chức của ông Coleman vào hôm qua."
"30_Days_TOEIC","RL13","occur","xảy ra","verb","/əˈkɜːr/","System updates will occur during off-peak hours to avoid disruption.","Việc cập nhật hệ thống sẽ diễn ra vào giờ thấp điểm để tránh gián đoạn."
"30_Days_TOEIC","RL13","occurrence","sự kiện xảy ra","noun","/əˈkɜː.rəns/","Power outages have become a rare occurrence in this area.","Mất điện đã trở thành hiện tượng hiếm ở khu vực này."
"30_Days_TOEIC","RL13","succeed","thành công","verb","/səkˈsiːd/","After months of testing, the team finally succeeded in improving battery performance.","Sau nhiều tháng thử nghiệm, nhóm cuối cùng đã thành công trong việc cải thiện hiệu suất pin."
"30_Days_TOEIC","RL13","success","sự thành công","noun","/səkˈses/","The success of the marketing campaign led to increased sales.","Sự thành công của chiến dịch tiếp thị đã dẫn đến doanh số tăng."
"30_Days_TOEIC","RL13","accession","việc nhậm chức hoặc lên ngôi","noun","/əkˈseʃ.ən/","The CEO’s accession was announced at the annual shareholder meeting.","Việc nhậm chức của CEO đã được công bố tại cuộc họp cổ đông thường niên."
"30_Days_TOEIC","RL13","successive","liên tiếp","adj","/səkˈses.ɪv/","The company recorded growth for five successive quarters.","Công ty ghi nhận sự tăng trưởng trong năm quý liên tiếp."
"30_Days_TOEIC","RL13","successful","thành công","adj","/səkˈses.fəl/","The company had a successful product launch last quarter.","Công ty đã có một đợt ra mắt sản phẩm thành công vào quý trước."
"30_Days_TOEIC","RL13","assume","đảm nhận hoặc cho rằng điều gì đúng","verb","/əˈsuːm/","She will assume responsibility for overseeing the entire marketing team.","Cô ấy sẽ đảm nhận trách nhiệm giám sát toàn bộ đội ngũ tiếp thị."
"30_Days_TOEIC","RL13","assumption","giả định","noun","/əˈsʌmp.ʃən/","The assumption that sales would increase proved to be incorrect.","Giả định rằng doanh số sẽ tăng hóa ra là sai."
"30_Days_TOEIC","RL13","emerge","nổi lên, xuất hiện rõ ràng","verb","/ɪˈmɜːrdʒ/","Several small companies have emerged as strong competitors in the market.","Một số công ty nhỏ đã nổi lên như những đối thủ mạnh trên thị trường."
"30_Days_TOEIC","RL13","emergence","sự xuất hiện","noun","/ɪˈmɜːr.dʒəns/","The emergence of new technologies is transforming the way we work.","Sự xuất hiện của các công nghệ mới đang thay đổi cách chúng ta làm việc."
"30_Days_TOEIC","RL13","observe","tuân thủ hoặc quan sát cẩn thận","verb","/əbˈzɝːv/","All employees must observe the safety rules at all times.","Tất cả nhân viên phải luôn tuân thủ các quy định an toàn."
"30_Days_TOEIC","RL13","observance","sự tuân thủ hoặc cử hành theo luật lệ, truyền thống","noun","/əbˈzɝː.vəns/","The observance of local labor laws is mandatory for all contractors.","Việc tuân thủ luật lao động địa phương là bắt buộc đối với tất cả các nhà thầu."
"30_Days_TOEIC","RL13","observation","sự quan sát","noun","/ˌɑːb.zɚˈveɪ.ʃən/","The data was collected through direct observation over three weeks.","Dữ liệu được thu thập thông qua quan sát trực tiếp trong ba tuần."
"30_Days_TOEIC","RL13","observant","tinh mắt, chú ý đến chi tiết","adj","/əbˈzɝː.vənt/","She is very observant and notices even small changes in design.","Cô ấy rất tinh ý và nhận ra cả những thay đổi nhỏ trong thiết kế."
"30_Days_TOEIC","RL13","expose","tiếp xúc, phơi bày","verb","/ɪkˈspoʊz/","Do not expose the device to direct sunlight or water.","Không để thiết bị tiếp xúc với ánh nắng trực tiếp hoặc nước."
"30_Days_TOEIC","RL13","exposed","bị lộ, không được che chắn","adj","/ɪkˈspoʊzd/","This model is not suitable for exposed outdoor areas.","Mẫu này không phù hợp với khu vực ngoài trời không được che chắn."
"30_Days_TOEIC","RL13","exposure","sự tiếp xúc hoặc ảnh hưởng, thường là tiêu cực","noun","/ɪkˈspoʊ.ʒɚ/","Prolonged exposure to noise can damage hearing.","Tiếp xúc với tiếng ồn trong thời gian dài có thể gây hại cho thính giác."
"30_Days_TOEIC","RL13","restrict","hạn chế","verb","/rɪˈstrɪkt/","The company restricts access to confidential files.","Công ty hạn chế quyền truy cập vào các tệp tin mật."
"30_Days_TOEIC","RL13","restriction","sự hạn chế","noun","/rɪˈstrɪk.ʃən/","There are strict restrictions on the use of company vehicles.","Có các hạn chế nghiêm ngặt đối với việc sử dụng xe của công ty."
"30_Days_TOEIC","RL13","restricted","bị hạn chế, giới hạn","adj","/rɪˈstrɪk.tɪd/","Access to the server room is restricted to authorized personnel.","Truy cập vào phòng máy chủ bị giới hạn cho nhân sự được ủy quyền."
"30_Days_TOEIC","RL13","finalize","hoàn tất","verb","/ˈfaɪ.nəl.aɪz/","We need to finalize the agenda before sending it to the board.","Chúng tôi cần hoàn tất chương trình nghị sự trước khi gửi đến hội đồng quản trị."
"30_Days_TOEIC","RL13","finalization","quá trình hoàn tất","noun","/ˌfaɪ.nəl.əˈzeɪ.ʃən/","The finalization of the agreement is expected by Friday.","Việc hoàn tất thỏa thuận dự kiến sẽ xong vào thứ Sáu."
"30_Days_TOEIC","RL13","final","cuối cùng","adj","/ˈfaɪ.nəl/","We are preparing the final version of the presentation.","Chúng tôi đang chuẩn bị phiên bản cuối cùng của bài thuyết trình."
"30_Days_TOEIC","RL13","finally","cuối cùng","adverb","/ˈfaɪ.nəl.i/","The team finally completed the development phase.","Nhóm cuối cùng đã hoàn thành giai đoạn phát triển."
"30_Days_TOEIC","RL13","argue","tranh luận, trình bày lý lẽ để thuyết phục","verb","/ˈɑːrɡ.juː/","The manager argued that extending store hours would increase sales.","Quản lý lập luận rằng việc kéo dài giờ mở cửa sẽ làm tăng doanh số."
"30_Days_TOEIC","RL13","argument","lập luận hoặc tranh luận về một quan điểm","noun","/ˈɑːrɡ.jə.mənt/","There is a strong argument for investing in renewable energy.","Có một lập luận vững chắc cho việc đầu tư vào năng lượng tái tạo."
"30_Days_TOEIC","RL13","forward","chuyển tiếp","verb","/ˈfɔːr.wɚd/","Please forward any inquiries to our customer service department.","Vui lòng chuyển mọi thắc mắc đến bộ phận chăm sóc khách hàng."
"30_Days_TOEIC","RL13","forward","tiến hành","verb","/ˈfɔːr.wɚd/","We’d like to move forward with the renovation project this month.","Chúng tôi muốn tiến hành dự án cải tạo trong tháng này."
"30_Days_TOEIC","RL13","insert","đưa vào, đặt vào trong","verb","/ɪnˈsɝːt/","Make sure the card is inserted correctly into the slot.","Hãy đảm bảo rằng thẻ được đưa vào khe đúng cách."
"30_Days_TOEIC","RL13","speculate","suy đoán dựa trên thông tin không chắc chắn","verb","/ˈspek.jə.leɪt/","Analysts speculated that the company might expand into new markets.","Các nhà phân tích suy đoán rằng công ty có thể mở rộng sang thị trường mới."
"30_Days_TOEIC","RL13","speculation","sự suy đoán không có bằng chứng chắc chắn","noun","/ˌspek.jəˈleɪ.ʃən/","There is speculation that the CEO will step down next quarter.","Có sự suy đoán rằng giám đốc điều hành sẽ từ chức vào quý tới."
"30_Days_TOEIC","RL13","qualify","đủ điều kiện","verb","/ˈkwɑː.lə.faɪ/","Employees must work for six months to qualify for paid leave.","Nhân viên phải làm việc sáu tháng để đủ điều kiện nghỉ có lương."
"30_Days_TOEIC","RL13","qualification","bằng cấp hoặc yêu cầu đủ điều kiện","noun","/ˌkwɑː.lə.fəˈkeɪ.ʃən/","Applicants must have the necessary qualifications for the position.","Ứng viên phải có bằng cấp cần thiết cho vị trí này."
"30_Days_TOEIC","RL13","qualified","đủ tiêu chuẩn","adj","/ˈkwɑː.lə.faɪd/","She is highly qualified for the role of financial analyst.","Cô ấy rất đủ tiêu chuẩn cho vai trò nhà phân tích tài chính."
"30_Days_TOEIC","RL13","surpass","vượt qua, vượt hơn","verb","/sɚˈpæs/","The team's performance surpassed all expectations during the final quarter.","Hiệu suất của nhóm đã vượt mọi kỳ vọng trong quý cuối cùng."
"30_Days_TOEIC","RL13","surpassingly","cực kỳ nổi bật","adverb","/sɚˈpæs.ɪŋ.li/","The building was surpassingly elegant and well-designed.","Tòa nhà cực kỳ thanh lịch và được thiết kế tinh tế."
"30_Days_TOEIC","RL13","unsurpassed","vô song, không ai sánh kịp","adj","/ˌʌn.sɚˈpæst/","We pride ourselves on providing unsurpassed customer service.","Chúng tôi tự hào mang đến dịch vụ khách hàng vô song."
"30_Days_TOEIC","RL13","interfere","can thiệp, gây cản trở","verb","/ˌɪn.t̬ɚˈfɪr/","Please do not interfere with the technicians while they are working.","Vui lòng không can thiệp vào công việc của các kỹ thuật viên khi họ đang làm việc."
"30_Days_TOEIC","RL13","refer","đề cập hoặc chỉ dẫn đến nguồn thông tin khác","verb","/rɪˈfɝː/","For more details, please refer to the user manual included in the box.","Để biết thêm chi tiết, vui lòng tham khảo sách hướng dẫn kèm theo trong hộp."
"30_Days_TOEIC","RL13","reference","tài liệu tham khảo","noun","/ˈref.ɚ.əns/","The report included several references to market research studies.","Báo cáo bao gồm một số trích dẫn từ các nghiên cứu thị trường."
"30_Days_TOEIC","RL13","rely","phụ thuộc, tin tưởng vào ai/cái gì","verb","/rɪˈlaɪ/","Many small businesses rely on referrals to gain new customers.","Nhiều doanh nghiệp nhỏ phụ thuộc vào giới thiệu để có khách hàng mới."
"30_Days_TOEIC","RL13","reliance","sự phụ thuộc hoặc tin tưởng vào ai/cái gì","noun","/rɪˈlaɪ.əns/","The company's reliance on imported materials may affect production.","Sự phụ thuộc của công ty vào nguyên liệu nhập khẩu có thể ảnh hưởng đến sản xuất."
"30_Days_TOEIC","RL13","disregard","bỏ qua, không quan tâm","verb","/ˌdɪs.rɪˈɡɑːrd/","Please disregard the previous invoice if payment has already been made.","Vui lòng bỏ qua hóa đơn trước nếu bạn đã thanh toán."
"30_Days_TOEIC","RL13","object","phản đối điều gì","verb","/əbˈdʒekt/","Several employees objected to the proposed changes in the schedule.","Một số nhân viên đã phản đối các thay đổi được đề xuất trong lịch làm việc."
"30_Days_TOEIC","RL13","objection","sự phản đối","noun","/əbˈdʒek.ʃən/","The proposal was approved despite some objections from staff.","Đề xuất đã được thông qua mặc dù có một số phản đối từ nhân viên."
"30_Days_TOEIC","RL13","objective","mục tiêu","noun","/əbˈdʒek.tɪv/","The main objective of this meeting is to finalize the timeline.","Mục tiêu chính của cuộc họp này là hoàn tất mốc thời gian."
"30_Days_TOEIC","RL13","objectivity","tính khách quan","noun","/ˌɑːb.dʒekˈtɪv.ə.t̬i/","Journalists are expected to maintain objectivity in their reporting.","Các nhà báo được kỳ vọng giữ tính khách quan trong bài viết của mình."
"30_Days_TOEIC","RL13","summarize","tóm tắt nội dung chính","verb","/ˈsʌm.ə.raɪz/","The consultant summarized the key findings at the end of the meeting.","Cố vấn đã tóm tắt những phát hiện chính vào cuối buổi họp."
"30_Days_TOEIC","RL13","summary","bản tóm tắt","noun","/ˈsʌm.ɚ.i/","The manager provided a brief summary of the quarterly report.","Quản lý đã cung cấp một bản tóm tắt ngắn gọn về báo cáo quý."
"30_Days_TOEIC","RL13","waive","miễn, từ bỏ điều gì đó","verb","/weɪv/","The bank agreed to waive the late payment fee for first-time offenders.","Ngân hàng đã đồng ý miễn phí thanh toán trễ cho người vi phạm lần đầu."
"30_Days_TOEIC","RL13","overhaul","đại tu","verb","/ˈoʊ.vɚ.hɑːl/","The IT team plans to overhaul the outdated database system.","Nhóm CNTT dự định đại tu hệ thống cơ sở dữ liệu lỗi thời."
"30_Days_TOEIC","RL13","facilitate","hỗ trợ, làm cho dễ dàng hơn","verb","/fəˈsɪl.ə.teɪt/","The new software is designed to facilitate internal communication.","Phần mềm mới được thiết kế để hỗ trợ giao tiếp nội bộ."
"30_Days_TOEIC","RL13","facilitator","người điều phối","noun","/fəˈsɪl.ə.teɪ.t̬ɚ/","The workshop will be led by an experienced facilitator.","Hội thảo sẽ được dẫn dắt bởi một người điều phối giàu kinh nghiệm."
"30_Days_TOEIC","RL13","facilitation","hỗ trợ, tạo điều kiện thuận lợi","noun","/fəˌsɪl.əˈteɪ.ʃən/","The success of the project depends on the facilitation of cross-team collaboration.","Thành công của dự án phụ thuộc vào việc hỗ trợ hợp tác giữa các nhóm."
"30_Days_TOEIC","RL13","yield","mang lại kết quả hoặc lợi ích","verb","/jiːld/","The new strategy yielded better outcomes than expected.","Chiến lược mới đã mang lại kết quả tốt hơn mong đợi."
"30_Days_TOEIC","RL13","revert","quay lại trạng thái trước","verb","/rɪˈvɝːt/","After a system failure, the team decided to revert to the backup version.","Sau sự cố hệ thống, nhóm đã quyết định quay lại phiên bản sao lưu."
"30_Days_TOEIC","RL13","relinquish","từ bỏ quyền kiểm soát","verb","/rɪˈlɪŋ.kwɪʃ/","He decided to relinquish control of the company to focus on his health.","Anh ấy quyết định từ bỏ quyền kiểm soát công ty để tập trung vào sức khỏe."
"30_Days_TOEIC","RL13","strive","cố gắng, nỗ lực đạt mục tiêu","verb","/straɪv/","Our team is striving to improve customer satisfaction across all services.","Nhóm của chúng tôi đang nỗ lực cải thiện sự hài lòng của khách hàng trên tất cả các dịch vụ."
"30_Days_TOEIC","RL13","affix","gắn hoặc dán vào vật khác","verb","/əˈfɪks/","Please affix the shipping label to the top of the package.","Vui lòng dán nhãn vận chuyển lên mặt trên của gói hàng."
"30_Days_TOEIC","RL13","integrate","tích hợp","verb","/ˈɪn.t̬ə.ɡreɪt/","The new system will integrate payroll and attendance data.","Hệ thống mới sẽ tích hợp dữ liệu bảng lương và chấm công."
"30_Days_TOEIC","RL13","integration","sự tích hợp","noun","/ˌɪn.t̬əˈɡreɪ.ʃən/","The integration of the new system should reduce manual input errors.","Việc tích hợp hệ thống mới sẽ giúp giảm lỗi nhập thủ công."
"30_Days_TOEIC","RL13","solidify","làm rõ, củng cố hoặc vững chắc hơn","verb","/səˈlɪd.ə.faɪ/","The manager solidified the project plan after the final meeting.","Quản lý đã làm rõ kế hoạch dự án sau cuộc họp cuối cùng."
"30_Days_TOEIC","RL13","solid","vững chắc, ổn định, đáng tin cậy","adj","/ˈsɑː.lɪd/","The company has built a solid reputation over the past decade.","Công ty đã xây dựng được danh tiếng vững chắc trong suốt thập kỷ qua."
"30_Days_TOEIC","RL13","encompass","bao gồm, chứa đựng toàn bộ","verb","/ɪnˈkʌm.pəs/","The training program encompasses both technical skills and soft skills.","Chương trình đào tạo bao gồm cả kỹ năng chuyên môn và kỹ năng mềm."
"30_Days_TOEIC","RL13","institute","thiết lập hệ thống hoặc chính sách chính thức","verb","/ˈɪn.stə.tuːt/","The company has instituted flexible working hours to improve productivity.","Công ty đã thiết lập giờ làm việc linh hoạt để cải thiện năng suất."
"30_Days_TOEIC","RL13","institution","tổ chức lớn hoặc tập quán lâu đời","noun","/ˌɪn.stəˈtuː.ʃən/","The university is a respected academic institution with a long history.","Trường đại học là một tổ chức học thuật có uy tín với bề dày lịch sử."
"30_Days_TOEIC","RL14","reschedule","sắp xếp lại lịch","verb","/ˌriːˈskedʒ.uːl/","Due to a conflict, we need to reschedule the client meeting.","Do trùng lịch, chúng tôi cần sắp xếp lại cuộc họp với khách hàng."
"30_Days_TOEIC","RL14","separate","tách rời","verb","/ˈsep.ɚ.eɪt/","The HR department will separate full-time and part-time applicants.","Phòng nhân sự sẽ phân loại ứng viên toàn thời gian và bán thời gian."
"30_Days_TOEIC","RL14","separation","sự tách rời","noun","/ˌsep.əˈreɪ.ʃən/","The separation of duties ensures better control and accountability.","Việc phân tách nhiệm vụ đảm bảo kiểm soát và trách nhiệm tốt hơn."
"30_Days_TOEIC","RL14","separated","tách rời","adj","/ˈsep.ɚ.eɪ.t̬ɪd/","All confidential files should be stored in a separated folder.","Tất cả tài liệu mật nên được lưu trong một thư mục riêng biệt."
"30_Days_TOEIC","RL14","separately","một cách riêng biệt","adverb","/ˈsep.ɚ.ət.li/","Invoices must be submitted separately for each vendor.","Hóa đơn phải được nộp riêng biệt cho từng nhà cung cấp."
"30_Days_TOEIC","RL14","exhibit","trưng bày","verb","/ɪɡˈzɪb.ɪt/","The artist will exhibit her latest collection at the downtown gallery.","Nữ họa sĩ sẽ trưng bày bộ sưu tập mới nhất tại phòng tranh trung tâm."
"30_Days_TOEIC","RL14","exhibition","cuộc triển lãm","noun","/ˌek.səˈbɪʃ.ən/","The museum is hosting an exhibition on traditional crafts.","Bảo tàng đang tổ chức triển lãm về nghề thủ công truyền thống."
"30_Days_TOEIC","RL14","exhibitor","người trưng bày sản phẩm tại triển lãm","noun","/ɪɡˈzɪb.ə.t̬ɚ/","Each exhibitor is given a booth to display their products.","Mỗi đơn vị trưng bày được cấp một gian hàng để giới thiệu sản phẩm."
"30_Days_TOEIC","RL14","compare","so sánh","verb","/kəmˈper/","The report compares last quarter's sales with those from the same period last year.","Báo cáo so sánh doanh số quý trước với cùng kỳ năm ngoái."
"30_Days_TOEIC","RL14","comparison","sự so sánh","noun","/kəmˈper.ɪ.sən/","A comparison of prices shows this model is more affordable.","So sánh giá cả cho thấy mẫu này hợp lý hơn."
"30_Days_TOEIC","RL14","comparable","có thể so sánh được","adj","/ˈkɑːm.pɚ.ə.bəl/","The two smartphones are comparable in terms of features and price.","Hai điện thoại thông minh tương đương nhau về tính năng và giá cả."
"30_Days_TOEIC","RL14","compatible","tương thích","adj","/kəmˈpæt.ə.bəl/","This software is compatible with both Windows and macOS.","Phần mềm này tương thích với cả Windows và macOS."
"30_Days_TOEIC","RL14","remain","vẫn giữ nguyên, không thay đổi","verb","/rɪˈmeɪn/","The building will remain closed until further notice.","Tòa nhà sẽ vẫn đóng cửa cho đến khi có thông báo mới."
"30_Days_TOEIC","RL14","remainder","phần còn lại","noun","/rɪˈmeɪn.dɚ/","Please deliver the remainder of the shipment by Friday.","Vui lòng giao phần còn lại của lô hàng trước thứ Sáu."
"30_Days_TOEIC","RL14","remaining","còn lại","adj","/rɪˈmeɪ.nɪŋ/","We need to use the remaining budget before the end of the quarter.","Chúng tôi cần sử dụng ngân sách còn lại trước khi hết quý."
"30_Days_TOEIC","RL14","allow","cho phép","verb","/əˈlaʊ/","Employees are allowed to work remotely on Fridays.","Nhân viên được phép làm việc từ xa vào thứ Sáu."
"30_Days_TOEIC","RL14","allowance","khoản trợ cấp","noun","/əˈlaʊ.əns/","Each employee receives a monthly travel allowance.","Mỗi nhân viên nhận được một khoản trợ cấp đi lại hàng tháng."
"30_Days_TOEIC","RL14","allowable","được phép theo quy định","adj","/əˈlaʊ.ə.bəl/","The allowable limit for this expense is $500.","Giới hạn cho phép cho khoản chi này là 500 đô la."
"30_Days_TOEIC","RL14","oversee","giám sát","verb","/ˌoʊ.vɚˈsiː/","He was hired to oversee daily operations at the new branch.","Anh ấy được thuê để giám sát hoạt động hàng ngày tại chi nhánh mới."
"30_Days_TOEIC","RL14","announce","thông báo chính thức","verb","/əˈnaʊns/","The manager announced that the office will close early on Friday.","Quản lý thông báo rằng văn phòng sẽ đóng cửa sớm vào thứ Sáu."
"30_Days_TOEIC","RL14","announcement","thông báo chính thức","noun","/əˈnaʊns.mənt/","An official announcement will be made tomorrow morning.","Một thông báo chính thức sẽ được đưa ra vào sáng mai."
"30_Days_TOEIC","RL14","announcer","người phát thanh hoặc công bố thông tin","noun","/əˈnaʊn.sɚ/","The event’s announcer welcomed guests and introduced the keynote speaker.","Người dẫn chương trình của sự kiện đã chào đón khách và giới thiệu diễn giả chính."
"30_Days_TOEIC","RL14","meet","đáp ứng yêu cầu","verb","/miːt/","The final product failed to meet customer expectations.","Sản phẩm cuối cùng không đáp ứng được kỳ vọng của khách hàng."
"30_Days_TOEIC","RL14","instruct","chỉ dẫn, ra lệnh làm gì đó","verb","/ɪnˈstrʌkt/","Employees were instructed to evacuate the building immediately.","Nhân viên được chỉ dẫn sơ tán khỏi tòa nhà ngay lập tức."
"30_Days_TOEIC","RL14","instruction","hướng dẫn","noun","/ɪnˈstrʌk.ʃən/","Please follow the installation instructions carefully.","Vui lòng làm theo hướng dẫn lắp đặt một cách cẩn thận."
"30_Days_TOEIC","RL14","instructor","người hướng dẫn","noun","/ɪnˈstrʌk.tɚ/","The driving instructor was patient and very clear in his teaching.","Người hướng dẫn lái xe rất kiên nhẫn và giảng dạy rõ ràng."
"30_Days_TOEIC","RL14","instructive","hữu ích, mang tính giáo dục","adj","/ɪnˈstrʌk.tɪv/","The training session was very instructive and well-structured.","Buổi đào tạo rất hữu ích và được tổ chức bài bản."
"30_Days_TOEIC","RL14","broaden","mở rộng","verb","/ˈbrɑː.dən/","The company aims to broaden its customer base across Asia.","Công ty đặt mục tiêu mở rộng tập khách hàng tại khắp châu Á."
"30_Days_TOEIC","RL14","broad","rộng rãi","adj","/brɑːd/","The proposal received broad support from all departments.","Đề xuất nhận được sự ủng hộ rộng rãi từ tất cả các phòng ban."
"30_Days_TOEIC","RL14","broadly","nói chung","adverb","/ˈbrɑːd.li/","The plan was broadly accepted by the board.","Kế hoạch đã được hội đồng thông qua trên diện rộng."
"30_Days_TOEIC","RL14","book","đặt chỗ","verb","/bʊk/","We will book your flight and hotel for the upcoming conference.","Chúng tôi sẽ đặt vé máy bay và khách sạn cho hội nghị sắp tới."
"30_Days_TOEIC","RL14","booking","việc đặt chỗ","noun","/ˈbʊk.ɪŋ/","The booking was confirmed via email within minutes.","Việc đặt chỗ đã được xác nhận qua email chỉ sau vài phút."
"30_Days_TOEIC","RL14","admit","cho phép vào hoặc thừa nhận điều gì đó đúng","verb","/ədˈmɪt/","The ticket admits one person to the event.","Vé cho phép một người vào sự kiện."
"30_Days_TOEIC","RL14","admission","sự cho phép vào hoặc thừa nhận điều gì đó","noun","/ədˈmɪʃ.ən/","Admission to the museum is free on Sundays.","Vào cửa bảo tàng miễn phí vào Chủ Nhật."
"30_Days_TOEIC","RL14","notify","thông báo","verb","/ˈnoʊ.t̬ə.faɪ/","Please notify the IT team if you experience any technical issues.","Vui lòng thông báo cho nhóm IT nếu bạn gặp sự cố kỹ thuật."
"30_Days_TOEIC","RL14","notification","thông báo","noun","/ˌnoʊ.t̬ə.fəˈkeɪ.ʃən/","You will receive a notification once your order has shipped.","Bạn sẽ nhận được thông báo khi đơn hàng được gửi đi."
"30_Days_TOEIC","RL14","represent","đại diện cho ai đó hoặc tổ chức","verb","/ˌrep.rɪˈzent/","Our legal team will represent the company in court.","Nhóm pháp lý của chúng tôi sẽ đại diện công ty tại tòa."
"30_Days_TOEIC","RL14","representative","người đại diện","noun","/ˌrep.rɪˈzen.tə.t̬ɪv/","A sales representative will contact you shortly.","Một nhân viên kinh doanh sẽ liên hệ với bạn sớm."
"30_Days_TOEIC","RL14","representation","sự đại diện","noun","/ˌrep.rɪ.zenˈteɪ.ʃən/","The union demanded better representation in management decisions.","Công đoàn yêu cầu có đại diện tốt hơn trong các quyết định quản lý."
"30_Days_TOEIC","RL14","advise","khuyên bảo","verb","/ədˈvaɪz/","We strongly advise all travelers to purchase insurance.","Chúng tôi đặc biệt khuyên tất cả du khách nên mua bảo hiểm."
"30_Days_TOEIC","RL14","advice","lời khuyên","noun","/ədˈvaɪs/","He gave me some useful advice on preparing for the interview.","Anh ấy đã cho tôi vài lời khuyên hữu ích để chuẩn bị cho buổi phỏng vấn."
"30_Days_TOEIC","RL14","advisor","cố vấn chuyên môn","noun","/ədˈvaɪ.zɚ/","He works as a financial advisor for a major firm.","Anh ấy làm cố vấn tài chính cho một công ty lớn."
"30_Days_TOEIC","RL14","advisable","nên làm, được khuyên làm","adj","/ədˈvaɪ.zə.bəl/","It is advisable to confirm your reservation in advance.","Nên xác nhận đặt chỗ trước."
"30_Days_TOEIC","RL14","advisory","có tính chất tư vấn","adj","/ədˈvaɪ.zɚ.i/","The company formed an advisory board to guide strategic decisions.","Công ty thành lập ban cố vấn để định hướng các quyết định chiến lược."
"30_Days_TOEIC","RL14","expire","hết hạn","verb","/ɪkˈspaɪr/","Your account will expire if it is not renewed before the due date.","Tài khoản của bạn sẽ hết hạn nếu không được gia hạn trước ngày đến hạn."
"30_Days_TOEIC","RL14","expiration","ngày hết hạn","noun","/ˌek.spəˈreɪ.ʃən/","The expiration date is printed clearly on the packaging.","Ngày hết hạn được in rõ trên bao bì."
"30_Days_TOEIC","RL14","expired","đã hết hạn","adj","/ɪkˈspaɪɚd/","The coupons are expired and no longer accepted.","Các phiếu giảm giá đã hết hạn và không còn được chấp nhận."
"30_Days_TOEIC","RL14","expiry","ngày hết hạn","noun","/ˈek.spə.ri/","Check the expiry date on all medication packages.","Kiểm tra ngày hết hạn trên tất cả các gói thuốc."
"30_Days_TOEIC","RL14","invalidate","làm mất hiệu lực","verb","/ɪnˈvæl.ə.deɪt/","The contractor’s bankruptcy instantly invalidated their current work contract.","Việc phá sản của nhà thầu lập tức khiến hợp đồng lao động hiện tại mất hiệu lực."
"30_Days_TOEIC","RL14","depart","khởi hành","verb","/dɪˈpɑːrt/","The bus will depart from Gate 3 at exactly 9:00 a.m.","Xe buýt sẽ khởi hành từ Cổng 3 đúng 9:00 sáng."
"30_Days_TOEIC","RL14","departure","sự khởi hành","noun","/dɪˈpɑːr.tʃɚ/","Please proceed to Gate 12 for departure.","Vui lòng di chuyển đến Cổng 12 để khởi hành."
"30_Days_TOEIC","RL14","appoint","chỉ định, bổ nhiệm ai vào vị trí chính thức","verb","/əˈpɔɪnt/","The board appointed a new CEO after a thorough selection process.","Hội đồng đã bổ nhiệm một CEO mới sau quá trình tuyển chọn kỹ lưỡng."
"30_Days_TOEIC","RL14","appointment","cuộc hẹn hoặc sự bổ nhiệm","noun","/əˈpɔɪnt.mənt/","His appointment as regional director was announced last week.","Việc bổ nhiệm anh ấy làm giám đốc khu vực được công bố vào tuần trước."
"30_Days_TOEIC","RL14","appointed","được bổ nhiệm","adj","/əˈpɔɪn.t̬ɪd/","She is the newly appointed manager of the branch office.","Cô ấy là quản lý mới được bổ nhiệm của chi nhánh."
"30_Days_TOEIC","RL14","resolve","giải quyết vấn đề","verb","/rɪˈzɑːlv/","The IT department is working to resolve the system outage.","Phòng CNTT đang cố gắng khắc phục sự cố hệ thống."
"30_Days_TOEIC","RL14","resolution","giải pháp giải quyết vấn đề","noun","/ˌrez.əˈluː.ʃən/","The team proposed a resolution to the ongoing dispute.","Nhóm đã đề xuất một giải pháp cho tranh chấp đang diễn ra."
"30_Days_TOEIC","RL14","equip","trang bị","verb","/ɪˈkwɪp/","All conference rooms are equipped with video projectors.","Tất cả các phòng họp đều được trang bị máy chiếu video."
"30_Days_TOEIC","RL14","equipment","thiết bị, dụng cụ cần dùng cho mục đích cụ thể","noun","/ɪˈkwɪp.mənt/","The technicians checked all safety equipment before starting the task.","Kỹ thuật viên đã kiểm tra toàn bộ thiết bị an toàn trước khi bắt đầu công việc."
"30_Days_TOEIC","RL14","remove","loại bỏ, lấy đi","verb","/rɪˈmuːv/","Please remove all personal items from the meeting room.","Vui lòng dọn hết đồ cá nhân ra khỏi phòng họp."
"30_Days_TOEIC","RL14","removal","hành động loại bỏ","noun","/rɪˈmuː.vəl/","The removal of hazardous materials requires special procedures.","Việc loại bỏ chất nguy hiểm đòi hỏi quy trình đặc biệt."
"30_Days_TOEIC","RL14","removable","có thể tháo rời","adj","/rɪˈmuː.və.bəl/","The laptop comes with a removable battery for easy replacement.","Máy tính xách tay đi kèm với pin có thể tháo rời để dễ thay thế."
"30_Days_TOEIC","RL14","target","nhắm đến mục tiêu cụ thể","verb","/ˈtɑːr.ɡɪt/","The campaign is designed to target young professionals in urban areas.","Chiến dịch được thiết kế để nhắm đến các chuyên gia trẻ tại khu vực đô thị."
"30_Days_TOEIC","RL14","appeal","thu hút, hấp dẫn","verb","/əˈpiːl/","The new design aims to appeal to a younger demographic.","Thiết kế mới nhằm thu hút nhóm khách hàng trẻ hơn."
"30_Days_TOEIC","RL14","appealing","hấp dẫn, lôi cuốn","adj","/əˈpiː.lɪŋ/","The layout is simple yet visually appealing.","Bố cục đơn giản nhưng rất thu hút thị giác."
"30_Days_TOEIC","RL14","subscribe","đăng ký nhận dịch vụ định kỳ","verb","/səbˈskraɪb/","You can subscribe to receive weekly updates via email.","Bạn có thể đăng ký để nhận cập nhật hàng tuần qua email."
"30_Days_TOEIC","RL14","subscription","gói đăng ký dịch vụ định kỳ","noun","/səbˈskrɪp.ʃən/","The annual subscription includes full digital access.","Gói đăng ký hàng năm bao gồm quyền truy cập kỹ thuật số đầy đủ."
"30_Days_TOEIC","RL14","subscriber","người đăng ký","noun","/səbˈskraɪ.bɚ/","Our newsletter has over 10,000 active subscribers.","Bản tin của chúng tôi có hơn 10.000 người đăng ký đang hoạt động."
"30_Days_TOEIC","RL14","adhere","tuân thủ hoặc gắn chặt vào","verb","/ədˈhɪr/","All employees must adhere to the company's code of conduct.","Tất cả nhân viên phải tuân thủ quy tắc ứng xử của công ty."
"30_Days_TOEIC","RL14","conserve","giữ gìn, tiết kiệm tài nguyên","verb","/kənˈsɝːv/","We are taking steps to conserve water during the dry season.","Chúng tôi đang thực hiện các bước để tiết kiệm nước trong mùa khô."
"30_Days_TOEIC","RL14","conservation","bảo tồn tài nguyên thiên nhiên","noun","/ˌkɑːn.sɚˈveɪ.ʃən/","Energy conservation is a key part of our environmental strategy.","Tiết kiệm năng lượng là một phần quan trọng trong chiến lược môi trường của chúng tôi."
"30_Days_TOEIC","RL14","eliminate","loại bỏ hoàn toàn","verb","/iˈlɪm.ə.neɪt/","The new software helps eliminate errors in data entry.","Phần mềm mới giúp loại bỏ lỗi trong việc nhập dữ liệu."
"30_Days_TOEIC","RL14","eliminated","bị loại bỏ","adj","/iˈlɪm.ə.neɪ.t̬ɪd/","The eliminated steps were considered redundant.","Các bước bị loại bỏ được cho là dư thừa."
"30_Days_TOEIC","RL14","elimination","quá trình loại bỏ","noun","/iˌlɪm.əˈneɪ.ʃən/","The elimination of paperwork improved efficiency.","Việc loại bỏ thủ tục giấy tờ đã cải thiện hiệu quả."
"30_Days_TOEIC","RL14","cooperate","hợp tác","verb","/koʊˈɑː.pə.reɪt/","All departments must cooperate on the annual financial report.","Tất cả các phòng ban phải phối hợp thực hiện báo cáo tài chính hàng năm."
"30_Days_TOEIC","RL14","cooperation","sự hợp tác","noun","/koʊˌɑː.pəˈreɪ.ʃən/","Thank you for your cooperation during the transition period.","Cảm ơn sự hợp tác của bạn trong giai đoạn chuyển giao."
"30_Days_TOEIC","RL14","cooperative","hợp tác","adj","/koʊˈɑː.pɚ.ə.t̬ɪv/","The staff was very cooperative during the audit process.","Nhân viên rất hợp tác trong suốt quá trình kiểm toán."
"30_Days_TOEIC","RL14","cooperatively","một cách hợp tác","adverb","/koʊˈɑː.pɚ.ə.t̬ɪv.li/","Both companies worked cooperatively to resolve the issue.","Hai công ty đã hợp tác cùng nhau để giải quyết vấn đề."
"30_Days_TOEIC","RL14","encounter","gặp phải tình huống bất ngờ hoặc khó khăn","verb","/ɪnˈkaʊn.tɚ/","Customers may encounter issues when updating the software.","Khách hàng có thể gặp sự cố khi cập nhật phần mềm."
"30_Days_TOEIC","RL14","provide","cung cấp","verb","/prəˈvaɪd/","The company provides free technical support to all customers.","Công ty cung cấp hỗ trợ kỹ thuật miễn phí cho tất cả khách hàng."
"30_Days_TOEIC","RL14","provision","sự cung cấp hoặc điều khoản trong hợp đồng","noun","/prəˈvɪʒ.ən/","The contract includes a provision for early termination.","Hợp đồng có điều khoản cho phép chấm dứt sớm."
"30_Days_TOEIC","RL14","provider","nhà cung cấp","noun","/prəˈvaɪ.dɚ/","Our Internet provider will perform maintenance this weekend.","Nhà cung cấp Internet của chúng tôi sẽ bảo trì vào cuối tuần này."
"30_Days_TOEIC","RL14","contribute","đóng góp","verb","/kənˈtrɪb.juːt/","Each department is expected to contribute ideas for the annual report.","Mỗi phòng ban được kỳ vọng đóng góp ý tưởng cho báo cáo thường niên."
"30_Days_TOEIC","RL14","contribution","sự đóng góp vào hoạt động chung","noun","/ˌkɑːn.trɪˈbjuː.ʃən/","Thank you for your valuable contribution to the project.","Cảm ơn sự đóng góp quý báu của bạn cho dự án."
"30_Days_TOEIC","RL14","contributor","người đóng góp","noun","/kənˈtrɪb.jə.t̬ɚ/","He was a regular contributor to the company newsletter.","Anh ấy là cộng tác viên thường xuyên của bản tin công ty."
"30_Days_TOEIC","RL14","result","dẫn đến, gây ra kết quả","verb","/rɪˈzʌlt/","Failure to follow instructions may result in processing delays.","Không làm theo hướng dẫn có thể dẫn đến sự chậm trễ trong xử lý."
"30_Days_TOEIC","RL14","utilize","sử dụng hiệu quả","verb","/ˈjuː.t̬əl.aɪz/","Our team utilizes customer feedback to enhance service delivery.","Nhóm của chúng tôi sử dụng phản hồi khách hàng để nâng cao chất lượng dịch vụ."
"30_Days_TOEIC","RL14","prolong","kéo dài","verb","/prəˈlɑːŋ/","The medication is used to prolong the patient's life.","Thuốc này được sử dụng để kéo dài sự sống cho bệnh nhân."
"30_Days_TOEIC","RL14","prolonged","kéo dài bất thường","adj","/prəˈlɑːŋd/","Prolonged exposure to sunlight may damage the materials.","Tiếp xúc lâu với ánh nắng có thể làm hỏng vật liệu."
"30_Days_TOEIC","RL14","anticipate","dự đoán, kỳ vọng điều gì sẽ xảy ra","verb","/ænˈtɪs.ə.peɪt/","We anticipate increased demand for electric vehicles next year.","Chúng tôi dự đoán nhu cầu xe điện sẽ tăng vào năm tới."
"30_Days_TOEIC","RL14","anticipation","sự mong đợi","noun","/ænˌtɪs.əˈpeɪ.ʃən/","There is great anticipation for the product launch next week.","Có sự mong đợi lớn đối với buổi ra mắt sản phẩm vào tuần tới."
"30_Days_TOEIC","RL14","combine","kết hợp","verb","/kəmˈbaɪn/","The software combines speed with accuracy for better results.","Phần mềm kết hợp tốc độ với độ chính xác để đạt kết quả tốt hơn."
"30_Days_TOEIC","RL14","combination","sự kết hợp các yếu tố","noun","/ˌkɑːm.bəˈneɪ.ʃən/","The right combination of skills is essential for this position.","Sự kết hợp kỹ năng phù hợp là điều thiết yếu cho vị trí này."
"30_Days_TOEIC","RL14","combined","hợp nhất, kết hợp lại","adj","/kəmˈbaɪnd/","Their combined experience exceeds 30 years.","Tổng kinh nghiệm của họ vượt quá 30 năm."
"30_Days_TOEIC","RL14","settle","giải quyết, sắp xếp ổn thỏa","verb","/ˈset̬.əl/","They were able to settle the disagreement through mediation.","Họ đã có thể giải quyết bất đồng thông qua hòa giải."
"30_Days_TOEIC","RL14","settlement","giải quyết tranh chấp hoặc thanh toán nợ","noun","/ˈset̬.əl.mənt/","The dispute was resolved through a legal settlement.","Tranh chấp đã được giải quyết bằng một thỏa thuận pháp lý."
"30_Days_TOEIC","RL14","settled","đã được giải quyết hoặc ổn định","adj","/ˈset̬.əld/","All billing disputes have been settled.","Tất cả tranh chấp thanh toán đã được giải quyết."
"30_Days_TOEIC","RL14","attribute","quy cho, cho rằng nguyên nhân của điều gì đó","verb","/əˈtrɪb.juːt/","The manager attributed the project's success to effective teamwork.","Người quản lý cho rằng sự thành công của dự án là nhờ vào làm việc nhóm hiệu quả."
"30_Days_TOEIC","RL14","emphasize","nhấn mạnh tầm quan trọng","verb","/ˈem.fə.saɪz/","The report emphasizes the importance of timely delivery.","Báo cáo nhấn mạnh tầm quan trọng của việc giao hàng đúng hạn."
"30_Days_TOEIC","RL14","patronize","ủng hộ hoặc thường xuyên lui tới nơi nào đó","verb","/ˈpeɪ.trə.naɪz/","Many tourists patronize local craft shops during the festival.","Nhiều khách du lịch ủng hộ các cửa hàng thủ công địa phương trong suốt lễ hội."
"30_Days_TOEIC","RL14","patron","người bảo trợ hoặc khách quen","noun","/ˈpeɪ.trən/","Patrons of the café receive a 10% discount on all drinks.","Khách quen của quán cà phê được giảm giá 10% cho tất cả đồ uống."
"30_Days_TOEIC","RL14","patronage","sự ủng hộ thường xuyên","noun","/ˈpæt.rə.nɪdʒ/","We appreciate your continued patronage over the years.","Chúng tôi trân trọng sự ủng hộ lâu dài của bạn suốt những năm qua."
"30_Days_TOEIC","RL14","redeem","đổi để lấy sản phẩm, dịch vụ hoặc tiền mặt","verb","/rɪˈdiːm/","You can redeem the voucher for merchandise at any store location.","Bạn có thể đổi phiếu mua hàng để lấy hàng hóa tại bất kỳ chi nhánh nào."
"30_Days_TOEIC","RL14","redeemable","có thể quy đổi","adj","/rɪˈdiː.mə.bəl/","This coupon is redeemable for any purchase over $50.","Phiếu giảm giá này có thể được sử dụng cho mọi đơn hàng trên 50 đô."
"30_Days_TOEIC","RL14","abolish","bãi bỏ","verb","/əˈbɑː.lɪʃ/","Management decided to abolish the outdated bonus policy.","Ban quản lý đã quyết định bãi bỏ chính sách thưởng lỗi thời."
"30_Days_TOEIC","RL14","abolition","sự bãi bỏ","noun","/ˌæb.əˈlɪʃ.ən/","The abolition of the department led to a major restructuring.","Việc bãi bỏ bộ phận đó đã dẫn đến một cuộc tái cơ cấu lớn."
"30_Days_TOEIC","RL14","dispose","vứt bỏ, xử lý thứ không cần thiết","verb","/dɪˈspoʊz/","Please dispose of used batteries in the designated bins.","Vui lòng vứt pin đã sử dụng vào thùng được chỉ định."
"30_Days_TOEIC","RL14","disposal","sự xử lý hoặc vứt bỏ","noun","/dɪˈspoʊ.zəl/","The company provides proper waste disposal services.","Công ty cung cấp dịch vụ xử lý rác thải đúng cách."
"30_Days_TOEIC","RL14","disposable","dùng một lần","adj","/dɪˈspoʊ.zə.bəl/","Avoid using disposable containers whenever possible.","Tránh sử dụng các hộp đựng dùng một lần nếu có thể."
"30_Days_TOEIC","RL14","amend","sửa đổi hoặc cải thiện","verb","/əˈmend/","The company agreed to amend the policy to reflect current regulations.","Công ty đã đồng ý sửa đổi chính sách để phù hợp với quy định hiện hành."
"30_Days_TOEIC","RL14","amendment","sự sửa đổi trong văn bản chính thức","noun","/əˈmend.mənt/","The amendment to the agreement was signed by both parties.","Sự sửa đổi trong thỏa thuận đã được cả hai bên ký kết."
"30_Days_TOEIC","RL14","amendable","có thể sửa đổi","adj","/əˈmend.ə.bəl/","The document is legally amendable with mutual consent.","Tài liệu có thể được sửa đổi hợp pháp nếu cả hai bên đồng ý."
"30_Days_TOEIC","RL14","commence","bắt đầu","verb","/kəˈmens/","Construction on the new facility will commence next month.","Việc xây dựng cơ sở mới sẽ bắt đầu vào tháng tới."
"30_Days_TOEIC","RL14","commencement","sự khởi đầu, đặc biệt là sự kiện chính thức","noun","/kəˈmens.mənt/","The commencement of construction is scheduled for mid-June.","Việc khởi công xây dựng được lên lịch vào giữa tháng Sáu."
"30_Days_TOEIC","RL14","conceive","hình thành ý tưởng","verb","/kənˈsiːv/","The marketing team conceived a strategy to attract younger consumers.","Nhóm tiếp thị đã hình thành một chiến lược để thu hút người tiêu dùng trẻ."
"30_Days_TOEIC","RL14","activate","kích hoạt","verb","/ˈæk.tə.veɪt/","Click the link in the email to activate your subscription.","Nhấp vào liên kết trong email để kích hoạt đăng ký của bạn."
"30_Days_TOEIC","RL14","activation","quá trình kích hoạt","noun","/ˌæk.təˈveɪ.ʃən/","Account activation typically takes less than 24 hours.","Việc kích hoạt tài khoản thường mất chưa đến 24 giờ."
"30_Days_TOEIC","RL14","thrive","phát triển mạnh mẽ","verb","/θraɪv/","Small businesses can thrive with the right financial support.","Doanh nghiệp nhỏ có thể phát triển mạnh nếu có sự hỗ trợ tài chính phù hợp."
"30_Days_TOEIC","RL14","assess","đánh giá chất lượng hoặc giá trị của cái gì đó","verb","/əˈses/","The manager will assess each employee's performance quarterly.","Quản lý sẽ đánh giá hiệu suất làm việc của từng nhân viên hàng quý."
"30_Days_TOEIC","RL14","assessment","sự đánh giá","noun","/əˈses.mənt/","The assessment will determine whether the plan is feasible.","Việc đánh giá sẽ xác định liệu kế hoạch có khả thi hay không."
"30_Days_TOEIC","RL14","complement","bổ sung để hoàn thiện hơn","verb","/ˈkɑːm.plə.ment/","The training program complements our new employee handbook.","Chương trình đào tạo bổ sung cho sổ tay nhân viên mới."
"30_Days_TOEIC","RL14","complementary","bổ sung, giúp hoàn thiện cho nhau","adj","/ˌkɑːm.pləˈmen.t̬ɚ.i/","Their skills are complementary and work well together on projects.","Kỹ năng của họ bổ sung cho nhau và phối hợp tốt trong các dự án."
"30_Days_TOEIC","RL14","transfer","chuyển nhượng, chuyển giao","verb","/ˈtræns.fɝː/","She requested to transfer to the Tokyo branch next quarter.","Cô ấy đã yêu cầu được chuyển đến chi nhánh Tokyo vào quý tới."
"30_Days_TOEIC","RL14","meet","gặp gỡ hoặc đáp ứng yêu cầu, tiêu chuẩn","verb","/miːt/","The product is designed to meet the demands of professional photographers.","Sản phẩm được thiết kế để đáp ứng nhu cầu của các nhiếp ảnh gia chuyên nghiệp."
"30_Days_TOEIC","RL14","address","đề cập, xử lý hoặc phát biểu về vấn đề nào đó","verb","/əˈdres/","The mayor addressed the city’s transportation concerns in her speech.","Thị trưởng đã đề cập đến các vấn đề giao thông của thành phố trong bài phát biểu của mình."
"30_Days_TOEIC","RL14","apply","nộp đơn hoặc áp dụng điều gì đó","verb","/əˈplaɪ/","Customers can apply a promotional code at checkout to receive a discount.","Khách hàng có thể áp dụng mã khuyến mãi khi thanh toán để nhận giảm giá."
"30_Days_TOEIC","RL14","attend","tham dự hoặc chú ý, chăm sóc việc gì đó","verb","/əˈtend/","Managers must attend to all customer inquiries promptly.","Quản lý phải xử lý tất cả các yêu cầu của khách hàng một cách nhanh chóng."
"30_Days_TOEIC","RL14","arrange","sắp xếp","verb","/əˈreɪndʒ/","The assistant will arrange transportation to and from the conference venue.","Trợ lý sẽ sắp xếp phương tiện di chuyển đến và rời địa điểm hội nghị."
"30_Days_TOEIC","RL14","extend","gia hạn hoặc mở rộng","verb","/ɪkˈstend/","The company decided to extend the application deadline by one more week.","Công ty đã quyết định gia hạn thời hạn nộp đơn thêm một tuần nữa."
"30_Days_TOEIC","RL14","observe","quan sát hoặc tuân thủ quy định/truyền thống","verb","/əbˈzɝːv/","Visitors will have a chance to observe the production process firsthand.","Khách tham quan sẽ có cơ hội quan sát trực tiếp quy trình sản xuất."
"30_Days_TOEIC","RL14","deliver","giao hàng hoặc trình bày điều gì đó","verb","/dɪˈlɪv.ɚ/","The courier will deliver the documents to your office by noon.","Người giao hàng sẽ chuyển tài liệu đến văn phòng bạn trước buổi trưa."
"30_Days_TOEIC","RL14","cover","đề cập, xử lý hoặc bao phủ một chủ đề","verb","/ˈkʌv.ɚ/","The training session will cover safety procedures in detail.","Buổi đào tạo sẽ trình bày chi tiết các quy trình an toàn."
"30_Days_TOEIC","RL14","decline","từ chối hoặc giảm sút","verb","/dɪˈklaɪn/","Sales have declined steadily due to changing market conditions.","Doanh số đã giảm đều do điều kiện thị trường thay đổi."
"30_Days_TOEIC","RL14","reserve","đặt trước hoặc giữ quyền sử dụng","verb","/rɪˈzɝːv/","You can reserve seats online up to 24 hours in advance.","Bạn có thể đặt chỗ trực tuyến trước tối đa 24 giờ."
"30_Days_TOEIC","RL14","settle","giải quyết hoặc ổn định nơi ở","verb","/ˈset̬.əl/","The two sides agreed to settle the dispute through negotiation.","Hai bên đã đồng ý giải quyết tranh chấp thông qua đàm phán."
"30_Days_TOEIC","RL14","produce","sản xuất, tạo ra sản phẩm hoặc kết quả","verb","/prəˈduːs/","Our factory is able to produce high-quality material at a low cost.","Nhà máy của chúng tôi có thể sản xuất vật liệu chất lượng cao với chi phí thấp."
"30_Days_TOEIC","RL14","produce","rau củ quả tươi","noun","/ˈprɑː.duːs/","The grocery store offers a wide variety of fresh produce.","Cửa hàng tạp hóa cung cấp nhiều loại rau củ quả tươi."
"30_Days_TOEIC","RL14","air","phát sóng","verb","/er/","The documentary will air nationwide next Friday evening.","Bộ phim tài liệu sẽ được phát sóng trên toàn quốc vào tối thứ Sáu tới."
"30_Days_TOEIC","RL14","air","không khí","noun","/er/","Many tourists come here to enjoy the fresh mountain air.","Nhiều du khách đến đây để tận hưởng không khí trong lành của núi rừng."
"30_Days_TOEIC","RL14","account","tài khoản","noun","/əˈkaʊnt/","Your salary will be deposited in your bank account every Friday.","Lương của bạn sẽ được gửi vào tài khoản ngân hàng mỗi thứ Sáu."
"30_Days_TOEIC","RL14","account","bản tường thuật","noun","/əˈkaʊnt/","The book gives a fascinating account of life in rural Japan.","Cuốn sách cung cấp một mô tả thú vị về cuộc sống ở vùng nông thôn Nhật Bản."
"30_Days_TOEIC","RL14","bill","hóa đơn","noun","/bɪl/","You should pay the electricity bill before the due date.","Bạn nên thanh toán hóa đơn tiền điện trước ngày đến hạn."
"30_Days_TOEIC","RL14","bill","dự luật","noun","/bɪl/","The government introduced a new bill that would raise corporate taxes.","Chính phủ đã đề xuất một dự luật mới nhằm tăng thuế doanh nghiệp."
"30_Days_TOEIC","RL14","initiative","sáng kiến","noun","/ɪˈnɪʃ.ə.t̬ɪv/","The city launched a new recycling initiative to reduce waste.","Thành phố đã khởi động một sáng kiến tái chế mới nhằm giảm rác thải."
"30_Days_TOEIC","RL14","reservation","đặt chỗ trước","noun","/ˌrez.ɚˈveɪ.ʃən/","You can make a reservation online or by phone.","Bạn có thể đặt chỗ trực tuyến hoặc qua điện thoại."
"30_Days_TOEIC","RL14","reservation","sự e ngại, dè dặt","noun","/ˌrez.ɚˈveɪ.ʃən/","Some employees expressed reservations about the new policy.","Một số nhân viên bày tỏ sự e ngại về chính sách mới."
"30_Days_TOEIC","RL14","custom","phong tục","noun","/ˈkʌs.təm/","It is a local custom to greet guests with tea.","Đó là phong tục địa phương chào khách bằng trà."
"30_Days_TOEIC","RL14","custom","thiết kế riêng theo yêu cầu","adj","/ˈkʌs.təm/","He ordered a custom bike with three wheels for better balance.","Anh ấy đã đặt một chiếc xe đạp ba bánh theo yêu cầu để dễ giữ thăng bằng hơn."
"30_Days_TOEIC","RL14","reference","người tham khảo hoặc thông tin xác minh","noun","/ˈref.ɚ.əns/","Applicants must submit a résumé and a list of references.","Ứng viên phải nộp sơ yếu lý lịch và danh sách người tham khảo."
"30_Days_TOEIC","RL14","reference","tài liệu tham khảo","noun","/ˈref.ɚ.əns/","The library has a wide range of reference materials for students.","Thư viện có nhiều tài liệu tra cứu cho sinh viên."
"30_Days_TOEIC","RL14","promotion","thăng chức","noun","/prəˈmoʊ.ʃən/","She received a well-deserved promotion to a management position.","Cô ấy đã nhận được sự thăng chức xứng đáng lên vị trí quản lý."
"30_Days_TOEIC","RL14","promotion","chương trình khuyến mãi","noun","/prəˈmoʊ.ʃən/","The store is offering a special promotion for the holiday season.","Cửa hàng đang có chương trình khuyến mãi đặc biệt cho dịp lễ."
"30_Days_TOEIC","RL14","interest","sự quan tâm","noun","/ˈɪn.trɪst/","She has a strong interest in designing eco-friendly buildings.","Cô ấy rất quan tâm đến việc thiết kế các tòa nhà thân thiện với môi trường."
"30_Days_TOEIC","RL14","interest","mối quan tâm","noun","/ˈɪn.trɪst/","The safety of the workers is a matter of primary interest.","Sự an toàn của công nhân là vấn đề được ưu tiên hàng đầu."
"30_Days_TOEIC","RL14","rate","tốc độ hoặc tỷ lệ xảy ra","noun","/reɪt/","The company continues to grow at a fast rate.","Công ty tiếp tục tăng trưởng với tốc độ nhanh."
"30_Days_TOEIC","RL14","rate","mức giá","noun","/reɪt/","We offer reduced rates for new customers this month.","Chúng tôi cung cấp mức giá ưu đãi cho khách hàng mới trong tháng này."
"30_Days_TOEIC","RL15","applicant","người nộp đơn ứng tuyển","noun","/ˈæplɪkənt/","Every applicant must submit two letters of recommendation.","Mỗi ứng viên phải nộp hai thư giới thiệu."
"30_Days_TOEIC","RL15","apply","nộp đơn","verb","/əˈplaɪ/","You can apply online for most positions.","Bạn có thể nộp đơn trực tuyến cho hầu hết các vị trí."
"30_Days_TOEIC","RL15","application","đơn xin","noun","/ˌæplɪˈkeɪʃən/","We received over 300 applications for the internship program.","Chúng tôi đã nhận được hơn 300 đơn xin thực tập."
"30_Days_TOEIC","RL15","applicable","có thể áp dụng, thích hợp","adj","/ˈæplɪkəbl/","This rule is only applicable to full-time employees.","Quy định này chỉ áp dụng cho nhân viên toàn thời gian."
"30_Days_TOEIC","RL15","candidate","ứng viên","noun","/ˈkændɪˌdeɪt/","She is one of the top candidates for the manager position.","Cô ấy là một trong những ứng viên hàng đầu cho vị trí quản lý."
"30_Days_TOEIC","RL15","opportunity","cơ hội","noun","/ˌɑː.pɚˈtuː.nə.t̬i/","The career fair is an excellent opportunity to meet potential employers.","Hội chợ việc làm là cơ hội tuyệt vời để gặp gỡ các nhà tuyển dụng tiềm năng."
"30_Days_TOEIC","RL15","shipment","lô hàng vận chuyển","noun","/ˈʃɪp.mənt/","The shipment of office chairs arrived earlier than expected.","Lô hàng ghế văn phòng đã đến sớm hơn dự kiến."
"30_Days_TOEIC","RL15","ship","vận chuyển hàng hóa","verb","/ʃɪp/","We usually ship orders within three business days.","Chúng tôi thường vận chuyển đơn hàng trong vòng ba ngày làm việc."
"30_Days_TOEIC","RL15","shipping","vận chuyển hàng hóa","noun","/ˈʃɪp.ɪŋ/","The shipping of large items may incur additional fees.","Việc vận chuyển các mặt hàng lớn có thể phát sinh thêm phí."
"30_Days_TOEIC","RL15","procedure","quy trình","noun","/prəˈsiː.dʒɚ/","Employees must follow safety procedures at all times.","Nhân viên phải tuân thủ các quy trình an toàn mọi lúc."
"30_Days_TOEIC","RL15","proceed","tiếp tục tiến hành","verb","/prəˈsiːd/","Once you’ve completed the form, click 'Next' to proceed.","Sau khi điền xong biểu mẫu, hãy nhấn 'Tiếp theo' để tiếp tục."
"30_Days_TOEIC","RL15","procedural","liên quan đến quy trình","adj","/prəˈsiː.dʒɚ.əl/","There were some procedural delays in approving the contract.","Có một số chậm trễ về mặt thủ tục trong việc phê duyệt hợp đồng."
"30_Days_TOEIC","RL15","proceeds","tiền thu được","noun","/ˈproʊ.siːdz/","The proceeds from the charity auction will support local schools.","Tiền thu được từ buổi đấu giá từ thiện sẽ hỗ trợ các trường học địa phương."
"30_Days_TOEIC","RL15","condition","trạng thái hoặc tình trạng","noun","/kənˈdɪʃ.ən/","Please return the equipment in its original condition.","Vui lòng trả lại thiết bị trong tình trạng ban đầu."
"30_Days_TOEIC","RL15","condition","đặt điều kiện","verb","/kənˈdɪʃ.ən/","Access to the bonus is conditioned on meeting sales targets.","Việc nhận thưởng phụ thuộc vào việc đạt được chỉ tiêu doanh số."
"30_Days_TOEIC","RL15","conditionally","một cách có điều kiện","adverb","/kənˈdɪʃ.ən.əl.i/","The refund will be issued conditionally upon receipt of the item.","Việc hoàn tiền sẽ được thực hiện có điều kiện sau khi nhận được sản phẩm."
"30_Days_TOEIC","RL15","performance","hiệu suất hoặc sự thể hiện trong hoạt động","noun","/pɚˈfɔːr.məns/","Her performance in the final interview impressed the hiring manager.","Màn thể hiện của cô ấy trong buổi phỏng vấn cuối cùng đã gây ấn tượng với quản lý tuyển dụng."
"30_Days_TOEIC","RL15","performance","buổi trình diễn","noun","/pɚˈfɔːr.məns/","Last night’s performance received a standing ovation.","Buổi biểu diễn tối qua đã nhận được sự hoan nghênh nhiệt liệt."
"30_Days_TOEIC","RL15","perform","thực hiện hoặc biểu diễn","verb","/pɚˈfɔːrm/","The technician will perform a system check tomorrow.","Kỹ thuật viên sẽ thực hiện kiểm tra hệ thống vào ngày mai."
"30_Days_TOEIC","RL15","performer","người biểu diễn","noun","/pɚˈfɔːr.mɚ/","The performer received praise for her energy and charisma.","Người biểu diễn nhận được lời khen cho sự nhiệt huyết và cuốn hút."
"30_Days_TOEIC","RL15","asset","tài sản quý giá","noun","/ˈæs.et/","Her communication skills are a valuable asset to the company.","Kỹ năng giao tiếp của cô ấy là một tài sản quý giá đối với công ty."
"30_Days_TOEIC","RL15","rating","mức đánh giá","noun","/ˈreɪ.t̬ɪŋ/","Customer service ratings have improved over the past six months.","Xếp hạng dịch vụ khách hàng đã được cải thiện trong sáu tháng qua."
"30_Days_TOEIC","RL15","equipment","thiết bị, dụng cụ cần cho mục đích cụ thể","noun","/ɪˈkwɪp.mənt/","Those participating in the mountain hike should bring proper equipment.","Những người tham gia chuyến leo núi nên mang theo thiết bị phù hợp."
"30_Days_TOEIC","RL15","equip","trang bị thiết bị cần thiết","verb","/ɪˈkwɪp/","The organization will equip volunteers with first-aid kits.","Tổ chức sẽ trang bị cho tình nguyện viên bộ sơ cứu."
"30_Days_TOEIC","RL15","restraint","sự hạn chế, kiểm soát","noun","/rɪˈstreɪnt/","The government has imposed import restraints on some goods.","Chính phủ đã áp đặt hạn chế nhập khẩu với một số mặt hàng."
"30_Days_TOEIC","RL15","restrain","kiềm chế, hạn chế hành động của ai đó","verb","/rɪˈstreɪn/","The security guard had to restrain the customer during the argument.","Nhân viên bảo vệ đã phải kiềm chế khách hàng trong cuộc tranh cãi."
"30_Days_TOEIC","RL15","dispute","tranh chấp","noun","/dɪˈspjuːt/","The court hearing on the dispute will be canceled now that an agreement has been reached.","Phiên tòa xét xử tranh chấp sẽ bị hủy vì hai bên đã đạt được thỏa thuận."
"30_Days_TOEIC","RL15","dispute","tranh cãi hoặc phủ nhận điều gì","verb","/dɪˈspjuːt/","Several employees disputed the decision to reduce bonuses.","Một số nhân viên đã phản đối quyết định cắt giảm tiền thưởng."
"30_Days_TOEIC","RL15","income","thu nhập","noun","/ˈɪn.kʌm/","The rates depend on your income and the amount of the loan.","Mức lãi suất phụ thuộc vào thu nhập của bạn và số tiền vay."
"30_Days_TOEIC","RL15","income","thu nhập","noun","/ˈɪn.kʌm/","The rates depend on your income and the amount of the loan.","Mức lãi suất phụ thuộc vào thu nhập của bạn và số tiền vay."
"30_Days_TOEIC","RL15","compensation","tiền bồi thường hoặc lương bổng","noun","/ˌkɑːm.pənˈseɪ.ʃən/","The company handbook covers the topics of compensation and bonuses.","Sổ tay công ty đề cập đến các chủ đề về lương bổng và tiền thưởng."
"30_Days_TOEIC","RL15","compensate","bồi thường, đền bù thiệt hại hoặc công sức","verb","/ˈkɑːm.pən.seɪt/","The airline compensated passengers for the delayed flight.","Hãng hàng không đã bồi thường cho hành khách vì chuyến bay bị hoãn."
"30_Days_TOEIC","RL15","evidence","bằng chứng","noun","/ˈev.ə.dəns/","The investigators found no evidence linking the suspect to the crime.","Các điều tra viên không tìm thấy bằng chứng nào liên kết nghi phạm với tội ác."
"30_Days_TOEIC","RL15","evidently","rõ ràng","adverb","/ˈev.ə.dənt.li/","Evidently, the team underestimated the amount of time needed for the project.","Rõ ràng là nhóm đã đánh giá thấp thời gian cần thiết cho dự án."
"30_Days_TOEIC","RL15","duty","nhiệm vụ hoặc trách nhiệm","noun","/ˈduː.t̬i/","The receptionist’s main duty is to greet visitors and answer phone calls.","Nhiệm vụ chính của lễ tân là chào đón khách và trả lời điện thoại."
"30_Days_TOEIC","RL15","renewal","gia hạn hoặc làm mới","noun","/rɪˈnuː.əl/","Customers will receive a reminder before their subscription renewal date.","Khách hàng sẽ nhận được lời nhắc trước ngày gia hạn đăng ký của họ."
"30_Days_TOEIC","RL15","renew","gia hạn hoặc làm mới","verb","/rɪˈnuː/","You can renew your passport online in just a few steps.","Bạn có thể gia hạn hộ chiếu trực tuyến chỉ trong vài bước."
"30_Days_TOEIC","RL15","renewable","tái tạo được","adj","/rɪˈnuː.ə.bəl/","The government offers tax incentives for using renewable energy sources.","Chính phủ cung cấp ưu đãi thuế cho việc sử dụng nguồn năng lượng tái tạo."
"30_Days_TOEIC","RL15","gain","sự gia tăng","noun","/ɡeɪn/","The firm posted strong gains in revenue during the second quarter.","Công ty đã ghi nhận mức tăng trưởng doanh thu mạnh trong quý hai."
"30_Days_TOEIC","RL15","gain","đạt được, thu được","verb","/ɡeɪn/","The new marketing strategy helped the company gain more clients.","Chiến lược tiếp thị mới đã giúp công ty có thêm nhiều khách hàng."
"30_Days_TOEIC","RL15","participation","sự tham gia","noun","/pɑːrˌtɪs.əˈpeɪ.ʃən/","Employee participation in training programs is strongly encouraged.","Việc nhân viên tham gia vào các chương trình đào tạo được khuyến khích mạnh mẽ."
"30_Days_TOEIC","RL15","participate","tham gia","verb","/pɑːrˈtɪs.ə.peɪt/","All employees are invited to participate in the safety workshop.","Tất cả nhân viên được mời tham gia buổi hội thảo về an toàn."
"30_Days_TOEIC","RL15","participant","người tham gia","noun","/pɑːrˈtɪs.ə.pənt/","Each participant will receive a certificate after completing the course.","Mỗi người tham gia sẽ nhận được chứng chỉ sau khi hoàn thành khóa học."
"30_Days_TOEIC","RL15","supervision","sự giám sát","noun","/ˌsuː.pɚˈvɪʒ.ən/","All laboratory activities must be conducted under strict supervision.","Tất cả hoạt động trong phòng thí nghiệm phải được thực hiện dưới sự giám sát nghiêm ngặt."
"30_Days_TOEIC","RL15","supervise","giám sát","verb","/ˈsuː.pɚ.vaɪz/","Mr. Liao was assigned to supervise the relocation process.","Ông Liao được giao nhiệm vụ giám sát quá trình di dời."
"30_Days_TOEIC","RL15","supervisor","người giám sát","noun","/ˈsuː.pɚ.vaɪ.zɚ/","Please contact your immediate supervisor if you have any concerns.","Vui lòng liên hệ với người giám sát trực tiếp nếu bạn có bất kỳ thắc mắc nào."
"30_Days_TOEIC","RL15","refund","hoàn tiền","noun","/ˈriː.fʌnd/","Customers may request a refund within 30 days of purchase.","Khách hàng có thể yêu cầu hoàn tiền trong vòng 30 ngày kể từ ngày mua hàng."
"30_Days_TOEIC","RL15","refund","hoàn tiền","verb","/ˈriː.fʌnd/","We will refund the shipping cost for defective products.","Chúng tôi sẽ hoàn lại phí vận chuyển cho các sản phẩm bị lỗi."
"30_Days_TOEIC","RL15","refundable","có thể hoàn lại tiền","adj","/rɪˈfʌn.də.bəl/","The deposit is refundable if the reservation is canceled in time.","Tiền đặt cọc có thể hoàn lại nếu việc đặt chỗ được hủy đúng hạn."
"30_Days_TOEIC","RL15","view","quan điểm","noun","/vjuː/","The manager expressed her view on the proposed schedule changes.","Người quản lý đã bày tỏ quan điểm của mình về các thay đổi lịch trình được đề xuất."
"30_Days_TOEIC","RL15","view","tầm nhìn","noun","/vjuː/","The balcony provides a breathtaking view of the mountains.","Ban công có tầm nhìn tuyệt đẹp ra dãy núi."
"30_Days_TOEIC","RL15","consent","sự đồng ý","noun","/kənˈsent/","Employees must obtain written consent before sharing confidential data.","Nhân viên phải có sự đồng ý bằng văn bản trước khi chia sẻ dữ liệu bảo mật."
"30_Days_TOEIC","RL15","consent","đồng ý, cho phép","verb","/kənˈsent/","The patient must consent to the procedure before it begins.","Bệnh nhân phải đồng ý với thủ tục trước khi bắt đầu."
"30_Days_TOEIC","RL15","location","địa điểm hoặc vị trí","noun","/loʊˈkeɪ.ʃən/","The event location has been changed due to construction.","Địa điểm tổ chức sự kiện đã bị thay đổi do đang thi công."
"30_Days_TOEIC","RL15","locate","xác định vị trí","verb","/ˈloʊ.keɪt/","The technician is trying to locate the source of the issue.","Kỹ thuật viên đang cố gắng xác định nguyên nhân của sự cố."
"30_Days_TOEIC","RL15","expertise","chuyên môn","noun","/ˌek.spɚˈtiːz/","She has expertise in arranging business meetings and presentations.","Cô ấy có chuyên môn trong việc sắp xếp các cuộc họp và thuyết trình kinh doanh."
"30_Days_TOEIC","RL15","majority","phần lớn","noun","/məˈdʒɔː.rə.t̬i/","A majority of customers rated Sasaki mobile phones as excellent.","Phần lớn khách hàng đánh giá điện thoại Sasaki là xuất sắc."
"30_Days_TOEIC","RL15","recommendation","đề xuất hoặc lời khuyên","noun","/ˌrek.ə.men.dəˈʃən/","Based on your recommendations, changes are planned for the fitness center.","Dựa trên các đề xuất của bạn, trung tâm thể hình đang được lên kế hoạch thay đổi."
"30_Days_TOEIC","RL15","inquiry","yêu cầu thông tin","noun","/ɪnˈkwaɪəri/","The manager received an inquiry regarding the updated delivery schedule.","Người quản lý đã nhận được một yêu cầu về lịch giao hàng được cập nhật."
"30_Days_TOEIC","RL15","inquire","hỏi thông tin","verb","/ɪnˈkwaɪər/","You should inquire about job openings at the front desk.","Bạn nên hỏi về các vị trí tuyển dụng tại quầy lễ tân."
"30_Days_TOEIC","RL15","flaw","lỗi nhỏ, điểm yếu làm giảm chất lượng","noun","/flɔː/","The inspector identified a flaw in the production process.","Thanh tra đã phát hiện một lỗi trong quy trình sản xuất."
"30_Days_TOEIC","RL15","flawed","có lỗi, có khuyết điểm","adj","/flɔːd/","The engineer submitted a flawed proposal that required revision.","Kỹ sư đã nộp một bản đề xuất có lỗi cần được sửa lại."
"30_Days_TOEIC","RL15","flawless","hoàn hảo, không tì vết","adj","/ˈflɔː.ləs/","The designer delivered a flawless presentation to the board.","Nhà thiết kế đã trình bày một bài thuyết trình hoàn hảo trước ban giám đốc."
"30_Days_TOEIC","RL15","satisfaction","cảm giác hài lòng","noun","/ˌsæt̬.ɪsˈfæk.ʃən/","Customer satisfaction is our top priority at this company.","Sự hài lòng của khách hàng là ưu tiên hàng đầu tại công ty này."
"30_Days_TOEIC","RL15","satisfy","đáp ứng, làm hài lòng","verb","/ˈsæt̬.ɪs.faɪ/","The service did not satisfy the client’s expectations.","Dịch vụ đã không đáp ứng được kỳ vọng của khách hàng."
"30_Days_TOEIC","RL15","satisfactory","đạt yêu cầu","adj","/ˌsæt̬.ɪsˈfæk.tɚ.i/","The results of the safety inspection were satisfactory.","Kết quả kiểm tra an toàn là đạt yêu cầu."
"30_Days_TOEIC","RL15","dissatisfaction","sự không hài lòng","noun","/ˌdɪs.sæt̬.ɪsˈfæk.ʃən/","Several customers expressed dissatisfaction with the product quality.","Một số khách hàng đã bày tỏ sự không hài lòng với chất lượng sản phẩm."
"30_Days_TOEIC","RL15","pollution","sự ô nhiễm môi trường","noun","/pəˈluː.ʃən/","The factory must take measures to control air pollution.","Nhà máy phải thực hiện các biện pháp để kiểm soát ô nhiễm không khí."
"30_Days_TOEIC","RL15","pollute","làm ô nhiễm môi trường","verb","/pəˈluːt/","The company was fined for polluting the local river.","Công ty bị phạt vì làm ô nhiễm con sông địa phương."
"30_Days_TOEIC","RL15","polluted","bị ô nhiễm","adj","/pəˈluː.t̬ɪd/","Residents were advised not to swim in the polluted lake.","Người dân được khuyến cáo không nên bơi trong hồ bị ô nhiễm."
"30_Days_TOEIC","RL15","pollutant","chất ô nhiễm","noun","/pəˈluː.tənt/","Factories must install filters to remove harmful pollutants.","Các nhà máy phải lắp bộ lọc để loại bỏ các chất gây ô nhiễm có hại."
"30_Days_TOEIC","RL15","inspection","sự kiểm tra","noun","/ɪnˈspek.ʃən/","Routine inspections are conducted to ensure that all equipment is functioning properly.","Các cuộc kiểm tra định kỳ được tiến hành để đảm bảo tất cả thiết bị hoạt động đúng cách."
"30_Days_TOEIC","RL15","inspect","kiểm tra cẩn thận","verb","/ɪnˈspekt/","The technician will inspect the machinery before production begins.","Kỹ thuật viên sẽ kiểm tra máy móc trước khi bắt đầu sản xuất."
"30_Days_TOEIC","RL15","inspector","người kiểm tra","noun","/ɪnˈspek.tɚ/","The inspector found several issues with the electrical wiring.","Thanh tra đã phát hiện một số vấn đề với hệ thống dây điện."
"30_Days_TOEIC","RL15","aim","mục tiêu","noun","/eɪm/","The aim is to walk together along the footpaths for at least 20 minutes.","Mục tiêu là cùng nhau đi bộ dọc theo các lối đi ít nhất 20 phút."
"30_Days_TOEIC","RL15","aim","nhắm đến mục tiêu","verb","/eɪm/","The new marketing strategy aims to attract younger customers.","Chiến lược tiếp thị mới nhằm thu hút khách hàng trẻ tuổi hơn."
"30_Days_TOEIC","RL15","constraint","sự hạn chế","noun","/kənˈstreɪnt/","Despite budget constraints, employees will receive a 3 percent salary increase.","Mặc dù có các hạn chế về ngân sách, nhân viên vẫn sẽ được tăng lương 3 phần trăm."
"30_Days_TOEIC","RL15","constrain","hạn chế, ép buộc làm theo cách nhất định","verb","/kənˈstreɪn/","The new regulations may constrain business growth.","Các quy định mới có thể hạn chế sự phát triển kinh doanh."
"30_Days_TOEIC","RL15","material","chất liệu hoặc tài liệu sử dụng","noun","/məˈtɪr.i.əl/","All the necessary materials are readily available in the cabinet.","Tất cả các tài liệu cần thiết đều có sẵn trong tủ."
"30_Days_TOEIC","RL15","material","liên quan đến vật chất, quan trọng","adj","/məˈtɪr.i.əl/","There is no material change in the policy this year.","Không có thay đổi đáng kể nào trong chính sách năm nay."
"30_Days_TOEIC","RL15","conservation","sự bảo tồn tài nguyên và di sản văn hóa","noun","/ˌkɑːn.sɚˈveɪ.ʃən/","The artwork will be made with scrap paper to promote awareness of conservation.","Tác phẩm nghệ thuật sẽ được làm từ giấy vụn để nâng cao nhận thức về bảo tồn."
"30_Days_TOEIC","RL15","conservative","bảo thủ, thận trọng, không thích thay đổi","adj","/kənˈsɝː.və.t̬ɪv/","The manager took a conservative approach to budgeting this year.","Người quản lý đã áp dụng cách tiếp cận thận trọng trong việc lập ngân sách năm nay."
"30_Days_TOEIC","RL15","preservation","bảo tồn","noun","/ˌprez.ɚˈveɪ.ʃən/","The company supports the preservation of historic buildings.","Công ty ủng hộ việc bảo tồn các công trình lịch sử."
"30_Days_TOEIC","RL15","headquarters","trụ sở chính","noun","/ˈhedˌkwɔːr.t̬ɚz/","The company's headquarters are currently located in Osaka.","Trụ sở chính của công ty hiện đặt tại Osaka."
"30_Days_TOEIC","RL15","vendor","nhà cung cấp","noun","/ˈven.dɚ/","Food may be purchased separately from local vendors.","Thực phẩm có thể được mua riêng từ các nhà cung cấp địa phương."
"30_Days_TOEIC","RL15","vend","bán hàng","verb","/vend/","They are licensed to vend snacks at the stadium entrance.","Họ được cấp phép bán đồ ăn nhẹ tại cổng sân vận động."
"30_Days_TOEIC","RL15","analysis","phân tích","noun","/əˈnæl.ə.sɪs/","Toucan Database System is designed to perform a financial analysis.","Hệ thống cơ sở dữ liệu Toucan được thiết kế để thực hiện phân tích tài chính."
"30_Days_TOEIC","RL15","analyst","chuyên viên phân tích","noun","/ˈæn.ə.lɪst/","The financial analyst predicted a decline in quarterly earnings.","Chuyên viên phân tích tài chính dự đoán lợi nhuận quý sẽ giảm."
"30_Days_TOEIC","RL15","analyze","phân tích","verb","/ˈæn.əl.aɪz/","The software can quickly analyze large amounts of data.","Phần mềm có thể nhanh chóng phân tích lượng lớn dữ liệu."
"30_Days_TOEIC","RL15","oversight","sự sơ suất hoặc giám sát thiếu sót","noun","/ˈoʊ.vɚ.saɪt/","The warranty is invalid if the item is damaged due to user oversight.","Bảo hành không còn hiệu lực nếu sản phẩm bị hỏng do sự sơ suất của người dùng."
"30_Days_TOEIC","RL15","attire","trang phục","noun","/əˈtaɪr/","If you have questions regarding appropriate attire, please discuss them with my assistant.","Nếu bạn có thắc mắc về trang phục phù hợp, vui lòng trao đổi với trợ lý của tôi."
"30_Days_TOEIC","RL15","transaction","giao dịch mua bán","noun","/trænˈzæk.ʃən/","Our bank charges no fees for most online transactions.","Ngân hàng của chúng tôi không tính phí cho hầu hết các giao dịch trực tuyến."
"30_Days_TOEIC","RL15","transact","thực hiện giao dịch","verb","/trænˈzækt/","Most customers now transact their business online.","Hầu hết khách hàng hiện nay thực hiện giao dịch của họ trực tuyến."
"30_Days_TOEIC","RL15","substitute","vật thay thế","noun","/ˈsʌb.stə.tuːt/","Coconut Inlet was not an acceptable substitute for the original destination.","Coconut Inlet không phải là sự thay thế chấp nhận được cho điểm đến ban đầu."
"30_Days_TOEIC","RL15","substitute","thay thế","verb","/ˈsʌb.stə.tuːt/","You can substitute almond milk with soy milk in the recipe.","Bạn có thể thay sữa hạnh nhân bằng sữa đậu nành trong công thức này."
"30_Days_TOEIC","RL15","substitution","hành động thay thế","noun","/ˌsʌb.stəˈtuː.ʃən/","The substitution of plastic with biodegradable materials is encouraged.","Việc thay thế nhựa bằng vật liệu phân hủy sinh học được khuyến khích."
"30_Days_TOEIC","RL15","insight","hiểu biết sâu sắc","noun","/ˈɪn.saɪt/","Ms. Diaz will share insights gained from her vast experience.","Cô Diaz sẽ chia sẻ những hiểu biết sâu sắc có được từ kinh nghiệm phong phú của mình."
"30_Days_TOEIC","RL15","insightful","sâu sắc, sáng suốt","adj","/ˈɪn.saɪt.fəl/","She gave an insightful presentation on leadership strategies.","Cô ấy đã trình bày một bài thuyết trình sâu sắc về các chiến lược lãnh đạo."
"30_Days_TOEIC","RL15","proficiency","trình độ thành thạo","noun","/prəˈfɪʃ.ən.si/","Some activities will be conducted in German, so applicants should have proficiency in that language.","Một số hoạt động sẽ được thực hiện bằng tiếng Đức, vì vậy ứng viên nên có trình độ thành thạo ngôn ngữ đó."
"30_Days_TOEIC","RL15","delegate","đại biểu","noun","/ˈdel.ə.ɡət/","When the delegates visited the restaurant, they were served a special appetizer.","Khi các đại biểu đến thăm nhà hàng, họ đã được phục vụ món khai vị đặc biệt."
"30_Days_TOEIC","RL15","delegate","phân công nhiệm vụ","verb","/ˈdel.ə.ɡeɪt/","When you delegate tasks, spread the workload evenly across the team.","Khi bạn phân công nhiệm vụ, hãy chia đều khối lượng công việc trong nhóm."
"30_Days_TOEIC","RL15","delegation","phái đoàn hoặc giao quyền","noun","/ˌdel.əˈɡeɪ.ʃən/","A delegation from the head office will attend the opening ceremony.","Một phái đoàn từ trụ sở chính sẽ tham dự lễ khai trương."
"30_Days_TOEIC","RL15","succession","chuỗi liên tiếp","noun","/səkˈseʃ.ən/","Attach the pieces in quick succession before the glue has time to dry.","Hãy ghép các mảnh liên tiếp nhanh trước khi keo kịp khô."
"30_Days_TOEIC","RL15","succeed","thành công hoặc kế vị ai đó","verb","/səkˈsiːd/","She hopes to succeed her manager after retirement.","Cô ấy hy vọng sẽ kế vị vị trí của quản lý sau khi nghỉ hưu."
"30_Days_TOEIC","RL15","successive","liên tiếp","adj","/səkˈses.ɪv/","For the fifth year in succession, the team has won the championship.","Đội đã giành chức vô địch năm thứ năm liên tiếp."
"30_Days_TOEIC","RL15","fluctuation","sự biến động không ổn định","noun","/ˌflʌk.tʃuˈeɪ.ʃən/","Fluctuations in foreign currency markets can have a lot of effects on our international sales.","Sự biến động trên thị trường tiền tệ nước ngoài có thể ảnh hưởng lớn đến doanh số quốc tế của chúng tôi."
"30_Days_TOEIC","RL15","fluctuate","dao động liên tục","verb","/ˈflʌk.tʃu.eɪt/","Stock prices can fluctuate wildly during times of economic uncertainty.","Giá cổ phiếu có thể dao động mạnh trong thời kỳ bất ổn kinh tế."
"30_Days_TOEIC","RL15","transit","vận chuyển","noun","/ˈtræn.zɪt/","Maria Gomez submitted her plan for the new transit system.","Maria Gomez đã nộp kế hoạch cho hệ thống vận tải mới."
"30_Days_TOEIC","RL15","transit","vận chuyển","verb","/ˈtræn.zɪt/","The company transits goods between warehouses daily.","Công ty vận chuyển hàng hóa giữa các kho hàng hàng ngày."
"30_Days_TOEIC","RL15","amendment","sự sửa đổi hoặc bổ sung","noun","/əˈmend.mənt/","We must finish reviewing all of the contract amendments before Friday.","Chúng ta phải hoàn tất việc xem xét tất cả các sửa đổi hợp đồng trước thứ Sáu."
"30_Days_TOEIC","RL15","amend","sửa đổi hoặc bổ sung để cải thiện","verb","/əˈmend/","They agreed to amend the terms of the contract.","Họ đồng ý sửa đổi các điều khoản của hợp đồng."
"30_Days_TOEIC","RL15","amendable","có thể sửa đổi","adj","/əˈmend.ə.bəl/","The contract is amendable if both parties agree to the changes.","Hợp đồng có thể được sửa đổi nếu cả hai bên đồng ý với các thay đổi."
"30_Days_TOEIC","RL15","subsidiary","công ty con","noun","/səbˈsɪd.i.er.i/","We may share your mailing address with our subsidiaries.","Chúng tôi có thể chia sẻ địa chỉ thư tín của bạn với các công ty con của chúng tôi."
"30_Days_TOEIC","RL15","subsidy","trợ cấp tài chính","noun","/ˈsʌb.sɪ.di/","The government provided subsidies to farmers during the drought.","Chính phủ đã cấp trợ cấp cho nông dân trong thời kỳ hạn hán."
"30_Days_TOEIC","RL15","subsidize","trợ cấp tài chính","verb","/ˈsʌb.sɪ.daɪz/","The company subsidizes employee transportation costs.","Công ty trợ cấp chi phí đi lại cho nhân viên."
"30_Days_TOEIC","RL16","request","yêu cầu","noun","/rɪˈkwest/","To receive a refund, customers must complete a refund request form.","Để nhận được hoàn tiền, khách hàng phải hoàn thành mẫu đơn yêu cầu hoàn tiền."
"30_Days_TOEIC","RL16","request","yêu cầu","verb","/rɪˈkwest/","Employees are requested to submit their reports by Friday.","Nhân viên được yêu cầu nộp báo cáo trước thứ Sáu."
"30_Days_TOEIC","RL16","agenda","chương trình họp","noun","/əˈdʒen.də/","Jess Bronsky is putting together the agenda for the meeting.","Jess Bronsky đang chuẩn bị chương trình họp cho cuộc họp."
"30_Days_TOEIC","RL16","production","quá trình sản xuất","noun","/prəˈdʌk.ʃən/","All factory visitors must register at the front desk before entering the production area.","Tất cả khách tham quan nhà máy phải đăng ký tại quầy lễ tân trước khi vào khu vực sản xuất."
"30_Days_TOEIC","RL16","product","sản phẩm","noun","/ˈprɑː.dʌkt/","The company launched a new product last month.","Công ty đã ra mắt sản phẩm mới vào tháng trước."
"30_Days_TOEIC","RL16","produce","sản xuất hoặc tạo ra hàng hóa, nông sản","verb","/prəˈduːs/","The farm produces fresh vegetables for local markets.","Trang trại sản xuất rau tươi cho các thị trường địa phương."
"30_Days_TOEIC","RL16","revenue","doanh thu","noun","/ˈrev.ə.nuː/","Revenue will come from monthly dues and sales of products.","Doanh thu sẽ đến từ phí thành viên hàng tháng và doanh số bán sản phẩm."
"30_Days_TOEIC","RL16","earnings","thu nhập","noun","/ˈɝː.nɪŋz/","The company’s earnings exceeded analysts’ expectations.","Lợi nhuận của công ty vượt qua dự báo của các nhà phân tích."
"30_Days_TOEIC","RL16","income","thu nhập","noun","/ˈɪn.kʌm/","Household income has risen steadily over the past decade.","Thu nhập hộ gia đình đã tăng đều trong thập kỷ qua."
"30_Days_TOEIC","RL16","receipt","biên lai","noun","/rɪˈsiːt/","Print out a receipt for your records when you finish your online order.","Hãy in biên lai để lưu giữ khi bạn hoàn tất đơn hàng trực tuyến."
"30_Days_TOEIC","RL16","receive","nhận hoặc tiếp nhận","verb","/rɪˈsiːv/","We expect to receive the shipment by next Tuesday.","Chúng tôi dự kiến sẽ nhận được lô hàng vào thứ Ba tuần tới."
"30_Days_TOEIC","RL16","entrance","cửa vào","noun","/ˈen.trəns/","All roads leading to the park’s main entrance are paved.","Tất cả các con đường dẫn đến cửa chính của công viên đều được lát đá."
"30_Days_TOEIC","RL16","enter","vào, đi vào","verb","/ˈen.tər/","You must enter your password to access the system.","Bạn phải nhập mật khẩu để truy cập hệ thống."
"30_Days_TOEIC","RL16","entry","quyền vào, hành động vào hoặc món hàng được đưa vào","noun","/ˈen.tri/","Entry to the museum is free on Sundays.","Vào cửa bảo tàng miễn phí vào các ngày Chủ Nhật."
"30_Days_TOEIC","RL16","notice","thông báo hoặc sự chú ý về điều gì đó","noun","/ˈnoʊ.tɪs/","Mr. Matthews will be on special assignment until further notice.","Ông Matthews sẽ nhận nhiệm vụ đặc biệt cho đến khi có thông báo mới."
"30_Days_TOEIC","RL16","noticeable","dễ nhận thấy","adj","/ˈnoʊ.tɪ.sə.bəl/","There was a noticeable improvement in customer satisfaction.","Có sự cải thiện rõ rệt trong sự hài lòng của khách hàng."
"30_Days_TOEIC","RL16","announcement","thông báo chính thức","noun","/əˈnaʊns.mənt/","The company made an announcement about the new product launch.","Công ty đã đưa ra thông báo về việc ra mắt sản phẩm mới."
"30_Days_TOEIC","RL16","notice","nhận thấy","verb","/ˈnoʊ.tɪs/","I noticed that I was charged too much.","Tôi nhận thấy rằng mình bị tính tiền quá nhiều."
"30_Days_TOEIC","RL16","processing","quá trình xử lý","noun","/ˈprɑː.ses.ɪŋ/","Orders of specially designed products require a processing time of ten days.","Các đơn hàng sản phẩm thiết kế đặc biệt cần thời gian xử lý là mười ngày."
"30_Days_TOEIC","RL16","process","xử lý","verb","/ˈprɑː.ses/","The system processes customer orders automatically.","Hệ thống tự động xử lý các đơn hàng của khách hàng."
"30_Days_TOEIC","RL16","destination","nơi đến","noun","/ˌdes.tɪˈneɪ.ʃən/","The driver is required to take passengers to any destination within Apelhem.","Tài xế được yêu cầu đưa hành khách đến bất kỳ điểm đến nào trong khu vực Apelhem."
"30_Days_TOEIC","RL16","access","quyền truy cập","noun","/ˈæk.ses/","There is no access to the storage room on weekends.","Cuối tuần không được phép vào phòng kho."
"30_Days_TOEIC","RL16","access","truy cập","verb","/ˈæk.ses/","Visitors are only allowed to access certain parts of the building.","Khách tham quan chỉ được phép vào một số khu vực của tòa nhà."
"30_Days_TOEIC","RL16","accessible","dễ tiếp cận","adj","/əkˈses.ə.bəl/","The website is designed to be accessible to users with disabilities.","Trang web được thiết kế để dễ dàng tiếp cận cho người dùng khuyết tật."
"30_Days_TOEIC","RL16","quarter","quý (một phần tư năm)","noun","/ˈkwɔːr.tər/","The company’s revenue during the next quarter will increase.","Doanh thu của công ty trong quý tới sẽ tăng lên."
"30_Days_TOEIC","RL16","quarterly","hàng quý","adj","/ˈkwɔːr.tɚ.li/","Quarterly financial statements provide insight into company health.","Báo cáo tài chính hàng quý cung cấp cái nhìn tổng quan về sức khỏe công ty."
"30_Days_TOEIC","RL16","safety","sự an toàn","noun","/ˈseɪf.ti/","The updated safety manual includes guidelines for the entire factory.","Sổ tay an toàn được cập nhật bao gồm các hướng dẫn cho toàn bộ nhà máy."
"30_Days_TOEIC","RL16","safe","an toàn","adj","/seɪf/","Please keep all hazardous materials in a safe place.","Vui lòng giữ tất cả vật liệu nguy hiểm ở nơi an toàn."
"30_Days_TOEIC","RL16","safely","một cách an toàn","adv","/ˈseɪf.li/","The packages were safely delivered to the customers.","Các gói hàng đã được giao an toàn đến khách hàng."
"30_Days_TOEIC","RL16","solution","giải pháp","noun","/səˈluː.ʃən/","The ride-share program is a simple solution to our transportation challenges.","Chương trình đi chung xe là một giải pháp đơn giản cho những thách thức về giao thông của chúng ta."
"30_Days_TOEIC","RL16","solve","giải quyết vấn đề","verb","/sɑːlv/","Engineers are working hard to solve the system errors.","Các kỹ sư đang làm việc tích cực để sửa lỗi hệ thống."
"30_Days_TOEIC","RL16","resource","nguồn lực hoặc tài nguyên hỗ trợ cho mục đích nào đó","noun","/ˈriː.sɔːrs/","Something must be done to balance the demand for the area’s water resources.","Phải làm gì đó để cân bằng nhu cầu về tài nguyên nước của khu vực."
"30_Days_TOEIC","RL16","resourceful","tháo vát, biết ứng biến trong khó khăn","adj","/rɪˈsɔːr.sfəl/","Being resourceful helps employees solve unexpected problems.","Sự tháo vát giúp nhân viên giải quyết các vấn đề bất ngờ."
"30_Days_TOEIC","RL16","observance","tuân thủ hoặc tổ chức lễ nghi, luật lệ","noun","/əbˈzɜːr.vəns/","Most government establishments will be closed on Monday in observance of Independence Day.","Hầu hết các cơ quan nhà nước sẽ đóng cửa vào thứ Hai để kỷ niệm Ngày Độc lập."
"30_Days_TOEIC","RL16","observe","quan sát hoặc tuân thủ quy tắc","verb","/əbˈzɜːrv/","Students must observe all safety rules in the laboratory.","Học sinh phải tuân thủ tất cả các quy định an toàn trong phòng thí nghiệm."
"30_Days_TOEIC","RL16","observation","quan sát","noun","/ˌɑːb.zɚˈveɪ.ʃən/","Some of the training program involves learning through observation.","Một phần chương trình đào tạo bao gồm học tập thông qua việc quan sát."
"30_Days_TOEIC","RL16","coworker","đồng nghiệp","noun","/ˈkoʊˌwɜːr.kɚ/","Employees are advised to tell coworkers about upcoming events.","Nhân viên được khuyên nên thông báo cho đồng nghiệp về các sự kiện sắp tới."
"30_Days_TOEIC","RL16","ability","khả năng","noun","/əˈbɪl.ə.t̬i/","Her ability to handle customer complaints calmly impressed the manager.","Khả năng xử lý khiếu nại khách hàng một cách bình tĩnh của cô ấy đã gây ấn tượng với quản lý."
"30_Days_TOEIC","RL16","extension","sự mở rộng thêm","noun","/ɪkˈsten.ʃən/","The company announced an extension of the railway line to rural areas.","Công ty đã công bố việc mở rộng tuyến đường sắt đến khu vực nông thôn."
"30_Days_TOEIC","RL16","extension","số máy nhánh","noun","/ɪkˈsten.ʃən/","You can reach the IT help desk at extension 2211.","Bạn có thể liên hệ bộ phận hỗ trợ CNTT theo số máy nhánh 2211."
"30_Days_TOEIC","RL16","congestion","tắc nghẽn","noun","/kənˈdʒes.tʃən/","Severe traffic congestion caused delays during the morning commute.","Tình trạng kẹt xe nghiêm trọng gây ra sự chậm trễ trong giờ đi làm buổi sáng."
"30_Days_TOEIC","RL16","congest","làm tắc nghẽn","verb","/kənˈdʒest/","Construction work will congest the main roads for several weeks.","Việc thi công sẽ làm tắc nghẽn các tuyến đường chính trong vài tuần."
"30_Days_TOEIC","RL16","congested","bị tắc nghẽn, đông đúc","adj","/kənˈdʒes.tɪd/","The downtown area is usually congested during lunch breaks.","Khu trung tâm thường bị tắc nghẽn trong giờ nghỉ trưa."
"30_Days_TOEIC","RL16","productivity","năng suất làm việc","noun","/ˌproʊ.dəkˈtɪv.ə.t̬i/","The manager implemented new strategies to boost team productivity.","Quản lý đã áp dụng các chiến lược mới để tăng năng suất của nhóm."
"30_Days_TOEIC","RL16","productive","hiệu quả, tạo ra nhiều kết quả","adj","/prəˈdʌk.tɪv/","We had a very productive meeting with the client this morning.","Chúng tôi đã có một cuộc họp rất hiệu quả với khách hàng sáng nay."
"30_Days_TOEIC","RL16","productively","một cách hiệu quả","adverb","/prəˈdʌk.tɪv.li/","The staff spent the afternoon working productively on the new campaign.","Nhân viên đã dành buổi chiều làm việc hiệu quả cho chiến dịch mới."
"30_Days_TOEIC","RL16","achievement","thành tựu","noun","/əˈtʃiːv.mənt/","The team gathered to recognize their achievement in surpassing sales goals.","Cả nhóm đã tụ họp để ghi nhận thành tích vượt chỉ tiêu doanh số."
"30_Days_TOEIC","RL16","achieve","đạt được điều gì sau nỗ lực","verb","/əˈtʃiːv/","They worked hard to achieve their annual performance targets.","Họ đã làm việc chăm chỉ để đạt được các mục tiêu hiệu suất hàng năm."
"30_Days_TOEIC","RL16","description","sự mô tả","noun","/dɪˈskrɪp.ʃən/","The brochure provides a detailed description of all our travel packages.","Tờ quảng cáo cung cấp mô tả chi tiết về tất cả các gói du lịch của chúng tôi."
"30_Days_TOEIC","RL16","describe","mô tả","verb","/dɪˈskraɪb/","Please describe your previous work experience in the interview.","Vui lòng mô tả kinh nghiệm làm việc trước đây của bạn trong buổi phỏng vấn."
"30_Days_TOEIC","RL16","descriptive","có tính mô tả","adj","/dɪˈskrɪp.tɪv/","Applicants should use descriptive language in their cover letters.","Ứng viên nên sử dụng ngôn ngữ mô tả trong thư xin việc của mình."
"30_Days_TOEIC","RL16","suggestion","đề xuất","noun","/səˈdʒes.tʃən/","We received many helpful suggestions from customers after the product launch.","Chúng tôi đã nhận được nhiều đề xuất hữu ích từ khách hàng sau khi ra mắt sản phẩm."
"30_Days_TOEIC","RL16","suggest","đề xuất, khuyên làm gì đó","verb","/səˈdʒest/","I suggest we review the contract before signing.","Tôi đề nghị chúng ta xem lại hợp đồng trước khi ký."
"30_Days_TOEIC","RL16","responsibility","nhiệm vụ, bổn phận phải thực hiện","noun","/rɪˌspɑːn.səˈbɪl.ə.t̬i/","He was promoted due to his ability to handle multiple responsibilities efficiently.","Anh ấy được thăng chức vì khả năng xử lý nhiều nhiệm vụ một cách hiệu quả."
"30_Days_TOEIC","RL16","responsible","chịu trách nhiệm","adj","/rɪˈspɑːn.sə.bəl/","The finance director is responsible for preparing the annual budget report.","Giám đốc tài chính chịu trách nhiệm lập báo cáo ngân sách hằng năm."
"30_Days_TOEIC","RL16","consumption","sự tiêu thụ","noun","/kənˈsʌmp.ʃən/","The government implemented new policies to reduce electricity consumption.","Chính phủ đã triển khai các chính sách mới nhằm giảm tiêu thụ điện năng."
"30_Days_TOEIC","RL16","consume","tiêu thụ","verb","/kənˈsuːm/","The printer consumes a large amount of ink when printing in color.","Máy in tiêu tốn lượng mực lớn khi in màu."
"30_Days_TOEIC","RL16","consumer","người tiêu dùng","noun","/kənˈsuː.mɚ/","The company launched a survey to understand consumer preferences.","Công ty đã triển khai khảo sát để hiểu thị hiếu người tiêu dùng."
"30_Days_TOEIC","RL16","preference","sự ưa thích, lựa chọn ưu tiên","noun","/ˈpref.ər.əns/","The survey focused on customer preference for delivery time slots.","Cuộc khảo sát tập trung vào sở thích của khách hàng đối với khung giờ giao hàng."
"30_Days_TOEIC","RL16","prefer","thích hơn","verb","/prɪˈfɝː/","Many clients prefer online support over phone calls.","Nhiều khách hàng thích hỗ trợ trực tuyến hơn gọi điện."
"30_Days_TOEIC","RL16","preferable","được ưa chuộng hơn","adj","/ˈpref.ər.ə.bəl/","An early check-in is preferable if rooms are available.","Việc nhận phòng sớm được ưa chuộng nếu còn phòng trống."
"30_Days_TOEIC","RL16","preferential","ưu đãi, được đối xử tốt hơn","adj","/ˌpref.ərˈen.ʃəl/","Members receive preferential treatment during the registration period.","Các thành viên được ưu đãi trong thời gian đăng ký."
"30_Days_TOEIC","RL16","preferably","tốt nhất là","adverb","/ˈpref.ər.ə.bli/","Applicants should apply by e-mail, preferably with a résumé attached.","Ứng viên nên nộp đơn qua email, tốt nhất là kèm theo sơ yếu lý lịch."
"30_Days_TOEIC","RL16","decision","quyết định","noun","/dɪˈsɪʒ.ən/","Management postponed the decision to relocate the office until next month.","Ban quản lý đã hoãn quyết định chuyển văn phòng đến tháng sau."
"30_Days_TOEIC","RL16","decide","quyết định","verb","/dɪˈsaɪd/","They will decide whether to extend the contract by next Friday.","Họ sẽ quyết định có gia hạn hợp đồng hay không vào thứ Sáu tới."
"30_Days_TOEIC","RL16","decisive","quyết đoán, mang tính quyết định","adj","/dɪˈsaɪ.sɪv/","Her decisive leadership helped the team meet the deadline.","Sự lãnh đạo dứt khoát của cô ấy đã giúp nhóm hoàn thành đúng hạn."
"30_Days_TOEIC","RL16","registration","quá trình ghi danh","noun","/ˌredʒ.əˈstreɪ.ʃən/","Online registration will close two days before the conference begins.","Việc đăng ký trực tuyến sẽ kết thúc hai ngày trước khi hội nghị bắt đầu."
"30_Days_TOEIC","RL16","register","đăng ký","verb","/ˈredʒ.ə.stɚ/","You must register online to attend the training session.","Bạn phải đăng ký trực tuyến để tham dự buổi đào tạo."
"30_Days_TOEIC","RL16","ceremony","lễ nghi trang trọng","noun","/ˈser.ə.moʊ.ni/","The groundbreaking ceremony for the new headquarters will be held next Monday.","Lễ động thổ cho trụ sở mới sẽ được tổ chức vào thứ Hai tới."
"30_Days_TOEIC","RL16","ceremonial","liên quan đến nghi thức, trang trọng","adj","/ˌser.əˈmoʊ.ni.əl/","The ambassador wore a traditional outfit for the ceremonial event.","Đại sứ mặc trang phục truyền thống cho sự kiện mang tính nghi lễ."
"30_Days_TOEIC","RL16","growth","sự phát triển, gia tăng hoặc mở rộng","noun","/ɡroʊθ/","The report highlights strong growth in international sales over the past year.","Báo cáo nêu bật sự tăng trưởng mạnh trong doanh số quốc tế trong năm qua."
"30_Days_TOEIC","RL16","grow","tăng trưởng, phát triển theo thời gian","verb","/ɡroʊ/","The company plans to grow its market share through online advertising.","Công ty dự định tăng thị phần thông qua quảng cáo trực tuyến."
"30_Days_TOEIC","RL16","outcome","kết quả cuối cùng","noun","/ˈaʊt.kʌm/","The outcome of the negotiation was a mutually beneficial agreement.","Kết quả của cuộc đàm phán là một thỏa thuận đôi bên cùng có lợi."
"30_Days_TOEIC","RL16","permission","sự cho phép","noun","/pɚˈmɪʃ.ən/","Employees must obtain permission from HR before making schedule changes.","Nhân viên phải xin phép phòng nhân sự trước khi thay đổi lịch làm việc."
"30_Days_TOEIC","RL16","permit","giấy phép","noun","/ˈpɝː.mɪt/","You need a building permit to begin construction on the property.","Bạn cần giấy phép xây dựng để bắt đầu thi công trên khu đất."
"30_Days_TOEIC","RL16","permit","cho phép","verb","/pɚˈmɪt/","The supervisor permitted the intern to attend the client meeting.","Người giám sát đã cho phép thực tập sinh tham dự cuộc họp với khách hàng."
"30_Days_TOEIC","RL16","permissive","dễ dãi, cho phép nhiều lựa chọn hơn bình thường","adj","/pɚˈmɪs.ɪv/","The manager’s permissive style created a relaxed work environment.","Phong cách quản lý dễ dãi của người quản lý đã tạo ra một môi trường làm việc thoải mái."
"30_Days_TOEIC","RL16","permissible","được phép","adj","/pɚˈmɪs.ə.bəl/","It is not permissible to use mobile phones during the test.","Không được phép sử dụng điện thoại di động trong suốt bài kiểm tra."
"30_Days_TOEIC","RL16","permissibly","một cách được phép","adverb","/pɚˈmɪs.ə.bli/","Employees may permissibly use their phones during breaks.","Nhân viên có thể hợp lệ sử dụng điện thoại trong giờ nghỉ."
"30_Days_TOEIC","RL16","phase","giai đoạn","noun","/feɪz/","The company is preparing for the second phase of the office relocation.","Công ty đang chuẩn bị cho giai đoạn thứ hai của việc chuyển văn phòng."
"30_Days_TOEIC","RL16","relocation","sự di dời","noun","/ˌriː.loʊˈkeɪ.ʃən/","The relocation of the regional office will begin next month.","Việc di dời văn phòng khu vực sẽ bắt đầu vào tháng tới."
"30_Days_TOEIC","RL16","relocate","chuyển đến nơi mới","verb","/ˌriːˈloʊ.keɪt/","The company plans to relocate its headquarters to Chicago.","Công ty dự định chuyển trụ sở chính đến Chicago."
"30_Days_TOEIC","RL16","setting","môi trường hoặc khung cảnh diễn ra sự việc","noun","/ˈset̬.ɪŋ/","The seminar will be held in a professional setting with full audiovisual support.","Hội thảo sẽ được tổ chức trong môi trường chuyên nghiệp với đầy đủ hỗ trợ nghe nhìn."
"30_Days_TOEIC","RL16","investment","đầu tư","noun","/ɪnˈvest.mənt/","The company made a significant investment in digital infrastructure.","Công ty đã đầu tư đáng kể vào cơ sở hạ tầng số."
"30_Days_TOEIC","RL16","invest","đầu tư","verb","/ɪnˈvest/","They plan to invest in new software to improve productivity.","Họ dự định đầu tư vào phần mềm mới để nâng cao năng suất."
"30_Days_TOEIC","RL16","investor","nhà đầu tư","noun","/ɪnˈves.tɚ/","Foreign investors are showing interest in the local housing market.","Các nhà đầu tư nước ngoài đang thể hiện sự quan tâm đến thị trường nhà đất địa phương."
"30_Days_TOEIC","RL16","convenience","sự thuận tiện","noun","/kənˈviː.ni.əns/","Customers can choose a delivery time at their convenience.","Khách hàng có thể chọn thời gian giao hàng sao cho thuận tiện với họ."
"30_Days_TOEIC","RL16","convenient","tiện lợi","adj","/kənˈviː.ni.ənt/","We are located near the airport for convenient access.","Chúng tôi tọa lạc gần sân bay để thuận tiện cho việc đi lại."
"30_Days_TOEIC","RL16","conveniently","một cách thuận tiện","adverb","/kənˈviː.ni.ənt.li/","The office is conveniently located near a train station.","Văn phòng được đặt ở vị trí thuận tiện gần ga tàu."
"30_Days_TOEIC","RL16","inconvenience","sự bất tiện","noun","/ˌɪn.kənˈviː.ni.əns/","We apologize for any inconvenience caused by the delay.","Chúng tôi xin lỗi về bất kỳ sự bất tiện nào do sự chậm trễ gây ra."
"30_Days_TOEIC","RL16","environment","môi trường sống","noun","/ɪnˈvaɪ.rən.mənt/","The company is committed to creating a positive work environment.","Công ty cam kết tạo ra một môi trường làm việc tích cực."
"30_Days_TOEIC","RL16","environmental","liên quan đến môi trường","adj","/ɪnˌvaɪ.rənˈmen.t̬əl/","The factory was shut down due to serious environmental violations.","Nhà máy đã bị đóng cửa do vi phạm nghiêm trọng về môi trường."
"30_Days_TOEIC","RL16","environmentally","một cách bảo vệ môi trường","adverb","/ɪnˌvaɪ.rənˈmen.t̬əl.i/","The company is investing in environmentally sustainable technologies.","Công ty đang đầu tư vào các công nghệ bền vững với môi trường."
"30_Days_TOEIC","RL16","surplus","số lượng dư thừa","noun","/ˈsɝː.pləs/","The company reported a surplus of inventory at the end of the quarter.","Công ty đã báo cáo lượng hàng tồn dư thừa vào cuối quý."
"30_Days_TOEIC","RL16","initiative","sáng kiến","noun","/ɪˈnɪʃ.ə.t̬ɪv/","The city launched an initiative to improve traffic flow in urban areas.","Thành phố đã khởi động một sáng kiến nhằm cải thiện lưu thông giao thông trong khu vực đô thị."
"30_Days_TOEIC","RL16","initiation","sự khởi đầu","noun","/ɪˌnɪʃ.iˈeɪ.ʃən/","The initiation of the project was delayed due to budget constraints.","Việc khởi động dự án bị trì hoãn do hạn chế ngân sách."
"30_Days_TOEIC","RL16","proceeds","tiền thu được","noun","/ˈproʊ.siːdz/","The proceeds from the auction will be donated to charity.","Số tiền thu được từ buổi đấu giá sẽ được quyên góp cho từ thiện."
"30_Days_TOEIC","RL16","diagnosis","sự chẩn đoán","noun","/ˌdaɪ.əɡˈnoʊ.sɪs/","Accurate diagnosis is essential for effective treatment.","Chẩn đoán chính xác là điều cần thiết cho việc điều trị hiệu quả."
"30_Days_TOEIC","RL16","diagnose","chẩn đoán","verb","/ˈdaɪ.əɡ.noʊz/","The technician diagnosed the problem with the computer system.","Kỹ thuật viên đã chẩn đoán vấn đề với hệ thống máy tính."
"30_Days_TOEIC","RL16","diagnostic","liên quan đến chẩn đoán","adj","/ˌdaɪ.əɡˈnɑː.stɪk/","Diagnostic tools are essential in identifying technical failures.","Các công cụ chẩn đoán rất cần thiết để xác định lỗi kỹ thuật."
"30_Days_TOEIC","RL16","audit","kiểm toán","noun","/ˈɑː.dɪt/","The company completed its annual audit ahead of schedule.","Công ty đã hoàn thành cuộc kiểm toán thường niên sớm hơn kế hoạch."
"30_Days_TOEIC","RL16","auditor","người kiểm toán","noun","/ˈɑː.dɪ.t̬ɚ/","The auditor reviewed all expense claims submitted during the quarter.","Kiểm toán viên đã xem xét tất cả các yêu cầu chi tiêu trong quý."
"30_Days_TOEIC","RL16","appraisal","sự đánh giá chính thức","noun","/əˈpreɪ.zəl/","The company will conduct an annual performance appraisal for all employees.","Công ty sẽ tiến hành đánh giá hiệu suất hàng năm cho tất cả nhân viên."
"30_Days_TOEIC","RL16","appraise","đánh giá giá trị hoặc chất lượng","verb","/əˈpreɪz/","The committee was asked to appraise the success of the pilot program.","Ủy ban được yêu cầu đánh giá sự thành công của chương trình thí điểm."
"30_Days_TOEIC","RL16","perspective","quan điểm","noun","/pɚˈspek.tɪv/","The consultant offered a new perspective on improving customer satisfaction.","Chuyên gia tư vấn đã đưa ra một góc nhìn mới về việc cải thiện sự hài lòng của khách hàng."
"30_Days_TOEIC","RL16","bid","đề nghị giá cả để thực hiện công việc hoặc mua sắm","noun","/bɪd/","Their bid to construct the new airport terminal was approved.","Đề xuất của họ để xây dựng nhà ga sân bay mới đã được chấp thuận."
"30_Days_TOEIC","RL16","bid","đấu thầu","verb","/bɪd/","Three companies are bidding to supply the office equipment.","Ba công ty đang đấu thầu cung cấp thiết bị văn phòng."
"30_Days_TOEIC","RL16","bidder","người đấu giá","noun","/ˈbɪd.ɚ/","The lowest bidder was awarded the highway construction project.","Nhà thầu có giá thấp nhất đã được giao dự án xây dựng đường cao tốc."
"30_Days_TOEIC","RL16","commission","tiền hoa hồng","noun","/kəˈmɪʃ.ən/","She earns a 10% commission on every sale she makes.","Cô ấy nhận được 10% hoa hồng trên mỗi giao dịch cô thực hiện."
"30_Days_TOEIC","RL16","commission","ủy ban điều tra hoặc giám sát một vấn đề cụ thể","noun","/kəˈmɪʃ.ən/","The environmental commission will review the factory’s compliance report.","Ủy ban môi trường sẽ xem xét báo cáo tuân thủ của nhà máy."
"30_Days_TOEIC","RL16","commission","giao nhiệm vụ tạo ra thứ gì đó","verb","/kəˈmɪʃ.ən/","The city commissioned an artist to design the public sculpture.","Thành phố đã giao cho một nghệ sĩ thiết kế tác phẩm điêu khắc công cộng."
"30_Days_TOEIC","RL16","abstract","bản tóm tắt nội dung chính","noun","/ˈæb.strækt/","The research paper includes an abstract summarizing the key findings.","Bài nghiên cứu có phần tóm tắt trình bày những phát hiện chính."
"30_Days_TOEIC","RL16","abstract","trừu tượng, khó hiểu, không cụ thể","adj","/ˈæb.strækt/","The professor used real-life examples to clarify abstract theories.","Giáo sư đã dùng ví dụ thực tế để làm rõ các lý thuyết trừu tượng."
"30_Days_TOEIC","RL16","means","phương tiện hoặc cách thức đạt mục tiêu","noun","/miːnz/","E-mail is an efficient means of communication in the workplace.","Email là phương tiện giao tiếp hiệu quả tại nơi làm việc."
"30_Days_TOEIC","RL16","privilege","quyền lợi đặc biệt","noun","/ˈprɪv.əl.ɪdʒ/","Full-time staff enjoy the privilege of flexible working hours.","Nhân viên toàn thời gian được hưởng quyền lợi về giờ làm việc linh hoạt."
"30_Days_TOEIC","RL17","attendance","sự có mặt","noun","/əˈten.dəns/","Attendance at the training session is mandatory for all new hires.","Sự có mặt tại buổi đào tạo là bắt buộc đối với tất cả nhân viên mới."
"30_Days_TOEIC","RL17","attend","tham dự","verb","/əˈtend/","All employees are required to attend the monthly safety meeting.","Tất cả nhân viên đều phải tham dự cuộc họp an toàn hàng tháng."
"30_Days_TOEIC","RL17","attendee","người tham dự","noun","/ə.tenˈdiː/","Each attendee received a welcome package upon arrival.","Mỗi người tham dự nhận được một gói quà chào mừng khi đến."
"30_Days_TOEIC","RL17","attendant","nhân viên phục vụ","noun","/əˈten.dənt/","The parking attendant directed us to an available space.","Nhân viên giữ xe đã chỉ chỗ trống cho chúng tôi."
"30_Days_TOEIC","RL17","complaint","lời phàn nàn","noun","/kəmˈpleɪnt/","The company received several complaints about delayed shipments.","Công ty đã nhận được một số lời phàn nàn về việc giao hàng chậm trễ."
"30_Days_TOEIC","RL17","complain","phàn nàn","verb","/kəmˈpleɪn/","Several passengers complained about the lack of air conditioning.","Nhiều hành khách đã phàn nàn về việc thiếu điều hòa không khí."
"30_Days_TOEIC","RL17","manner","cách thức, phương pháp","noun","/ˈmæn.ɚ/","The team handled the client’s feedback in a professional manner.","Nhóm đã xử lý phản hồi của khách hàng một cách chuyên nghiệp."
"30_Days_TOEIC","RL17","itinerary","lịch trình chuyến đi","noun","/aɪˈtɪn.ə.rer.i/","The travel agent sent us an updated itinerary for our business trip.","Đại lý du lịch đã gửi cho chúng tôi lịch trình cập nhật cho chuyến công tác."
"30_Days_TOEIC","RL17","proposal","bản đề xuất kế hoạch","noun","/prəˈpoʊ.zəl/","The committee is reviewing a proposal to expand the current facility.","Ủy ban đang xem xét đề xuất mở rộng cơ sở hiện tại."
"30_Days_TOEIC","RL17","propose","đề xuất ý tưởng hoặc kế hoạch","verb","/prəˈpoʊz/","She proposed a new strategy to improve customer service.","Cô ấy đã đề xuất một chiến lược mới để cải thiện dịch vụ khách hàng."
"30_Days_TOEIC","RL17","profit","lợi nhuận","noun","/ˈprɑː.fɪt/","The company reported a significant increase in quarterly profit.","Công ty báo cáo lợi nhuận hàng quý tăng đáng kể."
"30_Days_TOEIC","RL17","profitable","có lợi nhuận","adj","/ˈprɑː.fɪ.t̬ə.bəl/","They closed the less profitable branches to focus on growth.","Họ đã đóng cửa các chi nhánh ít sinh lời để tập trung vào tăng trưởng."
"30_Days_TOEIC","RL17","profitability","khả năng sinh lời","noun","/ˌprɑː.fɪ.təˈbɪl.ə.t̬i/","The report analyzes the profitability of the company’s recent investments.","Báo cáo phân tích khả năng sinh lời của các khoản đầu tư gần đây của công ty."
"30_Days_TOEIC","RL17","submission","hành động nộp tài liệu để xem xét","noun","/səbˈmɪʃ.ən/","All proposals must be prepared before the final submission date.","Tất cả đề xuất phải được chuẩn bị trước hạn cuối nộp."
"30_Days_TOEIC","RL17","submit","nộp hồ sơ hoặc tài liệu để xem xét","verb","/səbˈmɪt/","Applicants must submit their resumes by the end of the week.","Ứng viên phải nộp sơ yếu lý lịch trước cuối tuần."
"30_Days_TOEIC","RL17","negligence","sự cẩu thả, thiếu trách nhiệm","noun","/ˈneɡ.lə.dʒəns/","The accident was a result of negligence on the part of the manufacturer.","Tai nạn là do sự cẩu thả từ phía nhà sản xuất."
"30_Days_TOEIC","RL17","neglect","bỏ bê, không chú ý đến","verb","/nɪˈɡlekt/","He neglected to update the software, which caused a system error.","Anh ấy đã bỏ qua việc cập nhật phần mềm, gây ra lỗi hệ thống."
"30_Days_TOEIC","RL17","neglect","sự bỏ bê, thiếu quan tâm","noun","/nɪˈɡlekt/","The building fell into disrepair due to years of neglect.","Tòa nhà xuống cấp do bị bỏ bê nhiều năm."
"30_Days_TOEIC","RL17","excess","sự thừa, số lượng vượt mức cần thiết","noun","/ˈek.ses/","The airline charges fees for baggage in excess of the weight limit.","Hãng hàng không tính phí cho hành lý vượt quá giới hạn cân nặng."
"30_Days_TOEIC","RL17","exceed","vượt quá giới hạn hoặc tiêu chuẩn","verb","/ɪkˈsiːd/","Production costs have exceeded our original estimates.","Chi phí sản xuất đã vượt quá ước tính ban đầu của chúng ta."
"30_Days_TOEIC","RL17","excessive","quá mức","adj","/ɪkˈses.ɪv/","Excessive noise from the construction site disturbed nearby residents.","Tiếng ồn quá mức từ công trường đã làm phiền cư dân gần đó."
"30_Days_TOEIC","RL17","excessively","một cách quá mức","adverb","/ɪkˈses.ɪv.li/","The service was delayed because the form was excessively complicated.","Dịch vụ bị trì hoãn vì biểu mẫu quá phức tạp."
"30_Days_TOEIC","RL17","appointment","cuộc hẹn","noun","/əˈpɔɪnt.mənt/","Please arrive 10 minutes early for your dental appointment.","Vui lòng đến sớm 10 phút cho cuộc hẹn nha sĩ của bạn."
"30_Days_TOEIC","RL17","appointment","sự bổ nhiệm vào vị trí chính thức","noun","/əˈpɔɪnt.mənt/","Her appointment as director was approved by the board.","Việc bổ nhiệm cô ấy làm giám đốc đã được hội đồng thông qua."
"30_Days_TOEIC","RL17","appoint","chỉ định, bổ nhiệm ai vào vị trí hoặc nhiệm vụ nào đó","verb","/əˈpɔɪnt/","The company appointed a new CFO to lead the finance team.","Công ty đã bổ nhiệm giám đốc tài chính mới để lãnh đạo nhóm tài chính."
"30_Days_TOEIC","RL17","response","phản hồi","noun","/rɪˈspɑːns/","We received a positive response to our product launch.","Chúng tôi đã nhận được phản hồi tích cực về việc ra mắt sản phẩm."
"30_Days_TOEIC","RL17","respond","phản hồi","verb","/rɪˈspɑːnd/","The director has not yet responded to the proposal.","Giám đốc vẫn chưa phản hồi đề xuất."
"30_Days_TOEIC","RL17","respondent","người trả lời khảo sát","noun","/rɪˈspɑːn.dənt/","Respondents were asked to rate the product on a scale of 1 to 5.","Người tham gia khảo sát được yêu cầu đánh giá sản phẩm theo thang điểm từ 1 đến 5."
"30_Days_TOEIC","RL17","deficit","sự thâm hụt ngân sách","noun","/ˈdef.ə.sɪt/","The company is working to reduce its budget deficit by cutting unnecessary costs.","Công ty đang nỗ lực giảm thâm hụt ngân sách bằng cách cắt giảm chi phí không cần thiết."
"30_Days_TOEIC","RL17","surplus","thặng dư","noun","/ˈsɝː.pləs/","The country reported a trade surplus for the third consecutive quarter.","Quốc gia này đã ghi nhận thặng dư thương mại trong quý thứ ba liên tiếp."
"30_Days_TOEIC","RL17","contribution","sự đóng góp","noun","/ˌkɑːn.trɪˈbjuː.ʃən/","Her contributions to the marketing campaign were widely recognized.","Những đóng góp của cô ấy cho chiến dịch tiếp thị đã được công nhận rộng rãi."
"30_Days_TOEIC","RL17","contribute","đóng góp","verb","/kənˈtrɪb.juːt/","Each team member contributed valuable ideas to the discussion.","Mỗi thành viên trong nhóm đều đóng góp ý tưởng quý giá cho cuộc thảo luận."
"30_Days_TOEIC","RL17","contributor","người đóng góp","noun","/kənˈtrɪb.jə.t̬ɚ/","He was a key contributor to the company’s success.","Anh ấy là người đóng góp chính cho thành công của công ty."
"30_Days_TOEIC","RL17","atmosphere","bầu không khí","noun","/ˈæt.mə.sfɪr/","The restaurant has a warm atmosphere that makes guests feel at home.","Nhà hàng có bầu không khí ấm cúng khiến khách cảm thấy như ở nhà."
"30_Days_TOEIC","RL17","impact","tác động mạnh mẽ","noun","/ˈɪm.pækt/","The new regulations had a significant impact on small businesses.","Các quy định mới đã có tác động đáng kể đến các doanh nghiệp nhỏ."
"30_Days_TOEIC","RL17","impact","tác động, ảnh hưởng","verb","/ɪmˈpækt/","Rising fuel costs have impacted the company's profitability.","Chi phí nhiên liệu tăng đã ảnh hưởng đến lợi nhuận của công ty."
"30_Days_TOEIC","RL17","transportation","phương tiện di chuyển","noun","/ˌtræn.spɚˈteɪ.ʃən/","Public transportation in the city has improved significantly in recent years.","Giao thông công cộng trong thành phố đã được cải thiện đáng kể trong những năm gần đây."
"30_Days_TOEIC","RL17","transport","vận chuyển","verb","/trænsˈpɔːrt/","The goods were transported by truck across the country.","Hàng hóa được vận chuyển bằng xe tải qua các tỉnh."
"30_Days_TOEIC","RL17","transportable","dễ vận chuyển","adj","/trænsˈpɔːrtəbl/","The equipment is designed to be lightweight and transportable.","Thiết bị được thiết kế nhẹ và dễ vận chuyển."
"30_Days_TOEIC","RL17","fare","tiền vé","noun","/fer/","The taxi fare from the airport to downtown is usually about $25.","Tiền taxi từ sân bay đến trung tâm thành phố thường khoảng 25 đô la."
"30_Days_TOEIC","RL17","membership fees","phí thành viên","noun","/ˈmem.bɚ.ʃɪp fiːz/","Annual membership fees must be paid by the end of the month.","Phí thành viên hàng năm phải được thanh toán trước cuối tháng."
"30_Days_TOEIC","RL17","delivery charge","phí giao hàng","noun","/dɪˈlɪv.ɚ.i tʃɑːrdʒ/","There is a flat delivery charge for all online orders.","Có một khoản phí giao hàng cố định cho tất cả các đơn hàng trực tuyến."
"30_Days_TOEIC","RL17","signature","chữ ký","noun","/ˈsɪɡ.nə.tʃɚ/","Please provide your signature at the bottom of the contract.","Vui lòng ký tên ở cuối hợp đồng."
"30_Days_TOEIC","RL17","sign","ký tên xác nhận","verb","/saɪn/","You must sign the agreement before it becomes effective.","Bạn phải ký thỏa thuận trước khi nó có hiệu lực."
"30_Days_TOEIC","RL17","authority","cơ quan có thẩm quyền","noun","/əˈθɔːr.ə.t̬i/","The local health authority issued new guidelines for restaurants.","Cơ quan y tế địa phương đã ban hành hướng dẫn mới cho các nhà hàng."
"30_Days_TOEIC","RL17","authorize","cấp phép, cho phép làm điều gì đó chính thức","verb","/ˈɔː.θɚ.aɪz/","The manager authorized the purchase of new equipment.","Quản lý đã cho phép mua thiết bị mới."
"30_Days_TOEIC","RL17","authorization","sự cho phép chính thức","noun","/ˌɔː.θɚ.əˈzeɪ.ʃən/","Employees must obtain authorization before accessing sensitive data.","Nhân viên phải được cấp phép trước khi truy cập dữ liệu nhạy cảm."
"30_Days_TOEIC","RL17","sequence","trình tự","noun","/ˈsiː.kwəns/","The instructions must be followed in the correct sequence to assemble the device.","Các hướng dẫn phải được thực hiện theo đúng trình tự để lắp ráp thiết bị."
"30_Days_TOEIC","RL17","sequential","tuần tự","adj","/sɪˈkwen.ʃəl/","The training program is designed in sequential modules.","Chương trình đào tạo được thiết kế theo các mô-đun tuần tự."
"30_Days_TOEIC","RL17","expiration","ngày hết hạn","noun","/ˌek.spəˈreɪ.ʃən/","Please check the expiration date on your driver’s license.","Vui lòng kiểm tra ngày hết hạn trên giấy phép lái xe của bạn."
"30_Days_TOEIC","RL17","expire","hết hạn","verb","/ɪkˈspaɪər/","The subscription will expire at the end of this month.","Gói đăng ký sẽ hết hạn vào cuối tháng này."
"30_Days_TOEIC","RL17","expired","hết hạn","adj","/ɪkˈspaɪərd/","The product was returned because it was past the expired date.","Sản phẩm đã bị trả lại vì đã quá hạn sử dụng."
"30_Days_TOEIC","RL17","caution","sự cẩn trọng","noun","/ˈkɑː.ʃən/","Consumers should exercise caution when handling hazardous materials.","Người tiêu dùng nên cẩn trọng khi xử lý các vật liệu nguy hiểm."
"30_Days_TOEIC","RL17","cautious","thận trọng, cảnh giác","adj","/ˈkɑː.ʃəs/","She was cautious about investing in the new business venture.","Cô ấy rất thận trọng khi đầu tư vào dự án kinh doanh mới."
"30_Days_TOEIC","RL17","cautiously","một cách thận trọng","adverb","/ˈkɑː.ʃəs.li/","He cautiously inspected the equipment before starting work.","Anh ấy kiểm tra thiết bị một cách thận trọng trước khi bắt đầu làm việc."
"30_Days_TOEIC","RL17","effort","nỗ lực","noun","/ˈef.ɚt/","The team made a great effort to meet the project deadline.","Nhóm đã cố gắng rất nhiều để hoàn thành dự án đúng hạn."
"30_Days_TOEIC","RL17","endeavor","nỗ lực","noun","/ɛnˈdev.ɚ/","Their endeavor to develop new technology was successful.","Nỗ lực của họ trong việc phát triển công nghệ mới đã thành công."
"30_Days_TOEIC","RL17","direction","hướng đi hoặc chỉ dẫn","noun","/dəˈrek.ʃən/","Please follow the directions carefully to reach the conference room.","Vui lòng làm theo hướng dẫn cẩn thận để đến phòng hội nghị."
"30_Days_TOEIC","RL17","direct","chỉ đạo, hướng dẫn","verb","/dəˈrekt/","The manager directed the team to complete the report by Friday.","Người quản lý đã chỉ đạo nhóm hoàn thành báo cáo trước thứ Sáu."
"30_Days_TOEIC","RL17","replacement","sự thay thế","noun","/rɪˈpleɪs.mənt/","The replacement for the broken printer arrived yesterday.","Phần thay thế cho máy in bị hỏng đã đến hôm qua."
"30_Days_TOEIC","RL17","replace","thay thế","verb","/rɪˈpleɪs/","The technician replaced the faulty part with a new one.","Kỹ thuật viên đã thay thế bộ phận hỏng bằng bộ phận mới."
"30_Days_TOEIC","RL17","amenity","tiện nghi","noun","/əˈmen.ə.t̬i/","The apartment complex offers many amenities such as a gym and swimming pool.","Khu căn hộ cung cấp nhiều tiện nghi như phòng tập gym và hồ bơi."
"30_Days_TOEIC","RL17","acceptance","sự chấp nhận","noun","/əkˈsep.təns/","The signed contract is proof of acceptance of the offer.","Hợp đồng đã ký là bằng chứng của sự chấp nhận đề nghị."
"30_Days_TOEIC","RL17","accept","đồng ý hoặc nhận cái gì đó","verb","/əkˈsept/","Please accept our sincere apologies for the inconvenience caused.","Xin vui lòng nhận lời xin lỗi chân thành của chúng tôi vì sự bất tiện gây ra."
"30_Days_TOEIC","RL17","acceptable","được chấp nhận, phù hợp tiêu chuẩn","adj","/əkˈsep.tə.bəl/","The quality of the product was deemed acceptable by the inspector.","Chất lượng sản phẩm được kiểm định là đạt yêu cầu."
"30_Days_TOEIC","RL17","cuisine","ẩm thực","noun","/kwɪˈziːn/","The restaurant specializes in Italian cuisine with authentic recipes.","Nhà hàng chuyên về ẩm thực Ý với các công thức chính thống."
"30_Days_TOEIC","RL17","recovery","sự hồi phục","noun","/rɪˈkʌv.ɚ.i/","The patient made a full recovery after the operation.","Bệnh nhân đã hồi phục hoàn toàn sau ca phẫu thuật."
"30_Days_TOEIC","RL17","recover","hồi phục","verb","/rɪˈkʌv.ɚ/","He recovered quickly from the surgery.","Anh ấy hồi phục nhanh chóng sau ca phẫu thuật."
"30_Days_TOEIC","RL17","expenditure","chi tiêu","noun","/ɪkˈspen.dɪ.tʃɚ/","The company reduced its expenditures to improve profitability.","Công ty đã giảm chi tiêu để tăng lợi nhuận."
"30_Days_TOEIC","RL17","expend","tiêu hao, sử dụng cho mục đích nào đó","verb","/ɪkˈspend/","The company expended significant resources on research and development.","Công ty đã tiêu tốn nhiều nguồn lực cho nghiên cứu và phát triển."
"30_Days_TOEIC","RL17","expense","chi phí","noun","/ɪkˈspens/","Travel expenses will be reimbursed upon submission of receipts.","Chi phí đi lại sẽ được hoàn trả khi nộp hóa đơn."
"30_Days_TOEIC","RL17","conflict","xung đột, mâu thuẫn giữa các bên","noun","/ˈkɑːn.flɪkt/","There was a conflict between the two departments over budget allocation.","Đã có xung đột giữa hai phòng ban về việc phân bổ ngân sách."
"30_Days_TOEIC","RL17","conflict","gây mâu thuẫn, bất đồng","verb","/kənˈflɪkt/","His schedule conflicts with the team's planned activities.","Lịch trình của anh ấy trùng với các hoạt động dự kiến của nhóm."
"30_Days_TOEIC","RL17","ingredient","thành phần món ăn","noun","/ɪnˈɡriː.di.ənt/","The recipe calls for fresh ingredients to ensure the best flavor.","Công thức yêu cầu các thành phần tươi để đảm bảo hương vị ngon nhất."
"30_Days_TOEIC","RL17","security","an ninh","noun","/sɪˈkjʊr.ə.t̬i/","Brinker Automotive installed advanced security cameras in their parking lot.","Brinker Automotive đã lắp đặt camera an ninh hiện đại tại bãi đỗ xe."
"30_Days_TOEIC","RL17","secure","bảo vệ hoặc làm cho an toàn khỏi nguy hiểm hoặc mất mát","verb","/sɪˈkjʊr/","They secured the premises with new locks and alarms.","Họ đã bảo vệ khu vực với khóa và báo động mới."
"30_Days_TOEIC","RL17","securely","một cách an toàn","adverb","/sɪˈkjʊr.li/","The documents were securely locked in a safe.","Các tài liệu được khóa an toàn trong két sắt."
"30_Days_TOEIC","RL17","regulation","quy định","noun","/ˌreɡ.jəˈleɪ.ʃən/","The company must comply with all local building regulations.","Công ty phải tuân thủ tất cả các quy định xây dựng địa phương."
"30_Days_TOEIC","RL17","regulate","điều chỉnh, kiểm soát theo quy tắc","verb","/ˈreɡ.jə.leɪt/","The agency regulates emissions to reduce air pollution.","Cơ quan này điều chỉnh lượng khí thải để giảm ô nhiễm không khí."
"30_Days_TOEIC","RL17","preservation","sự bảo tồn","noun","/ˌprez.ɚˈveɪ.ʃən/","The city has implemented new policies for the preservation of historic landmarks.","Thành phố đã thực hiện các chính sách mới để bảo tồn các di tích lịch sử."
"30_Days_TOEIC","RL17","preserve","bảo tồn","verb","/prɪˈzɜːrv/","They work to preserve the natural beauty of the national park.","Họ làm việc để bảo tồn vẻ đẹp tự nhiên của công viên quốc gia."
"30_Days_TOEIC","RL17","departure","sự khởi hành","noun","/dɪˈpɑːr.tʃɚ/","The flight's departure was delayed due to bad weather.","Chuyến bay bị hoãn khởi hành do thời tiết xấu."
"30_Days_TOEIC","RL17","depart","rời đi, khởi hành","verb","/dɪˈpɑːrt/","The bus departs every hour on the hour from the central station.","Xe buýt khởi hành mỗi giờ một chuyến từ nhà ga trung tâm."
"30_Days_TOEIC","RL17","lapse","sự sai sót hoặc gián đoạn tạm thời","noun","/læps/","A lapse in concentration caused the team to miss an important detail.","Sự mất tập trung đã khiến nhóm bỏ sót một chi tiết quan trọng."
"30_Days_TOEIC","RL17","lapse","hết hiệu lực","verb","/læps/","The warranty will lapse if the product is not registered within 30 days.","Bảo hành sẽ hết hạn nếu sản phẩm không được đăng ký trong vòng 30 ngày."
"30_Days_TOEIC","RL17","proximity","sự gần kề","noun","/prɑːkˈsɪm.ə.ti/","The hotel's proximity to the airport makes it convenient for travelers.","Vị trí gần sân bay của khách sạn làm cho nó tiện lợi cho khách du lịch."
"30_Days_TOEIC","RL17","morale","tinh thần làm việc","noun","/məˈræl/","The manager's support greatly improved employee morale during the busy season.","Sự hỗ trợ của quản lý đã cải thiện tinh thần nhân viên trong mùa cao điểm."
"30_Days_TOEIC","RL17","specification","thông số kỹ thuật","noun","/ˌspes.ə.fəˈkeɪ.ʃən/","Please refer to the product specifications before installation.","Vui lòng tham khảo các thông số kỹ thuật sản phẩm trước khi lắp đặt."
"30_Days_TOEIC","RL17","specify","chỉ rõ, mô tả chi tiết","verb","/ˈspes.ɪ.faɪ/","The contract specifies the payment terms and deadlines.","Hợp đồng chỉ rõ các điều khoản thanh toán và hạn chót."
"30_Days_TOEIC","RL17","specific","cụ thể, rõ ràng","adj","/spəˈsɪf.ɪk/","Please provide specific examples to support your argument.","Vui lòng đưa ra các ví dụ cụ thể để hỗ trợ lập luận của bạn."
"30_Days_TOEIC","RL17","acquisition","sự mua lại hoặc tiếp nhận","noun","/ˌæk.wəˈzɪʃ.ən/","The acquisition of the new software improved company efficiency.","Việc mua lại phần mềm mới đã cải thiện hiệu quả công ty."
"30_Days_TOEIC","RL17","acquire","đạt được, thu được","verb","/əˈkwaɪər/","She acquired a valuable collection of art over the years.","Cô ấy đã tích lũy được bộ sưu tập nghệ thuật quý giá trong nhiều năm."
"30_Days_TOEIC","RL17","dealership","đại lý bán hàng","noun","/ˈdiː.lɚ.ʃɪp/","The dealership offers a wide selection of new and used cars.","Đại lý cung cấp nhiều lựa chọn xe mới và đã qua sử dụng."
"30_Days_TOEIC","RL17","deal","thỏa thuận kinh doanh","noun","/diːl/","They made a deal to sell the property for a higher price.","Họ đã đạt được thỏa thuận bán tài sản với giá cao hơn."
"30_Days_TOEIC","RL17","dealer","người bán hàng","noun","/ˈdiː.lɚ/","The car dealer showed us several models within our budget.","Người bán xe đã giới thiệu cho chúng tôi vài mẫu xe trong ngân sách."
"30_Days_TOEIC","RL17","alliance","liên minh hợp tác để đạt mục tiêu chung","noun","/əˈlaɪ.əns/","The alliance between the two companies strengthened their market position.","Liên minh giữa hai công ty đã củng cố vị thế thị trường của họ."
"30_Days_TOEIC","RL17","ally","đồng minh","noun","/ˈæl.aɪ/","The country became an ally during the peace negotiations.","Quốc gia này trở thành đồng minh trong các cuộc đàm phán hòa bình."
"30_Days_TOEIC","RL17","courier","người chuyển phát nhanh","noun","/ˈkʊr.i.ɚ/","The courier delivered the documents within 24 hours.","Người chuyển phát đã giao tài liệu trong vòng 24 giờ."
"30_Days_TOEIC","RL17","contingency","kế hoạch dự phòng","noun","/kənˈtɪn.dʒən.si/","The team developed contingency plans to address possible project delays.","Nhóm đã xây dựng kế hoạch dự phòng để ứng phó với các khả năng trì hoãn dự án."
"30_Days_TOEIC","RL17","prosperity","sự thịnh vượng","noun","/prɑːˈsper.ə.ti/","The government aims to promote prosperity through sustainable development.","Chính phủ nhằm thúc đẩy sự thịnh vượng thông qua phát triển bền vững."
"30_Days_TOEIC","RL17","prosper","thịnh vượng","verb","/prɑːˈspɚ/","The small business prospered despite a tough market.","Doanh nghiệp nhỏ đã phát triển thịnh vượng mặc dù thị trường khó khăn."
"30_Days_TOEIC","RL17","recipient","người nhận","noun","/rɪˈsɪp.i.ənt/","The scholarship recipient was honored at the awards ceremony.","Người nhận học bổng đã được vinh danh tại buổi lễ trao giải."
"30_Days_TOEIC","RL17","receipt","biên nhận","noun","/rɪˈsiːt/","Please keep your receipt for any returns or exchanges.","Vui lòng giữ biên nhận của bạn để đổi trả hàng."
"30_Days_TOEIC","RL17","receiver","người nhận hoặc thiết bị nhận tín hiệu","noun","/rɪˈsiː.vɚ/","The receiver collected the package from the delivery service.","Người nhận đã lấy gói hàng từ dịch vụ giao hàng."
"30_Days_TOEIC","RL17","prospect","triển vọng","noun","/ˈprɑː.spekt/","The company is optimistic about the prospect of expanding into new markets.","Công ty lạc quan về viễn cảnh mở rộng thị trường mới."
"30_Days_TOEIC","RL17","prospective","tiềm năng","adj","/prəˈspek.tɪv/","We held interviews with several prospective candidates last week.","Chúng tôi đã phỏng vấn một số ứng viên tiềm năng vào tuần trước."
"30_Days_TOEIC","RL17","array","một dãy hoặc nhóm lớn được sắp xếp có tổ chức","noun","/əˈreɪ/","The store offers an array of products to suit every customer’s needs.","Cửa hàng cung cấp một dãy sản phẩm đa dạng để phù hợp với nhu cầu của mọi khách hàng."
"30_Days_TOEIC","RL17","recession","suy thoái kinh tế","noun","/rɪˈseʃ.ən/","The value of the national currency fell sharply during the recession.","Giá trị đồng tiền quốc gia giảm mạnh trong thời kỳ suy thoái."
"30_Days_TOEIC","RL17","depression","khủng hoảng kinh tế nghiêm trọng","noun","/dɪˈpreʃ.ən/","",""
"30_Days_TOEIC","RL17","downturn","suy thoái kinh tế","noun","/ˈdaʊn.tɜːrn/","",""
"30_Days_TOEIC","RL17","boom","thời kỳ bùng nổ kinh tế","noun","/buːm/","",""
"30_Days_TOEIC","RL17","slowdown","sự chậm lại","noun","/ˈsloʊ.daʊn/","",""
"30_Days_TOEIC","RL17","stagnation","sự trì trệ","noun","/stæɡˈneɪ.ʃən/","",""
"30_Days_TOEIC","RL17","inflation","tình trạng tăng giá làm giảm sức mua","noun","/ɪnˈfleɪ.ʃən/","",""
"30_Days_TOEIC","RL17","growth","sự phát triển hoặc tăng trưởng","noun","/ɡroʊθ/","",""
"30_Days_TOEIC","RL17","growth rate","tốc độ tăng trưởng","noun","/ɡroʊθ reɪt/","",""
"30_Days_TOEIC","RL17","ratio","tỷ lệ","noun","/ˈreɪ.ʃi.oʊ/","",""
"30_Days_TOEIC","RL17","indicator","chỉ số hoặc dấu hiệu tình trạng, xu hướng","noun","/ˈɪn.dɪ.keɪ.tər/","",""
"30_Days_TOEIC","RL17","volatility","tính biến động","noun","/ˌvɑː.ləˈtɪl.ə.ti/","",""
"30_Days_TOEIC","RL17","brisk","nhanh nhẹn, sôi động","adj","/brɪsk/","",""
"30_Days_TOEIC","RL17","sluggish","chậm chạp, uể oải","adj","/ˈslʌɡ.ɪʃ/","",""
"30_Days_TOEIC","RL17","fluctuation","sự biến động không ổn định","noun","/ˌflʌk.tʃuˈeɪ.ʃən/","",""
"30_Days_TOEIC","RL17","surge","sự tăng vọt","noun","/sɜːrdʒ/","",""
"30_Days_TOEIC","RL17","skyrocket","tăng vọt","verb","/ˈskaɪˌrɑː.kɪt/","",""
"30_Days_TOEIC","RL17","fall/drop","giảm xuống hoặc rơi","verb","/fɔːl/, /drɑːp/","",""
"30_Days_TOEIC","RL17","dwindle","giảm dần","verb","/ˈdwɪn.dəl/","",""
"30_Days_TOEIC","RL17","deteriorate","xấu đi","verb","/dɪˈtɪr.i.ə.reɪt/","",""
"30_Days_TOEIC","RL17","flourish/thrive","phát triển mạnh mẽ","verb","/ˈflɝː.ɪʃ/, /θraɪv/","",""
"30_Days_TOEIC","RL17","subordinate","cấp dưới","noun","/səˈbɔːr.dɪ.nət/","Managers should maintain effective working relationships with their subordinates.","Các quản lý nên duy trì mối quan hệ làm việc hiệu quả với cấp dưới của họ."
"30_Days_TOEIC","RL17","subordinate","thuộc cấp","adj","/səˈbɔːr.dɪ.nət/","Subordinate tasks must be completed before the main project can proceed.","Các nhiệm vụ phụ thuộc phải hoàn thành trước khi dự án chính có thể tiếp tục."
"30_Days_TOEIC","RL18","requirement","yêu cầu cần thiết","noun","/rɪˈkwaɪər.mənt/","The job listing includes specific requirements for experience and education.","Bản mô tả công việc bao gồm các yêu cầu cụ thể về kinh nghiệm và học vấn."
"30_Days_TOEIC","RL18","require","cần hoặc đòi hỏi điều gì đó","verb","/rɪˈkwaɪər/","The position requires excellent communication skills.","Vị trí này đòi hỏi kỹ năng giao tiếp xuất sắc."
"30_Days_TOEIC","RL18","shortage","tình trạng thiếu hụt","noun","/ˈʃɔːr.tɪdʒ/","The company is facing a shortage of skilled workers.","Công ty đang đối mặt với tình trạng thiếu hụt lao động có kỹ năng."
"30_Days_TOEIC","RL18","shorten","làm ngắn lại","verb","/ˈʃɔːr.tən/","We shortened the meeting to fit into the tight schedule.","Chúng tôi đã rút ngắn cuộc họp để phù hợp với lịch trình chặt chẽ."
"30_Days_TOEIC","RL18","short","ngắn","adj","/ʃɔːrt/","We had a short break before the next session started.","Chúng tôi có một khoảng nghỉ ngắn trước khi phiên họp tiếp theo bắt đầu."
"30_Days_TOEIC","RL18","shortly","sớm thôi","adverb","/ˈʃɔːrt.li/","The manager will arrive shortly to begin the presentation.","Quản lý sẽ đến ngay để bắt đầu bài thuyết trình."
"30_Days_TOEIC","RL18","preparation","sự chuẩn bị","noun","/ˌprep.əˈreɪ.ʃən/","The team spent several weeks in preparation for the product launch.","Nhóm đã dành vài tuần để chuẩn bị cho việc ra mắt sản phẩm."
"30_Days_TOEIC","RL18","prepare","chuẩn bị","verb","/prɪˈper/","She prepared the presentation materials ahead of the meeting.","Cô ấy đã chuẩn bị tài liệu thuyết trình trước cuộc họp."
"30_Days_TOEIC","RL18","malfunction","sự cố hỏng hóc","noun","/ˌmælˈfʌŋk.ʃən/","The malfunction caused the machine to stop working unexpectedly.","Sự cố khiến máy móc ngừng hoạt động bất ngờ."
"30_Days_TOEIC","RL18","malfunctioning","bị hỏng, không hoạt động đúng","adj","/ˌmælˈfʌŋk.ʃən.ɪŋ/","The malfunctioning equipment was replaced immediately.","Thiết bị bị hỏng đã được thay thế ngay lập tức."
"30_Days_TOEIC","RL18","approval","sự chấp thuận","noun","/əˈpruː.vəl/","The project cannot start until it receives approval from management.","Dự án không thể bắt đầu cho đến khi nhận được sự chấp thuận từ ban quản lý."
"30_Days_TOEIC","RL18","approve","chấp thuận","verb","/əˈpruːv/","The board approved the budget for the upcoming fiscal year.","Hội đồng đã phê duyệt ngân sách cho năm tài chính tới."
"30_Days_TOEIC","RL18","distribution","sự phân phối hàng hóa hoặc dịch vụ","noun","/ˌdɪs.trəˈbjuː.ʃən/","The company improved its distribution network to reach more customers.","Công ty đã cải thiện mạng lưới phân phối để tiếp cận nhiều khách hàng hơn."
"30_Days_TOEIC","RL18","distribute","phân phát","verb","/dɪˈstrɪb.juːt/","The organization distributes food supplies to communities in need.","Tổ chức phân phát lương thực cho các cộng đồng cần giúp đỡ."
"30_Days_TOEIC","RL18","distributor","nhà phân phối","noun","/dɪˈstrɪb.jə.t̬ɚ/","The distributor handles deliveries to local retailers.","Nhà phân phối đảm nhận việc giao hàng cho các cửa hàng bán lẻ địa phương."
"30_Days_TOEIC","RL18","arrangement","sự sắp xếp","noun","/əˈreɪndʒ.mənt/","We confirmed the arrangements for the conference next month.","Chúng tôi đã xác nhận các sắp xếp cho hội nghị tháng tới."
"30_Days_TOEIC","RL18","arrange","sắp xếp, tổ chức kế hoạch hoặc chi tiết","verb","/əˈreɪndʒ/","The assistant arranged meetings with all key stakeholders.","Trợ lý đã sắp xếp các cuộc họp với tất cả các bên liên quan chính."
"30_Days_TOEIC","RL18","instruction","hướng dẫn","noun","/ɪnˈstrʌk.ʃən/","Operating instructions are posted above the printer.","Hướng dẫn vận hành được dán phía trên máy in."
"30_Days_TOEIC","RL18","instruct","hướng dẫn","verb","/ɪnˈstrʌkt/","The trainer instructed the staff on new safety protocols.","Huấn luyện viên đã hướng dẫn nhân viên về các quy trình an toàn mới."
"30_Days_TOEIC","RL18","instructor","giáo viên hoặc người hướng dẫn","noun","/ɪnˈstrʌk.tɚ/","We are seeking an experienced French language instructor to lead our French department.","Chúng tôi đang tìm một giảng viên tiếng Pháp giàu kinh nghiệm để lãnh đạo bộ phận tiếng Pháp."
"30_Days_TOEIC","RL18","instructional","liên quan đến giảng dạy hoặc hướng dẫn","adj","/ɪnˈstrʌk.ʃən.əl/","The company offers instructional videos for new software users.","Công ty cung cấp các video hướng dẫn cho người dùng phần mềm mới."
"30_Days_TOEIC","RL18","manual","sách hướng dẫn","noun","/ˈmæn.ju.əl/","The user manual includes step-by-step instructions.","Sách hướng dẫn sử dụng bao gồm các bước từng bước."
"30_Days_TOEIC","RL18","addition","sự bổ sung","noun","/əˈdɪʃ.ən/","Roger Ramirez was the latest addition to the company’s staff.","Roger Ramirez là sự bổ sung mới nhất cho đội ngũ nhân viên công ty."
"30_Days_TOEIC","RL18","competitor","đối thủ cạnh tranh","noun","/kəmˈpet̬.ə.t̬ɚ/","Mr. Jappa started his career at one of our international competitors.","Ông Jappa bắt đầu sự nghiệp tại một trong những đối thủ quốc tế của chúng tôi."
"30_Days_TOEIC","RL18","compete","cạnh tranh","verb","/kəmˈpiːt/","Small businesses compete with larger companies by offering personalized services.","Các doanh nghiệp nhỏ cạnh tranh với các công ty lớn bằng cách cung cấp dịch vụ cá nhân hóa."
"30_Days_TOEIC","RL18","competitiveness","khả năng cạnh tranh","noun","/kəmˈpɛt̬.ə.tɪv.nəs/","Improving competitiveness is key to business success.","Nâng cao khả năng cạnh tranh là yếu tố then chốt cho thành công doanh nghiệp."
"30_Days_TOEIC","RL18","demand","nhu cầu","noun","/dɪˈmænd/","Due to the hot weather, Johnson brand electric fans are in high demand.","Do thời tiết nóng, quạt điện hiệu Johnson đang rất được ưa chuộng."
"30_Days_TOEIC","RL18","demanding","đòi hỏi cao","adj","/dɪˈmæn.dɪŋ/","The job is demanding and requires long hours.","Công việc đòi hỏi cao và cần làm việc nhiều giờ."
"30_Days_TOEIC","RL18","practice","thực hành","noun","/ˈpræk.tɪs/","All laboratory personnel must complete a course in safety practices.","Tất cả nhân viên phòng thí nghiệm phải hoàn thành khóa học về các biện pháp an toàn."
"30_Days_TOEIC","RL18","practice","thực hành, luyện tập","verb","/ˈpræk.tɪs/","She practices law at a well-known firm downtown.","Cô ấy hành nghề luật tại một công ty nổi tiếng ở trung tâm thành phố."
"30_Days_TOEIC","RL18","exposure","sự tiếp xúc hoặc phơi bày trong môi trường nào đó","noun","/ɪkˈspoʊ.ʒɚ/","The mayoral candidates are competing for television exposure.","Các ứng viên thị trưởng đang cạnh tranh để được tiếp xúc trên truyền hình."
"30_Days_TOEIC","RL18","expose","phơi bày, tiết lộ điều gì đó","verb","/ɪkˈspoʊz/","The report exposed serious safety violations at the factory.","Báo cáo đã phơi bày những vi phạm an toàn nghiêm trọng tại nhà máy."
"30_Days_TOEIC","RL18","stability","sự ổn định","noun","/stəˈbɪl.ə.ti/","Experts remain optimistic about the continuing stability of East Tech’s stock.","Các chuyên gia vẫn lạc quan về sự ổn định tiếp tục của cổ phiếu East Tech."
"30_Days_TOEIC","RL18","stable","ổn định","adj","/ˈsteɪ.bəl/","The economy showed stable growth throughout the year.","Nền kinh tế cho thấy sự tăng trưởng ổn định trong suốt năm."
"30_Days_TOEIC","RL18","stabilize","làm cho ổn định","verb","/ˈsteɪ.bəl.aɪz/","The government took measures to stabilize the currency.","Chính phủ đã thực hiện các biện pháp để ổn định đồng tiền."
"30_Days_TOEIC","RL18","efficiency","hiệu quả làm việc","noun","/ɪˈfɪʃ.ən.si/","The time-management seminar was designed to improve efficiency.","Buổi hội thảo quản lý thời gian được thiết kế để cải thiện hiệu quả công việc."
"30_Days_TOEIC","RL18","efficient","hiệu quả","adj","/ɪˈfɪʃ.ənt/","The factory installed efficient machines to boost production.","Nhà máy đã lắp đặt máy móc hiệu quả để tăng sản lượng."
"30_Days_TOEIC","RL18","efficiently","một cách hiệu quả","adverb","/ɪˈfɪʃ.ənt.li/","Tasks were completed efficiently, saving both time and money.","Các nhiệm vụ được hoàn thành hiệu quả, tiết kiệm thời gian và tiền bạc."
"30_Days_TOEIC","RL18","inefficiency","sự không hiệu quả","noun","/ɪnˌɪfɪˈʃɛnsi/","The company addressed inefficiency issues in its supply chain.","Công ty đã giải quyết các vấn đề không hiệu quả trong chuỗi cung ứng."
"30_Days_TOEIC","RL18","commitment","sự cam kết, trách nhiệm với mục tiêu","noun","/kəˈmɪt.mənt/","We would like to thank our employees for their commitment to excellence.","Chúng tôi muốn cảm ơn nhân viên vì sự cam kết với sự xuất sắc."
"30_Days_TOEIC","RL18","commit","cam kết làm điều gì đó","verb","/kəˈmɪt/","The company committed to reducing its carbon footprint by 2030.","Công ty cam kết giảm lượng khí thải carbon vào năm 2030."
"30_Days_TOEIC","RL18","committed","tận tâm, cam kết với mục tiêu","adj","/kəˈmɪt.ɪd/","He is a committed employee who always meets deadlines.","Anh ấy là nhân viên tận tâm luôn hoàn thành đúng hạn."
"30_Days_TOEIC","RL18","incentive","động lực khuyến khích hành động","noun","/ɪnˈsen.tɪv/","The marketing department has announced a new incentive program.","Bộ phận tiếp thị đã công bố chương trình khuyến khích mới."
"30_Days_TOEIC","RL18","contract","hợp đồng","noun","/ˈkɑːn.trækt/","All contracts must be reviewed by the legal department.","Tất cả các hợp đồng phải được phòng pháp lý xem xét."
"30_Days_TOEIC","RL18","contractor","nhà thầu","noun","/ˈkɑːn.træk.tɚ/","The contractor completed the building renovation on time.","Nhà thầu đã hoàn thành việc cải tạo tòa nhà đúng hạn."
"30_Days_TOEIC","RL18","contraction","sự co lại, rút ngắn","noun","/kənˈtræk.ʃən/","The economy experienced a contraction during the last quarter.","Nền kinh tế đã trải qua sự co lại trong quý trước."
"30_Days_TOEIC","RL18","absence","sự vắng mặt","noun","/ˈæb.səns/","In Ms. Park’s absence, all inquiries concerning the project should be directed to her assistant.","Trong thời gian cô Park vắng mặt, mọi thắc mắc về dự án nên được chuyển đến trợ lý của cô ấy."
"30_Days_TOEIC","RL18","absent","vắng mặt","adj","/ˈæb.sənt/","She was absent from work yesterday due to a family emergency.","Cô ấy đã vắng mặt tại nơi làm việc hôm qua do có việc gia đình khẩn cấp."
"30_Days_TOEIC","RL18","confirmation","sự xác nhận","noun","/ˌkɑːn.fɚˈmeɪ.ʃən/","We request a copy of the document for confirmation.","Chúng tôi yêu cầu một bản sao tài liệu để xác nhận."
"30_Days_TOEIC","RL18","confirm","xác nhận","verb","/kənˈfɝːm/","The hotel confirmed the reservation for next week.","Khách sạn đã xác nhận đặt phòng cho tuần tới."
"30_Days_TOEIC","RL18","admission","sự cho phép vào","noun","/ədˈmɪʃ.ən/","Admission to the event is limited to 100 participants.","Số người được phép vào sự kiện bị giới hạn ở 100 người."
"30_Days_TOEIC","RL18","admit","cho phép vào","verb","/ədˈmɪt/","The theater admits only ticket holders.","Rạp chỉ cho phép những người có vé vào."
"30_Days_TOEIC","RL18","area","khu vực","noun","/ˈer.i.ə/","The rail line will run through a residential area.","Tuyến đường sắt sẽ chạy qua một khu dân cư."
"30_Days_TOEIC","RL18","confidence","sự tự tin, niềm tin vào khả năng hoặc tính cách","noun","/ˈkɑːn.fɪ.dəns/","I have full confidence in you, as Head Chef, to finalize the menu selections.","Tôi hoàn toàn tin tưởng bạn, với vai trò Bếp trưởng, để hoàn tất việc lựa chọn thực đơn."
"30_Days_TOEIC","RL18","confident","tự tin","adj","/ˈkɑːn.fɪ.dənt/","He is confident that the product launch will be successful.","Anh ấy tự tin rằng việc ra mắt sản phẩm sẽ thành công."
"30_Days_TOEIC","RL18","fine","tiền phạt","noun","/faɪn/","Drivers who park their vehicles in these zones are subject to fines.","Tài xế đậu xe trong các khu vực này sẽ bị phạt tiền."
"30_Days_TOEIC","RL18","fine","tinh tế, chất lượng cao","adj","/faɪn/","Chereau Chocolaterie is a renowned manufacturer of fine chocolates.","Chereau Chocolaterie là nhà sản xuất nổi tiếng về các loại sô cô la tinh tế."
"30_Days_TOEIC","RL18","finely","một cách tinh tế","adverb","/ˈfaɪn.li/","The ingredients were finely chopped before cooking.","Các nguyên liệu được thái nhỏ tinh tế trước khi nấu."
"30_Days_TOEIC","RL18","penalty","hình phạt hoặc tiền phạt khi vi phạm luật","noun","/ˈpen.əl.ti/","The company faced penalties for violating environmental laws.","Công ty phải chịu hình phạt vì vi phạm luật môi trường."
"30_Days_TOEIC","RL18","damage","thiệt hại","noun","/ˈdæm.ɪdʒ/","In case of obvious damage to the merchandise, contact us immediately.","Trong trường hợp hàng hóa bị hư hỏng rõ ràng, vui lòng liên hệ với chúng tôi ngay lập tức."
"30_Days_TOEIC","RL18","damaged","bị hư hỏng","adj","/ˈdæm.ɪdʒd/","The shipment included several damaged items that needed replacement.","Lô hàng có một số món bị hư hỏng cần được thay thế."
"30_Days_TOEIC","RL18","strategy","chiến lược","noun","/ˈstræt.ə.dʒi/","The project has been successful because of its innovative marketing strategies.","Dự án đã thành công nhờ các chiến lược tiếp thị sáng tạo."
"30_Days_TOEIC","RL18","strategic","thuộc về chiến lược","adj","/strəˈtiː.dʒɪk/","They took strategic actions to improve their competitive advantage.","Họ đã thực hiện các hành động chiến lược để cải thiện lợi thế cạnh tranh."
"30_Days_TOEIC","RL18","strategically","một cách có chiến lược","adverb","/strəˈtiː.dʒɪ.kli/","The company strategically expanded its operations overseas.","Công ty đã mở rộng hoạt động ra nước ngoài một cách có chiến lược."
"30_Days_TOEIC","RL18","overview","bản tổng quan","noun","/ˈoʊ.vɚ.vjuː/","The manual provides a brief overview of the software package.","Sách hướng dẫn cung cấp một bản tổng quan ngắn gọn về phần mềm."
"30_Days_TOEIC","RL18","method","phương pháp","noun","/ˈmeθ.əd/","Our new method of producing rubber is being tested in the lab.","Phương pháp mới của chúng tôi để sản xuất cao su đang được thử nghiệm trong phòng thí nghiệm."
"30_Days_TOEIC","RL18","industry","ngành công nghiệp","noun","/ˈɪn.də.stri/","Warehousing has become an important industry in the region.","Ngành kho bãi đã trở thành một ngành công nghiệp quan trọng trong khu vực."
"30_Days_TOEIC","RL18","industrial","thuộc công nghiệp","adj","/ɪnˈdʌs.tri.əl/","The city has a large industrial park for manufacturing companies.","Thành phố có một khu công nghiệp lớn dành cho các công ty sản xuất."
"30_Days_TOEIC","RL18","consideration","sự xem xét cẩn thận","noun","/kənˌsɪd.əˈreɪ.ʃən/","The park’s renovation has been under consideration for two years.","Việc cải tạo công viên đã được xem xét trong hai năm."
"30_Days_TOEIC","RL18","consider","xem xét, suy nghĩ kỹ trước khi quyết định","verb","/kənˈsɪd.ɚ/","The manager will consider the suggested changes before making a decision.","Quản lý sẽ xem xét các thay đổi được đề xuất trước khi đưa ra quyết định."
"30_Days_TOEIC","RL18","term","điều khoản","noun","/tɝːm/","Megali Co. and Uggman Ltd. have agreed on the terms of their merger.","Công ty Megali và Uggman Ltd. đã thống nhất các điều khoản của vụ sáp nhập."
"30_Days_TOEIC","RL18","term","khoảng thời gian hoặc giai đoạn","noun","/tɝːm/","The company hires interns for short-term positions.","Công ty tuyển thực tập sinh cho các vị trí ngắn hạn."
"30_Days_TOEIC","RL18","term","thuật ngữ","noun","/tɝːm/","‘Bandwidth’ is a common technical term in networking.","‘Băng thông’ là một thuật ngữ kỹ thuật phổ biến trong mạng máy tính."
"30_Days_TOEIC","RL18","term","xét về mặt","preposition","/tɝːm/","In terms of customer satisfaction, our service ranks very high.","Xét về mức độ hài lòng của khách hàng, dịch vụ của chúng tôi được xếp hạng rất cao."
"30_Days_TOEIC","RL18","distance","khoảng cách","noun","/ˈdɪs.təns/","The corporate apartments are located within walking distance of the offices.","Căn hộ công ty nằm trong khoảng cách đi bộ tới văn phòng."
"30_Days_TOEIC","RL18","distant","xa xôi","adj","/ˈdɪs.tənt/","We could hear the distant sound of traffic even late at night.","Chúng tôi có thể nghe thấy âm thanh xe cộ từ xa ngay cả vào đêm khuya."
"30_Days_TOEIC","RL18","compliance","sự tuân thủ quy định","noun","/kəmˈplaɪ.əns/","Our facility is in compliance with all laws and regulations.","Cơ sở của chúng tôi tuân thủ đầy đủ mọi luật lệ và quy định."
"30_Days_TOEIC","RL18","comply","tuân thủ","verb","/kəmˈplaɪ/","All staff must comply with the company's safety policies.","Tất cả nhân viên phải tuân thủ các chính sách an toàn của công ty."
"30_Days_TOEIC","RL18","compliant","tuân thủ quy định","adj","/kəmˈplaɪ.ənt/","The new software is fully compliant with data protection laws.","Phần mềm mới hoàn toàn tuân thủ luật bảo vệ dữ liệu."
"30_Days_TOEIC","RL18","objective","mục tiêu cụ thể","noun","/əbˈdʒek.tɪv/","Employees are asked to review their work objectives with a supervisor.","Nhân viên được yêu cầu rà soát mục tiêu công việc với người giám sát."
"30_Days_TOEIC","RL18","objective","khách quan","adj","/əbˈdʒek.tɪv/","We need an objective evaluation of the new policy.","Chúng tôi cần một đánh giá khách quan về chính sách mới."
"30_Days_TOEIC","RL18","purpose","mục đích","noun","/ˈpɝː.pəs/","The main purpose of the meeting is to finalize the proposal.","Mục đích chính của cuộc họp là hoàn tất bản đề xuất."
"30_Days_TOEIC","RL18","alternative","phương án thay thế","noun","/ɑːlˈtɝː.nə.t̬ɪv/","We need to find an alternative to the current supplier.","Chúng ta cần tìm phương án thay thế cho nhà cung cấp hiện tại."
"30_Days_TOEIC","RL18","representative","người đại diện","noun","/ˌrep.rɪˈzen.tə.t̬ɪv/","A sales representative will contact you shortly.","Một nhân viên kinh doanh sẽ liên hệ với bạn sớm."
"30_Days_TOEIC","RL18","attraction","điểm thu hút","noun","/əˈtræk.ʃən/","We can customize tours by length and type of attractions.","Chúng tôi có thể điều chỉnh tour theo thời lượng và loại điểm tham quan."
"30_Days_TOEIC","RL18","attract","thu hút","verb","/əˈtrækt/","The new product design aims to attract younger customers.","Thiết kế sản phẩm mới nhằm thu hút khách hàng trẻ tuổi."
"30_Days_TOEIC","RL18","attractive","hấp dẫn, thu hút","adj","/əˈtræk.tɪv/","The package offers an attractive discount for early bookings.","Gói này cung cấp ưu đãi hấp dẫn cho các lượt đặt sớm."
"30_Days_TOEIC","RL18","assumption","giả định","noun","/əˈsʌmp.ʃən/","This forecast relies on the assumption that firms will be minimizing costs.","Dự báo này dựa trên giả định rằng các công ty sẽ giảm thiểu chi phí."
"30_Days_TOEIC","RL18","measure","biện pháp","noun","/ˈmeʒ.ɚ/","New security measures will be applied in this building as of June 15.","Các biện pháp an ninh mới sẽ được áp dụng trong tòa nhà này từ ngày 15 tháng 6."
"30_Days_TOEIC","RL18","measure","đo lường kích thước hoặc số lượng","verb","/ˈmeʒ.ɚ/","Before selecting a Dagle steel door, measure the door opening carefully.","Trước khi chọn cửa thép Dagle, hãy đo cẩn thận khoảng mở cửa."
"30_Days_TOEIC","RL18","measurement","đo lường","noun","/ˈmeʒ.ɚ.mənt/","Accurate measurement is essential when installing new equipment.","Việc đo lường chính xác là điều thiết yếu khi lắp đặt thiết bị mới."
"30_Days_TOEIC","RL18","degree","bằng cấp đại học","noun","/dɪˈɡriː/","Priority will be given to those with degrees in accounting.","Ưu tiên sẽ được dành cho những người có bằng kế toán."
"30_Days_TOEIC","RL18","degree","mức độ","noun","/dɪˈɡriː/","The role requires a high degree of professionalism.","Vai trò này đòi hỏi mức độ chuyên nghiệp cao."
"30_Days_TOEIC","RL18","code","mã số nhận dạng","noun","/koʊd/","Just mention reference code ES005 when ordering.","Chỉ cần nêu mã tham chiếu ES005 khi đặt hàng."
"30_Days_TOEIC","RL18","code","quy định hoặc nguyên tắc của tổ chức","noun","/koʊd/","All employees must follow the company dress code.","Tất cả nhân viên phải tuân theo quy định trang phục của công ty."
"30_Days_TOEIC","RL18","coverage","phạm vi bảo hiểm hoặc đưa tin","noun","/ˈkʌv.ɚ.ɪdʒ/","Appliances used commercially are not eligible for coverage.","Thiết bị được sử dụng trong thương mại không đủ điều kiện được bảo hiểm."
"30_Days_TOEIC","RL18","cover","bao gồm hoặc bảo vệ, che phủ","verb","/ˈkʌv.ɚ/","This warranty does not cover accidental damage.","Bảo hành này không bao gồm hư hỏng do tai nạn."
"30_Days_TOEIC","RL18","adversity","nghịch cảnh","noun","/ədˈvɝː.sə.t̬i/","The motivational speaker will discuss ways to overcome adversity.","Diễn giả truyền cảm hứng sẽ chia sẻ cách vượt qua nghịch cảnh."
"30_Days_TOEIC","RL18","adverse","bất lợi, có hại","adj","/ˈæd.vɝːs/","The product launch was delayed due to adverse weather conditions.","Việc ra mắt sản phẩm bị trì hoãn do điều kiện thời tiết bất lợi."
"30_Days_TOEIC","RL18","nomination","sự đề cử","noun","/ˌnɑː.məˈneɪ.ʃən/","Nominations for the vacant seat on the board must be submitted by Friday.","Các đề cử cho vị trí trống trong hội đồng quản trị phải được nộp trước thứ Sáu."
"30_Days_TOEIC","RL18","nominee","người được đề cử","noun","/ˌnɑː.məˈniː/","Each nominee will be interviewed by the selection panel.","Mỗi ứng viên được đề cử sẽ được phỏng vấn bởi hội đồng tuyển chọn."
"30_Days_TOEIC","RL18","appointment","sự bổ nhiệm vào vị trí chính thức","noun","/əˈpɔɪnt.mənt/","Her appointment as chief operating officer will take effect next month.","Việc bổ nhiệm cô ấy làm giám đốc điều hành sẽ có hiệu lực vào tháng tới."
"30_Days_TOEIC","RL18","deliberation","sự cân nhắc kỹ lưỡng trước khi quyết định","noun","/dɪˌlɪb.əˈreɪ.ʃən/","After much deliberation, we determined that the center should be built elsewhere.","Sau nhiều cân nhắc, chúng tôi quyết định rằng trung tâm nên được xây ở nơi khác."
"30_Days_TOEIC","RL18","deliberate","có chủ ý, tính toán trước","adj","/dɪˈlɪb.ɚ.ət/","His actions were slow and deliberate, showing great care.","Hành động của anh ấy chậm rãi và có chủ ý, thể hiện sự cẩn trọng."
"30_Days_TOEIC","RL18","discretion","quyền tự quyết định","noun","/dɪˈskreʃ.ən/","My publisher has given me the discretion to select a collaborator.","Nhà xuất bản đã trao cho tôi quyền tự quyết trong việc chọn cộng tác viên."
"30_Days_TOEIC","RL18","discreet","kín đáo, thận trọng","adj","/dɪˈskriːt/","He made a discreet inquiry about the client’s background.","Anh ấy đã hỏi thăm kín đáo về lý lịch của khách hàng."
"30_Days_TOEIC","RL18","inspiration","nguồn cảm hứng","noun","/ˌɪn.spəˈreɪ.ʃən/","Talk with our talented local artists about their inspirations.","Trò chuyện với các nghệ sĩ địa phương tài năng về nguồn cảm hứng của họ."
"30_Days_TOEIC","RL18","inspire","truyền cảm hứng","verb","/ɪnˈspaɪr/","The speaker's story inspired us to take on new challenges.","Câu chuyện của diễn giả đã truyền cảm hứng cho chúng tôi đón nhận thử thách mới."
"30_Days_TOEIC","RL18","supplement","chất bổ sung","noun","/ˈsʌp.lə.mənt/","Dr. Hopkins will be conducting the study on nutritional supplements.","Tiến sĩ Hopkins sẽ thực hiện nghiên cứu về các chất bổ sung dinh dưỡng."
"30_Days_TOEIC","RL18","supplement","bổ sung","verb","/ˈsʌp.lə.ment/","Many people supplement their diet with multivitamins.","Nhiều người bổ sung đa vitamin vào chế độ ăn của mình."
"30_Days_TOEIC","RL18","liability","trách nhiệm pháp lý","noun","/ˌlaɪ.əˈbɪl.ə.t̬i/","Please sign the release of liability attached with this e-mail.","Vui lòng ký vào bản miễn trừ trách nhiệm đính kèm email này."
"30_Days_TOEIC","RL18","liable","chịu trách nhiệm","adj","/ˈlaɪ.ə.bəl/","The manufacturer may be liable for any defects in the product.","Nhà sản xuất có thể phải chịu trách nhiệm cho bất kỳ lỗi nào của sản phẩm."
"30_Days_TOEIC","RL18","approach","cách tiếp cận","noun","/əˈproʊtʃ/","The seminar provides a practical approach to starting a business.","Hội thảo cung cấp cách tiếp cận thực tế để khởi nghiệp."
"30_Days_TOEIC","RL18","approach","tiến gần, tiếp cận","verb","/əˈproʊtʃ/","Interest rates are going down and may approach 2% by next quarter.","Lãi suất đang giảm và có thể chạm mức 2% vào quý tới."
"30_Days_TOEIC","RL18","consensus","sự đồng thuận","noun","/kənˈsen.səs/","The general consensus is that the economy will improve this year.","Đa số đồng tình rằng nền kinh tế sẽ cải thiện trong năm nay."
"30_Days_TOEIC","RL18","reimbursement","hoàn tiền chi phí đã chi","noun","/ˌriː.ɪmˈbɝːs.mənt/","Reimbursements for medical expenses will be paid as quickly as possible.","Các khoản hoàn trả chi phí y tế sẽ được thanh toán nhanh nhất có thể."
"30_Days_TOEIC","RL18","reimburse","hoàn tiền đã chi","verb","/ˌriː.ɪmˈbɝːs/","The company will reimburse all travel expenses for the conference.","Công ty sẽ hoàn lại toàn bộ chi phí đi lại cho hội nghị."
"30_Days_TOEIC","RL19","advance","thúc đẩy, phát triển","verb","/ədˈvæns/","The park is an active space designed to advance physical activity.","Công viên là không gian năng động được thiết kế để thúc đẩy hoạt động thể chất."
"30_Days_TOEIC","RL19","advance","trước, sớm hơn","adj","/ədˈvæns/","If you cannot keep your appointment, please provide advance notice.","Nếu bạn không thể giữ lịch hẹn, vui lòng thông báo trước."
"30_Days_TOEIC","RL19","advance","tiến bộ hoặc khoản thanh toán trước","noun","/ədˈvæns/","Our magazine features new advances in medical research.","Tạp chí của chúng tôi có bài viết về những bước tiến mới trong nghiên cứu y học."
"30_Days_TOEIC","RL19","advanced","tiên tiến, nâng cao","adj","/ədˈvænst/","This course is designed for advanced language learners.","Khóa học này dành cho người học ngôn ngữ trình độ nâng cao."
"30_Days_TOEIC","RL19","advancement","sự tiến bộ","noun","/ədˈvæns.mənt/","He devoted his career to the advancement of science.","Anh ấy dành cả sự nghiệp để thúc đẩy sự phát triển của khoa học."
"30_Days_TOEIC","RL19","function","chức năng","noun","/ˈfʌŋk.ʃən/","Select the power-saver function when the copier is not in use.","Chọn chức năng tiết kiệm điện khi máy photocopy không sử dụng."
"30_Days_TOEIC","RL19","function","sự kiện trang trọng hoặc buổi họp mặt","noun","/ˈfʌŋk.ʃən/","The entertainment complex is available for private functions every weekend.","Tổ hợp giải trí sẵn sàng phục vụ các sự kiện riêng vào mỗi cuối tuần."
"30_Days_TOEIC","RL19","functional","hoạt động tốt","adj","/ˈfʌŋk.ʃən.əl/","The printer is fully functional after the maintenance check.","Máy in hoạt động hoàn toàn bình thường sau kiểm tra bảo trì."
"30_Days_TOEIC","RL19","increase","sự gia tăng","noun","/ˈɪn.kriːs/","Thanks to an increase in sales, every employee gets a year-end bonus.","Nhờ doanh số tăng, mọi nhân viên đều nhận được thưởng cuối năm."
"30_Days_TOEIC","RL19","increase","tăng lên","verb","/ɪnˈkriːs/","Due to the rise in food costs, we have increased our prices.","Do chi phí thực phẩm tăng, chúng tôi đã tăng giá."
"30_Days_TOEIC","RL19","increasing","ngày càng tăng","adj","/ɪnˈkriː.sɪŋ/","The report highlights the increasing demand for clean energy.","Báo cáo nhấn mạnh nhu cầu ngày càng tăng về năng lượng sạch."
"30_Days_TOEIC","RL19","increasingly","ngày càng nhiều hơn","adverb","/ɪnˈkriː.sɪŋ.li/","Companies are increasingly relying on automation to reduce costs.","Các công ty ngày càng phụ thuộc vào tự động hóa để giảm chi phí."
"30_Days_TOEIC","RL19","decrease","sự giảm sút","noun","/ˈdiː.kriːs/","There was a slight decrease in profits during the last quarter.","Lợi nhuận đã giảm nhẹ trong quý vừa qua."
"30_Days_TOEIC","RL19","certificate","giấy chứng nhận","noun","/sɚˈtɪf.ə.kət/","The winner will receive a gift card and a certificate of achievement.","Người chiến thắng sẽ nhận thẻ quà tặng và giấy chứng nhận thành tích."
"30_Days_TOEIC","RL19","certify","chứng nhận","verb","/ˈsɝː.t̬ə.faɪ/","The technician certified the machine as safe to use.","Kỹ thuật viên đã chứng nhận máy đủ an toàn để sử dụng."
"30_Days_TOEIC","RL19","certified","được chứng nhận chính thức","adj","/ˈsɝː.t̬ə.faɪd/","We hired a certified public accountant for the audit.","Chúng tôi đã thuê một kế toán viên công chứng cho cuộc kiểm toán."
"30_Days_TOEIC","RL19","certification","chứng nhận đạt chuẩn","noun","/ˌsɝː.t̬ə.fəˈkeɪ.ʃən/","Applicants must hold a valid safety certification.","Ứng viên phải có chứng nhận an toàn hợp lệ."
"30_Days_TOEIC","RL19","variety","sự đa dạng","noun","/vəˈraɪ.ə.t̬i/","The mall will include specialty stores and a variety of food vendors.","Trung tâm thương mại sẽ có các cửa hàng chuyên biệt và nhiều quầy bán đồ ăn."
"30_Days_TOEIC","RL19","vary","thay đổi hoặc khác nhau","verb","/ˈver.i/","Prices may vary depending on the season and location.","Giá có thể thay đổi tùy theo mùa và địa điểm."
"30_Days_TOEIC","RL19","various","khác nhau, đa dạng","adj","/ˈver.i.əs/","The company has offices in various major cities worldwide.","Công ty có văn phòng ở nhiều thành phố lớn khác nhau trên toàn cầu."
"30_Days_TOEIC","RL19","care","sự chăm sóc, cẩn trọng","noun","/ker/","These two chemicals should be handled with care.","Hai loại hóa chất này cần được xử lý cẩn thận."
"30_Days_TOEIC","RL19","careful","cẩn thận","adj","/ˈker.fəl/","Be careful when submitting confidential information online.","Hãy cẩn trọng khi gửi thông tin bảo mật trực tuyến."
"30_Days_TOEIC","RL19","carefully","một cách cẩn thận","adverb","/ˈker.fəl.i/","Please read the instructions carefully before installation.","Vui lòng đọc kỹ hướng dẫn trước khi lắp đặt."
"30_Days_TOEIC","RL19","concentration","sự tập trung","noun","/ˌkɑːn.sənˈtreɪ.ʃən/","Multi-tasking affects workers’ concentration and productivity.","Làm nhiều việc một lúc ảnh hưởng đến sự tập trung và năng suất của nhân viên."
"30_Days_TOEIC","RL19","concentrate","tập trung","verb","/ˈkɑːn.sən.treɪt/","Please concentrate on completing the report by this afternoon.","Vui lòng tập trung hoàn thành báo cáo trước chiều nay."
"30_Days_TOEIC","RL19","accommodation","chỗ ở tạm thời","noun","/əˌkɑː.məˈdeɪ.ʃən/","The Pines Resort offers a range of superb accommodations.","Khu nghỉ dưỡng Pines cung cấp nhiều lựa chọn chỗ ở tuyệt vời."
"30_Days_TOEIC","RL19","accommodate","cung cấp chỗ ở hoặc đáp ứng nhu cầu","verb","/əˈkɑː.mə.deɪt/","The hotel can accommodate up to 200 guests.","Khách sạn có thể chứa tối đa 200 khách."
"30_Days_TOEIC","RL19","lodging","chỗ ở tạm thời","noun","/ˈlɑː.dʒɪŋ/","Lodging will be provided for all seminar participants.","Chỗ ở sẽ được cung cấp cho tất cả người tham dự hội thảo."
"30_Days_TOEIC","RL19","entry","bài dự thi hoặc tham gia sự kiện","noun","/ˈen.tri/","Only one entry per contestant will be accepted.","Mỗi thí sinh chỉ được chấp nhận một bài dự thi."
"30_Days_TOEIC","RL19","entry","lối vào","noun","/ˈen.tri/","The main entry to the building is on Maple Street.","Lối vào chính của tòa nhà nằm trên phố Maple."
"30_Days_TOEIC","RL19","entry","mục nhập","noun","/ˈen.tri/","Please double-check each data entry for accuracy.","Vui lòng kiểm tra kỹ từng mục nhập dữ liệu để đảm bảo độ chính xác."
"30_Days_TOEIC","RL19","standard","tiêu chuẩn","noun","/ˈstæn.dɚd/","The engineers comply with international standards.","Các kỹ sư tuân thủ các tiêu chuẩn quốc tế."
"30_Days_TOEIC","RL19","standard","tiêu chuẩn, thông thường","adj","/ˈstæn.dɚd/","All rooms come with standard amenities such as Wi-Fi and air conditioning.","Tất cả các phòng đều có tiện nghi tiêu chuẩn như Wi-Fi và điều hòa."
"30_Days_TOEIC","RL19","standardize","chuẩn hóa","verb","/ˈstæn.dɚ.daɪz/","The company aims to standardize training across all branches.","Công ty đặt mục tiêu chuẩn hóa đào tạo trên toàn hệ thống chi nhánh."
"30_Days_TOEIC","RL19","statement","bản thông báo hoặc tài liệu ghi thông tin","noun","/ˈsteɪt.mənt/","Ms. Kano has scheduled a time to issue the press statement.","Cô Kano đã lên lịch để phát hành thông cáo báo chí."
"30_Days_TOEIC","RL19","discussion","cuộc thảo luận","noun","/dɪˈskʌʃ.ən/","The last topic of discussion will be the licensing of a new franchise.","Chủ đề thảo luận cuối cùng sẽ là việc cấp phép cho nhượng quyền mới."
"30_Days_TOEIC","RL19","discuss","thảo luận","verb","/dɪˈskʌs/","We need to discuss the terms of the new agreement.","Chúng ta cần thảo luận về các điều khoản của thỏa thuận mới."
"30_Days_TOEIC","RL19","component","thành phần","noun","/kəmˈpoʊ.nənt/","The electronic components do not meet the quality requirements.","Các linh kiện điện tử không đáp ứng yêu cầu chất lượng."
"30_Days_TOEIC","RL19","appearance","hình thức bề ngoài","noun","/əˈpɪr.əns/","The design team improved the appearance of the new product packaging.","Nhóm thiết kế đã cải thiện hình thức bên ngoài của bao bì sản phẩm mới."
"30_Days_TOEIC","RL19","appearance","sự xuất hiện","noun","/əˈpɪr.əns/","The actor made a brief appearance at the charity event.","Nam diễn viên đã xuất hiện ngắn tại sự kiện từ thiện."
"30_Days_TOEIC","RL19","appear","xuất hiện","verb","/əˈpɪr/","New signs have appeared outside the company’s headquarters.","Những biển hiệu mới đã xuất hiện bên ngoài trụ sở công ty."
"30_Days_TOEIC","RL19","appear","trông có vẻ, dường như","verb","/əˈpɪr/","She appears confident during meetings with clients.","Cô ấy trông có vẻ tự tin trong các cuộc họp với khách hàng."
"30_Days_TOEIC","RL19","position","vị trí công việc","noun","/pəˈzɪʃ.ən/","The company is still accepting applications for the sales manager position.","Công ty vẫn đang nhận đơn ứng tuyển cho vị trí quản lý bán hàng."
"30_Days_TOEIC","RL19","position","định vị, đặt vào vị trí","verb","/pəˈzɪʃ.ən/","The company aims to position itself as a leader in green technology.","Công ty đặt mục tiêu định vị mình là đơn vị dẫn đầu trong công nghệ xanh."
"30_Days_TOEIC","RL19","appreciation","sự biết ơn","noun","/əˌpriː.ʃiˈeɪ.ʃən/","The hospital staff received a certificate in appreciation of their hard work.","Nhân viên bệnh viện nhận được giấy chứng nhận để ghi nhận sự nỗ lực của họ."
"30_Days_TOEIC","RL19","appreciate","biết ơn, cảm kích","verb","/əˈpriː.ʃi.eɪt/","We really appreciate your feedback on our new service.","Chúng tôi thực sự cảm kích ý kiến đóng góp của bạn về dịch vụ mới."
"30_Days_TOEIC","RL19","appreciative","biết ơn, cảm kích","adj","/əˈpriː.ʃə.t̬ɪv/","The audience was very appreciative of the performance.","Khán giả rất cảm kích màn trình diễn."
"30_Days_TOEIC","RL19","exception","trường hợp ngoại lệ","noun","/ɪkˈsep.ʃən/","With the exception of the manager, all staff must attend the meeting.","Ngoại trừ quản lý, tất cả nhân viên phải tham dự cuộc họp."
"30_Days_TOEIC","RL19","exceptional","vượt trội, đặc biệt hơn bình thường","adj","/ɪkˈsep.ʃən.əl/","The intern showed exceptional communication skills throughout the project.","Thực tập sinh thể hiện kỹ năng giao tiếp vượt trội trong suốt dự án."
"30_Days_TOEIC","RL19","exceptionally","một cách đặc biệt, cực kỳ","adverb","/ɪkˈsep.ʃən.əl.i/","The training program was exceptionally well organized.","Chương trình đào tạo được tổ chức cực kỳ tốt."
"30_Days_TOEIC","RL19","clearance","bán xả hàng","noun","/ˈklɪr.əns/","The store is offering major discounts during its annual clearance sale.","Cửa hàng đang giảm giá lớn trong đợt bán xả hàng thường niên."
"30_Days_TOEIC","RL19","clearance","giấy phép vào khu vực hạn chế","noun","/ˈklɪr.əns/","All contractors must show a security clearance before entering the data center.","Tất cả nhà thầu phải xuất trình giấy phép an ninh trước khi vào trung tâm dữ liệu."
"30_Days_TOEIC","RL19","executive","giám đốc cấp cao","noun","/ɪɡˈzek.jə.t̬ɪv/","The company hired an experienced executive to lead its marketing division.","Công ty đã thuê một giám đốc giàu kinh nghiệm để dẫn dắt bộ phận marketing."
"30_Days_TOEIC","RL19","executive","liên quan đến quản lý cấp cao","adj","/ɪɡˈzek.jə.t̬ɪv/","He works in an executive position overseeing all regional operations.","Anh ấy làm ở vị trí điều hành, giám sát toàn bộ hoạt động khu vực."
"30_Days_TOEIC","RL19","resume","sơ yếu lý lịch","noun","/ˈrez.ə.meɪ/","Please submit your resume and a cover letter by Friday.","Vui lòng nộp sơ yếu lý lịch và thư xin việc trước thứ Sáu."
"30_Days_TOEIC","RL19","accomplishment","thành tựu","noun","/əˈkɑːm.plɪʃ.mənt/","Completing the international expansion was a major accomplishment for the company.","Hoàn thành việc mở rộng quốc tế là một thành tựu lớn đối với công ty."
"30_Days_TOEIC","RL19","accomplish","hoàn thành, đạt được mục tiêu","verb","/əˈkɑːm.plɪʃ/","The team accomplished the project ahead of schedule.","Nhóm đã hoàn thành dự án sớm hơn kế hoạch."
"30_Days_TOEIC","RL19","accomplished","giỏi, có kỹ năng cao","adj","/əˈkɑːm.plɪʃt/","He is an accomplished speaker with years of experience at international events.","Anh ấy là một diễn giả giỏi với nhiều năm kinh nghiệm tại các sự kiện quốc tế."
"30_Days_TOEIC","RL19","architect","kiến trúc sư","noun","/ˈɑːr.kə.tekt/","The building was designed by a renowned architect from Japan.","Tòa nhà được thiết kế bởi một kiến trúc sư nổi tiếng đến từ Nhật Bản."
"30_Days_TOEIC","RL19","architecture","nghệ thuật thiết kế công trình xây dựng","noun","/ˈɑːr.kə.tek.tʃɚ/","The museum’s architecture reflects a blend of traditional and modern styles.","Kiến trúc của bảo tàng thể hiện sự kết hợp giữa phong cách truyền thống và hiện đại."
"30_Days_TOEIC","RL19","architectural","liên quan đến kiến trúc","adj","/ˌɑːr.kəˈtek.tʃɚ.əl/","The building received an award for its architectural innovation.","Tòa nhà đã nhận giải thưởng vì sự đổi mới về kiến trúc."
"30_Days_TOEIC","RL19","conference","hội nghị","noun","/ˈkɑːn.fɚ.əns/","Representatives from several countries gathered for a global trade conference.","Đại diện từ nhiều quốc gia đã tụ họp tại hội nghị thương mại toàn cầu."
"30_Days_TOEIC","RL19","average","mức trung bình","noun","/ˈæv.ɚ.ɪdʒ/","On average, our department processes over 500 orders per week.","Trung bình bộ phận của chúng tôi xử lý hơn 500 đơn hàng mỗi tuần."
"30_Days_TOEIC","RL19","average","trung bình, bình thường","adj","/ˈæv.ɚ.ɪdʒ/","Their prices are slightly higher than average for this market.","Giá của họ hơi cao hơn mức trung bình trong thị trường này."
"30_Days_TOEIC","RL19","average","tính trung bình","verb","/ˈæv.ɚ.ɪdʒ/","Our monthly expenses average around $5,000.","Chi phí hàng tháng của chúng tôi trung bình khoảng 5.000 đô la."
"30_Days_TOEIC","RL19","indicator","chỉ số, dấu hiệu đo lường hoặc biểu thị điều gì","noun","/ˈɪn.də.keɪ.t̬ɚ/","Customer satisfaction is a key indicator of service quality.","Sự hài lòng của khách hàng là một chỉ số quan trọng về chất lượng dịch vụ."
"30_Days_TOEIC","RL19","indicate","chỉ ra, biểu thị","verb","/ˈɪn.də.keɪt/","Survey results indicate a strong preference for online training.","Kết quả khảo sát cho thấy người dùng ưu tiên đào tạo trực tuyến."
"30_Days_TOEIC","RL19","indication","dấu hiệu, sự biểu thị","noun","/ˌɪn.dəˈkeɪ.ʃən/","There was no clear indication of how long the delay would last.","Không có dấu hiệu rõ ràng về việc sự trì hoãn sẽ kéo dài bao lâu."
"30_Days_TOEIC","RL19","accounting","ngành kế toán","noun","/əˈkaʊn.t̬ɪŋ/","She has worked in the accounting department for over a decade.","Cô ấy đã làm việc trong phòng kế toán hơn mười năm."
"30_Days_TOEIC","RL19","accountant","người làm kế toán","noun","/əˈkaʊn.t̬ənt/","Our company hired a certified accountant to manage payroll and taxes.","Công ty chúng tôi đã thuê một kế toán viên có chứng chỉ để quản lý lương và thuế."
"30_Days_TOEIC","RL19","account","tài khoản","noun","/əˈkaʊnt/","He opened a new savings account at the local branch.","Anh ấy đã mở một tài khoản tiết kiệm mới tại chi nhánh địa phương."
"30_Days_TOEIC","RL19","rate","tốc độ hoặc mức độ xảy ra của một quá trình","noun","/reɪt/","The company is growing at a faster rate than expected.","Công ty đang phát triển với tốc độ nhanh hơn dự kiến."
"30_Days_TOEIC","RL19","rate","mức giá","noun","/reɪt/","This hotel offers reasonable rates during the off-season.","Khách sạn này cung cấp mức giá hợp lý trong mùa thấp điểm."
"30_Days_TOEIC","RL19","selection","sự lựa chọn","noun","/səˈlek.ʃən/","The store offers a wide selection of office supplies at discounted prices.","Cửa hàng cung cấp nhiều lựa chọn đồ dùng văn phòng với giá ưu đãi."
"30_Days_TOEIC","RL19","select","chọn lựa","verb","/səˈlekt/","You must select your preferred delivery option during checkout.","Bạn phải chọn hình thức giao hàng ưa thích khi thanh toán."
"30_Days_TOEIC","RL19","selective","có tính chọn lọc","adj","/səˈlek.tɪv/","The company is very selective about the partners it works with.","Công ty rất chọn lọc về các đối tác họ hợp tác cùng."
"30_Days_TOEIC","RL19","manuscript","bản thảo","noun","/ˈmæn.jə.skrɪpt/","The editor reviewed the author's manuscript before sending it to print.","Biên tập viên đã xem xét bản thảo của tác giả trước khi đưa đi in."
"30_Days_TOEIC","RL19","expansion","sự mở rộng","noun","/ɪkˈspæn.ʃən/","The company’s rapid expansion created hundreds of new jobs.","Việc mở rộng nhanh chóng của công ty đã tạo ra hàng trăm việc làm mới."
"30_Days_TOEIC","RL19","expand","mở rộng, phát triển thêm","verb","/ɪkˈspænd/","The company plans to expand into Southeast Asian markets.","Công ty dự định mở rộng sang các thị trường Đông Nam Á."
"30_Days_TOEIC","RL19","expansive","rộng lớn, bao quát","adj","/ɪkˈspæn.sɪv/","The resort offers expansive views of the coastline.","Khu nghỉ dưỡng có tầm nhìn rộng lớn ra bờ biển."
"30_Days_TOEIC","RL19","reference","người giới thiệu","noun","/ˈref.ɚ.əns/","The recruiter contacted all three of his references before the final interview.","Nhà tuyển dụng đã liên hệ cả ba người giới thiệu của anh ấy trước vòng phỏng vấn cuối."
"30_Days_TOEIC","RL19","reference","tài liệu, thông tin hoặc mã dùng để tra cứu, dẫn chứng","noun","/ˈref.ɚ.əns/","Please keep this invoice for future reference.","Vui lòng giữ hóa đơn này để tra cứu sau."
"30_Days_TOEIC","RL19","labor","lao động","noun","/ˈleɪ.bɚ/","The company reduced costs by outsourcing manual labor.","Công ty đã giảm chi phí bằng cách thuê ngoài lao động chân tay."
"30_Days_TOEIC","RL19","storage","sự lưu trữ, không gian lưu giữ đồ vật","noun","/ˈstɔːr.ɪdʒ/","We rented an extra unit for document storage.","Chúng tôi đã thuê thêm một phòng để lưu trữ tài liệu."
"30_Days_TOEIC","RL19","installment","khoản trả góp","noun","/ɪnˈstɑːl.mənt/","The remaining balance will be paid in six monthly installments.","Số dư còn lại sẽ được thanh toán trong sáu kỳ trả góp hàng tháng."
"30_Days_TOEIC","RL19","effect","tác động hoặc kết quả của hành động","noun","/ɪˈfekt/","The new marketing strategy had a positive effect on sales.","Chiến lược tiếp thị mới có tác động tích cực đến doanh số."
"30_Days_TOEIC","RL19","effective","hiệu quả","adj","/ɪˈfek.tɪv/","The new software is highly effective in reducing processing time.","Phần mềm mới rất hiệu quả trong việc giảm thời gian xử lý."
"30_Days_TOEIC","RL19","effectively","một cách hiệu quả","adverb","/ɪˈfek.tɪv.li/","The team worked together effectively to meet the deadline.","Cả nhóm đã làm việc hiệu quả để kịp hạn chót."
"30_Days_TOEIC","RL19","wage","tiền công","noun","/weɪdʒ/","Most part-time workers earn an hourly wage.","Hầu hết nhân viên bán thời gian nhận lương theo giờ."
"30_Days_TOEIC","RL19","summary","bản tóm tắt những điểm chính","noun","/ˈsʌm.ɚ.i/","The manager requested a summary of last month’s performance report.","Quản lý yêu cầu một bản tóm tắt báo cáo hiệu suất tháng trước."
"30_Days_TOEIC","RL19","summarize","tóm tắt nội dung chính","verb","/ˈsʌm.ə.raɪz/","She summarized the discussion in a few clear bullet points.","Cô ấy đã tóm tắt cuộc thảo luận bằng vài gạch đầu dòng rõ ràng."
"30_Days_TOEIC","RL19","insurance","bảo hiểm","noun","/ɪnˈʃɜː.rəns/","All full-time employees receive health and dental insurance.","Tất cả nhân viên toàn thời gian đều được nhận bảo hiểm y tế và nha khoa."
"30_Days_TOEIC","RL19","insure","mua bảo hiểm","verb","/ɪnˈʃʊr/","You must insure your vehicle before driving it on public roads.","Bạn phải mua bảo hiểm cho xe trước khi lái trên đường công cộng."
"30_Days_TOEIC","RL19","capacity","sức chứa hoặc năng suất tối đa","noun","/kəˈpæs.ə.t̬i/","The warehouse is now operating at full capacity due to high demand.","Nhà kho hiện đang hoạt động hết công suất do nhu cầu cao."
"30_Days_TOEIC","RL19","capacious","rộng rãi, sức chứa lớn","adj","/kəˈpeɪ.ʃəs/","The capacious storage room can hold all archived documents.","Phòng lưu trữ rộng rãi có thể chứa tất cả tài liệu lưu trữ."
"30_Days_TOEIC","RL19","minutes","biên bản cuộc họp","noun","/ˈmɪn.əts/","She was assigned to take the minutes at the monthly staff meeting.","Cô ấy được giao nhiệm vụ ghi biên bản cuộc họp nhân viên hàng tháng."
"30_Days_TOEIC","RL19","obligation","nghĩa vụ","noun","/ˌɑː.bləˈɡeɪ.ʃən/","Customers have no obligation to renew after the trial ends.","Khách hàng không có nghĩa vụ phải gia hạn sau khi dùng thử kết thúc."
"30_Days_TOEIC","RL19","quote","báo giá","noun","/kwoʊt/","We requested a detailed price quote from the supplier.","Chúng tôi đã yêu cầu báo giá chi tiết từ nhà cung cấp."
"30_Days_TOEIC","RL19","quote","trích dẫn","verb","/kwoʊt/","The manager quoted a famous business leader in his opening remarks.","Quản lý đã trích lời một nhà lãnh đạo kinh doanh nổi tiếng trong phần mở đầu."
"30_Days_TOEIC","RL19","patent","bằng sáng chế","noun","/ˈpæt.ənt/","The company filed a patent for its new battery technology.","Công ty đã nộp đơn xin bằng sáng chế cho công nghệ pin mới của mình."
"30_Days_TOEIC","RL19","precaution","biện pháp phòng ngừa","noun","/prɪˈkɑː.ʃən/","Workers must take all necessary precautions when handling chemicals.","Công nhân phải thực hiện mọi biện pháp phòng ngừa cần thiết khi xử lý hóa chất."
"30_Days_TOEIC","RL19","precautious","cẩn trọng, phòng ngừa rủi ro","adj","/prɪˈkɑː.ʃəs/","He is always precautious when reviewing contracts.","Anh ấy luôn cẩn trọng khi xem xét hợp đồng."
"30_Days_TOEIC","RL19","implication","hệ quả gián tiếp","noun","/ˌɪm.pləˈkeɪ.ʃən/","The manager discussed the financial implications of the new policy.","Quản lý đã thảo luận về những hệ quả tài chính của chính sách mới."
"30_Days_TOEIC","RL19","imply","ngụ ý, ám chỉ điều gì đó gián tiếp","verb","/ɪmˈplaɪ/","The e-mail implied that the deadline had been extended.","Email ám chỉ rằng thời hạn đã được gia hạn."
"30_Days_TOEIC","RL19","documentation","tài liệu cần thiết","noun","/ˌdɑː.kjə.menˈteɪ.ʃən/","Applicants must submit full documentation to qualify for assistance.","Người nộp đơn phải nộp đầy đủ tài liệu để đủ điều kiện nhận hỗ trợ."
"30_Days_TOEIC","RL19","document","tài liệu","noun","/ˈdɑː.kjə.mənt/","You must attach a copy of the identification document.","Bạn phải đính kèm bản sao giấy tờ tùy thân."
"30_Days_TOEIC","RL19","hospitality","lòng hiếu khách","noun","/ˌhɑː.spɪˈtæl.ə.t̬i/","The company received praise for its outstanding hospitality during the conference.","Công ty nhận được lời khen vì lòng hiếu khách tuyệt vời trong hội nghị."
"30_Days_TOEIC","RL19","hospitable","hiếu khách, niềm nở với khách","adj","/hɑːˈspɪt̬.ə.bəl/","The hotel staff were extremely hospitable and accommodating.","Nhân viên khách sạn rất hiếu khách và sẵn lòng giúp đỡ."
"30_Days_TOEIC","RL19","setback","trở ngại, cản trở tiến độ","noun","/ˈset.bæk/","The construction team faced a weather-related setback last week.","Đội xây dựng đã gặp trở ngại liên quan đến thời tiết vào tuần trước."
"30_Days_TOEIC","RL19","presence","sự hiện diện","noun","/ˈprez.əns/","The company is working to expand its presence in Asia.","Công ty đang nỗ lực mở rộng sự hiện diện tại châu Á."
"30_Days_TOEIC","RL19","entrepreneur","doanh nhân","noun","/ˌɑːn.trə.prəˈnɝː/","The program supports young entrepreneurs starting their first business.","Chương trình hỗ trợ các doanh nhân trẻ khởi nghiệp lần đầu."
"30_Days_TOEIC","RL19","enterprise","doanh nghiệp","noun","/ˈen.t̬ɚ.praɪz/","The local government is offering grants to small enterprises.","Chính quyền địa phương đang cung cấp tài trợ cho các doanh nghiệp nhỏ."
"30_Days_TOEIC","RL20","permanent","lâu dài, vĩnh viễn","adj","/ˈpɝː.mə.nənt/","She accepted a permanent position in the finance department.","Cô ấy đã nhận một vị trí lâu dài tại phòng tài chính."
"30_Days_TOEIC","RL20","permanently","mãi mãi","adverb","/ˈpɝː.mə.nənt.li/","The account will be permanently deleted after 30 days.","Tài khoản sẽ bị xóa vĩnh viễn sau 30 ngày."
"30_Days_TOEIC","RL20","temporary","tạm thời","adj","/ˈtem.pə.rer.i/","We hired several temporary workers for the busy season.","Chúng tôi đã thuê một số nhân viên tạm thời cho mùa cao điểm."
"30_Days_TOEIC","RL20","competitive","có tính cạnh tranh","adj","/kəmˈpet̬.ə.t̬ɪv/","We aim to provide high-quality products at competitive prices.","Chúng tôi hướng đến việc cung cấp sản phẩm chất lượng cao với giá cạnh tranh."
"30_Days_TOEIC","RL20","competition","sự cạnh tranh hoặc cuộc thi","noun","/ˌkɑːm.pəˈtɪʃ.ən/","The store lowered its prices in response to local competition.","Cửa hàng đã giảm giá để đối phó với sự cạnh tranh địa phương."
"30_Days_TOEIC","RL20","profitable","có lợi nhuận","adj","/ˈprɑː.fɪ.t̬ə.bəl/","They invested in a profitable business in the energy sector.","Họ đã đầu tư vào một doanh nghiệp có lợi nhuận trong lĩnh vực năng lượng."
"30_Days_TOEIC","RL20","profit","lợi nhuận","noun","/ˈprɑː.fɪt/","Last year’s profit exceeded expectations by 15 percent.","Lợi nhuận năm ngoái vượt kỳ vọng 15 phần trăm."
"30_Days_TOEIC","RL20","attentive","chú ý, chăm sóc, tập trung vào điều gì đó","adj","/əˈten.t̬ɪv/","Supervisors must remain attentive to avoid errors during inspection.","Giám sát viên phải luôn chú ý để tránh sai sót trong quá trình kiểm tra."
"30_Days_TOEIC","RL20","creative","sáng tạo, có khả năng nghĩ ra ý tưởng mới","adj","/kriˈeɪ.t̬ɪv/","The company is looking for someone with strong creative talents.","Công ty đang tìm người có tài năng sáng tạo nổi bật."
"30_Days_TOEIC","RL20","create","tạo ra","verb","/kriˈeɪt/","The developers created a new app for managing inventory.","Các nhà phát triển đã tạo ra một ứng dụng mới để quản lý hàng tồn kho."
"30_Days_TOEIC","RL20","creation","sự sáng tạo, sản phẩm được tạo ra","noun","/kriˈeɪ.ʃən/","The artist’s latest creation will be displayed in the gallery.","Tác phẩm mới nhất của nghệ sĩ sẽ được trưng bày trong phòng triển lãm."
"30_Days_TOEIC","RL20","creatively","một cách sáng tạo","adverb","/kriˈeɪ.t̬ɪv.li/","They solved the logistics issue creatively and quickly.","Họ đã giải quyết vấn đề hậu cần một cách sáng tạo và nhanh chóng."
"30_Days_TOEIC","RL20","superior","vượt trội, tốt hơn","adj","/səˈpɪr.i.ɚ/","This model is clearly superior to the older version in both speed and efficiency.","Mẫu này rõ ràng vượt trội hơn phiên bản cũ cả về tốc độ lẫn hiệu quả."
"30_Days_TOEIC","RL20","costly","tốn kém","adj","/ˈkɑːst.li/","A small mistake in the report could lead to a costly delay.","Một sai sót nhỏ trong báo cáo có thể dẫn đến sự chậm trễ tốn kém."
"30_Days_TOEIC","RL20","cost","chi phí","noun","/kɑːst/","We are reviewing the cost of upgrading our security system.","Chúng tôi đang xem xét chi phí nâng cấp hệ thống an ninh."
"30_Days_TOEIC","RL20","associated","có liên quan","adj","/əˈsoʊ.si.eɪ.t̬ɪd/","The risks associated with this strategy were clearly outlined.","Các rủi ro liên quan đến chiến lược này đã được nêu rõ ràng."
"30_Days_TOEIC","RL20","associate","liên kết, kết nối với điều gì đó","verb","/əˈsoʊ.si.eɪt/","Consumers often associate the color green with eco-friendly products.","Người tiêu dùng thường liên hệ màu xanh lá với các sản phẩm thân thiện với môi trường."
"30_Days_TOEIC","RL20","extensive","rộng rãi, phong phú","adj","/ɪkˈsten.sɪv/","The candidate has extensive experience in international trade.","Ứng viên có kinh nghiệm phong phú trong thương mại quốc tế."
"30_Days_TOEIC","RL20","extended","kéo dài thêm","adj","/ɪkˈsten.dɪd/","We were granted an extended deadline to complete the audit.","Chúng tôi được gia hạn thời hạn để hoàn thành cuộc kiểm toán."
"30_Days_TOEIC","RL20","rare","hiếm gặp","adj","/rer/","The gallery displays rare artwork from the 18th century.","Phòng trưng bày trưng bày các tác phẩm nghệ thuật hiếm từ thế kỷ 18."
"30_Days_TOEIC","RL20","rarely","hiếm khi","adverb","/ˈrer.li/","This feature is rarely used in normal operations.","Tính năng này hiếm khi được sử dụng trong vận hành thông thường."
"30_Days_TOEIC","RL20","initial","ban đầu","adj","/ɪˈnɪʃ.əl/","The initial phase of the project will last three months.","Giai đoạn đầu của dự án sẽ kéo dài ba tháng."
"30_Days_TOEIC","RL20","initiate","bắt đầu, khởi xướng","verb","/ɪˈnɪʃ.i.eɪt/","The company initiated a review of its internal policies.","Công ty đã khởi xướng việc rà soát các chính sách nội bộ."
"30_Days_TOEIC","RL20","fragile","dễ vỡ, cần cẩn thận khi xử lý","adj","/ˈfrædʒ.əl/","All fragile items must be labeled before shipping.","Tất cả các mặt hàng dễ vỡ phải được dán nhãn trước khi gửi đi."
"30_Days_TOEIC","RL20","multiple","nhiều, đa dạng","adj","/ˈmʌl.tə.pəl/","The applicant has experience in multiple industries.","Ứng viên có kinh nghiệm trong nhiều ngành khác nhau."
"30_Days_TOEIC","RL20","multiply","nhân lên, tăng lên số lượng","verb","/ˈmʌl.tə.plaɪ/","Costs can quickly multiply if the issue is not resolved.","Chi phí có thể nhanh chóng tăng lên nếu vấn đề không được giải quyết."
"30_Days_TOEIC","RL20","beneficial","có lợi","adj","/ˌben.əˈfɪʃ.əl/","Regular training sessions have proven beneficial to employee productivity.","Các buổi đào tạo thường xuyên đã chứng minh có lợi cho năng suất nhân viên."
"30_Days_TOEIC","RL20","benefit","lợi ích hoặc quyền lợi","noun","/ˈben.ə.fɪt/","Employees are entitled to full health benefits after 90 days.","Nhân viên được hưởng đầy đủ quyền lợi y tế sau 90 ngày."
"30_Days_TOEIC","RL20","beneficiary","người thụ hưởng","noun","/ˌben.əˈfɪʃ.i.er.i/","The employee’s spouse is listed as the primary beneficiary.","Vợ/chồng của nhân viên được liệt kê là người thụ hưởng chính."
"30_Days_TOEIC","RL20","constant","liên tục, không thay đổi","adj","/ˈkɑːn.stənt/","The machines require constant monitoring during peak hours.","Các máy móc cần được giám sát liên tục trong giờ cao điểm."
"30_Days_TOEIC","RL20","constantly","liên tục","adverb","/ˈkɑːn.stənt.li/","The software is constantly updated to improve security.","Phần mềm được cập nhật liên tục để cải thiện bảo mật."
"30_Days_TOEIC","RL20","numerous","rất nhiều","adj","/ˈnuː.mɚ.əs/","The company has received numerous awards for its innovation.","Công ty đã nhận được rất nhiều giải thưởng vì sự đổi mới."
"30_Days_TOEIC","RL20","numerously","một cách nhiều, với số lượng lớn","adverb","/ˈnuː.mɚ.əs.li/","The idea was numerously discussed at last year’s conference.","Ý tưởng đó đã được thảo luận nhiều lần tại hội nghị năm ngoái."
"30_Days_TOEIC","RL20","countless","vô số","adj","/ˈkaʊnt.ləs/","Countless customers rely on the app for daily transactions.","Vô số khách hàng dựa vào ứng dụng để giao dịch hằng ngày."
"30_Days_TOEIC","RL20","reluctant","miễn cưỡng, do dự","adj","/rɪˈlʌk.tənt/","Many employees were reluctant to adopt the new policy.","Nhiều nhân viên miễn cưỡng áp dụng chính sách mới."
"30_Days_TOEIC","RL20","introductory","mở đầu, cơ bản","adj","/ˌɪn.trəˈdʌk.tɚ.i/","They launched the product at an introductory price to attract buyers.","Họ tung sản phẩm với mức giá giới thiệu để thu hút người mua."
"30_Days_TOEIC","RL20","introduce","giới thiệu","verb","/ˌɪn.trəˈduːs/","The manager introduced the revised plan during the meeting.","Người quản lý đã giới thiệu kế hoạch chỉnh sửa trong cuộc họp."
"30_Days_TOEIC","RL20","introduction","sự giới thiệu","noun","/ˌɪn.trəˈdʌk.ʃən/","The introduction of the new system was well received by employees.","Việc giới thiệu hệ thống mới được nhân viên đón nhận tích cực."
"30_Days_TOEIC","RL20","ongoing","đang diễn ra","adj","/ˈɑːnˌɡoʊ.ɪŋ/","The company is involved in several ongoing negotiations.","Công ty đang tham gia vào một số cuộc đàm phán đang diễn ra."
"30_Days_TOEIC","RL20","tailored","thiết kế riêng, phù hợp với nhu cầu cụ thể","adj","/ˈteɪ.lɚd/","Each training program is tailored to the employee’s role and skill level.","Mỗi chương trình đào tạo được thiết kế riêng theo vai trò và trình độ của nhân viên."
"30_Days_TOEIC","RL20","tailor","điều chỉnh cho phù hợp","verb","/ˈteɪ.lɚ/","The training materials were tailored to different learning styles.","Tài liệu đào tạo đã được điều chỉnh phù hợp với các phong cách học khác nhau."
"30_Days_TOEIC","RL20","unexpected","bất ngờ","adj","/ˌʌn.ɪkˈspek.tɪd/","The team had to pause operations due to unexpected delays.","Nhóm buộc phải tạm dừng hoạt động do những sự chậm trễ bất ngờ."
"30_Days_TOEIC","RL20","unexpectedly","một cách bất ngờ","adverb","/ˌʌn.ɪkˈspek.tɪd.li/","The manager unexpectedly canceled the meeting this morning.","Người quản lý đã bất ngờ hủy cuộc họp sáng nay."
"30_Days_TOEIC","RL20","risky","mạo hiểm, có nguy cơ thất bại hoặc nguy hiểm","adj","/ˈrɪs.ki/","Launching a product without market research is extremely risky.","Ra mắt sản phẩm mà không nghiên cứu thị trường là việc cực kỳ mạo hiểm."
"30_Days_TOEIC","RL20","reliable","đáng tin cậy","adj","/rɪˈlaɪ.ə.bəl/","We need a reliable supplier that can meet deadlines consistently.","Chúng tôi cần một nhà cung cấp đáng tin cậy có thể đáp ứng thời hạn một cách nhất quán."
"30_Days_TOEIC","RL20","rely","dựa vào, tin tưởng vào","verb","/rɪˈlaɪ/","We rely on accurate data to make business decisions.","Chúng tôi dựa vào dữ liệu chính xác để đưa ra quyết định kinh doanh."
"30_Days_TOEIC","RL20","overdue","quá hạn","adj","/ˌoʊ.vɚˈduː/","The invoice is now overdue and must be paid immediately.","Hóa đơn hiện đã quá hạn và phải được thanh toán ngay lập tức."
"30_Days_TOEIC","RL20","efficient","hiệu quả, tiết kiệm thời gian và tài nguyên","adj","/ɪˈfɪʃ.ənt/","The new filing system is much more efficient than the previous one.","Hệ thống lưu trữ mới hiệu quả hơn nhiều so với cái trước."
"30_Days_TOEIC","RL20","efficiency","sự hiệu quả","noun","/ɪˈfɪʃ.ən.si/","The upgrades significantly improved the efficiency of the production line.","Việc nâng cấp đã cải thiện đáng kể hiệu suất của dây chuyền sản xuất."
"30_Days_TOEIC","RL20","courteous","lịch sự, nhã nhặn","adj","/ˈkɝː.t̬i.əs/","All staff members are expected to be courteous to customers at all times.","Tất cả nhân viên được yêu cầu luôn lịch sự với khách hàng."
"30_Days_TOEIC","RL20","courtesy","sự lịch sự","noun","/ˈkɝː.t̬ə.si/","As a courtesy to our guests, we offer free valet parking.","Như một sự lịch sự đối với khách, chúng tôi cung cấp dịch vụ đỗ xe miễn phí."
"30_Days_TOEIC","RL20","courteously","một cách lịch sự","adverb","/ˈkɝː.t̬i.əs.li/","The staff courteously offered assistance when I entered the store.","Nhân viên đã lịch sự đề nghị giúp đỡ khi tôi bước vào cửa hàng."
"30_Days_TOEIC","RL20","ideal","lý tưởng","adj","/aɪˈdiː.əl/","This location is ideal for hosting international conferences.","Địa điểm này lý tưởng để tổ chức các hội nghị quốc tế."
"30_Days_TOEIC","RL20","ideally","một cách lý tưởng","adverb","/aɪˈdiː.ə.li/","Ideally, candidates should have at least three years of experience.","Lý tưởng nhất, ứng viên nên có ít nhất ba năm kinh nghiệm."
"30_Days_TOEIC","RL20","stable","ổn định","adj","/ˈsteɪ.bəl/","The company’s financial position has remained stable for three consecutive years.","Tình hình tài chính của công ty đã duy trì ổn định trong ba năm liên tiếp."
"30_Days_TOEIC","RL20","unstable","không ổn định","adj","/ʌnˈsteɪ.bəl/","The market remains unstable due to political uncertainty.","Thị trường vẫn không ổn định do bất ổn chính trị."
"30_Days_TOEIC","RL20","satisfactory","đạt yêu cầu","adj","/ˌsæt̬.ɪsˈfæk.tɚ.i/","The inspection confirmed that the factory met all satisfactory safety standards.","Cuộc kiểm tra xác nhận rằng nhà máy đáp ứng tất cả tiêu chuẩn an toàn đạt yêu cầu."
"30_Days_TOEIC","RL20","satisfactorily","một cách thỏa đáng","adverb","/ˌsæt̬.ɪsˈfæk.tɚ.əl.i/","The issue was resolved satisfactorily after a short delay.","Vấn đề đã được giải quyết ổn thỏa sau một chút chậm trễ."
"30_Days_TOEIC","RL20","satisfied","hài lòng","adj","/ˈsæt̬.ɪs.faɪd/","The client was satisfied with the revised proposal.","Khách hàng hài lòng với đề xuất đã chỉnh sửa."
"30_Days_TOEIC","RL20","unsatisfactory","không đạt yêu cầu","adj","/ˌʌn.sæt̬.ɪsˈfæk.tɚ.i/","His performance during the trial period was unsatisfactory.","Hiệu suất làm việc của anh ấy trong giai đoạn thử việc không đạt yêu cầu."
"30_Days_TOEIC","RL20","automated","tự động","adj","/ˈɑː.t̬ə.meɪ.t̬ɪd/","The company uses an automated system to track shipments.","Công ty sử dụng hệ thống tự động hóa để theo dõi các lô hàng."
"30_Days_TOEIC","RL20","automate","tự động hóa","verb","/ˈɑː.t̬ə.meɪt/","They plan to automate the billing system by next year.","Họ dự định tự động hóa hệ thống thanh toán vào năm tới."
"30_Days_TOEIC","RL20","automatic","tự động","adj","/ˌɑː.t̬əˈmæt̬.ɪk/","The doors open and close using an automatic sensor.","Cửa mở và đóng nhờ cảm biến tự động."
"30_Days_TOEIC","RL20","willing","sẵn lòng","adj","/ˈwɪl.ɪŋ/","He’s willing to take on extra work to meet the deadline.","Anh ấy sẵn sàng nhận thêm việc để kịp thời hạn."
"30_Days_TOEIC","RL20","willingness","sự sẵn lòng","noun","/ˈwɪl.ɪŋ.nəs/","Her willingness to accept feedback impressed the manager.","Sự sẵn lòng tiếp nhận góp ý của cô ấy khiến quản lý ấn tượng."
"30_Days_TOEIC","RL20","unwilling","không sẵn lòng","adj","/ʌnˈwɪl.ɪŋ/","The team was unwilling to change the original plan.","Nhóm không sẵn lòng thay đổi kế hoạch ban đầu."
"30_Days_TOEIC","RL20","persuasive","có sức thuyết phục","adj","/pɚˈsweɪ.sɪv/","The marketing team presented a persuasive proposal to the board.","Nhóm marketing đã trình bày một đề xuất thuyết phục trước ban giám đốc."
"30_Days_TOEIC","RL20","persuade","thuyết phục","verb","/pɚˈsweɪd/","They persuaded the client to renew the contract.","Họ đã thuyết phục khách hàng gia hạn hợp đồng."
"30_Days_TOEIC","RL20","conscious","có ý thức, nhận thức rõ về điều gì đó","adj","/ˈkɑːn.ʃəs/","The company is increasingly conscious of its environmental responsibilities.","Công ty ngày càng ý thức rõ về trách nhiệm môi trường của mình."
"30_Days_TOEIC","RL20","commercial","liên quan đến thương mại","adj","/kəˈmɝː.ʃəl/","Many companies are relocating to areas with lower commercial rent.","Nhiều công ty đang chuyển đến khu vực có giá thuê thương mại thấp hơn."
"30_Days_TOEIC","RL20","commerce","thương mại","noun","/ˈkɑː.mɝːs/","Digital commerce has grown rapidly in the past five years.","Thương mại điện tử đã phát triển nhanh chóng trong năm năm qua."
"30_Days_TOEIC","RL20","commercially","về mặt thương mại","adverb","/kəˈmɝː.ʃəl.i/","The product is not yet available commercially.","Sản phẩm vẫn chưa được bán trên thị trường."
"30_Days_TOEIC","RL20","conscious","có ý thức, nhận thức rõ về điều gì đó","adj","/ˈkɑːn.ʃəs/","The company is increasingly conscious of its carbon footprint.","Công ty ngày càng ý thức hơn về lượng khí thải carbon của mình."
"30_Days_TOEIC","RL20","exclusive","độc quyền, chỉ dành cho một nhóm nhất định","adj","/ɪkˈskluː.sɪv/","Membership gives you exclusive access to premium content.","Tư cách thành viên cho bạn quyền truy cập độc quyền vào nội dung cao cấp."
"30_Days_TOEIC","RL20","exclude","loại trừ","verb","/ɪkˈskluːd/","The price excludes tax and shipping fees.","Giá không bao gồm thuế và phí vận chuyển."
"30_Days_TOEIC","RL20","exclusion","sự loại trừ","noun","/ɪkˈskluː.ʒən/","The policy led to the exclusion of part-time workers from bonuses.","Chính sách đã dẫn đến việc loại trừ nhân viên bán thời gian khỏi tiền thưởng."
"30_Days_TOEIC","RL20","unprecedented","chưa từng có","adj","/ʌnˈpres.ə.den.t̬ɪd/","The company is experiencing unprecedented demand for its newest product.","Công ty đang trải qua nhu cầu chưa từng có đối với sản phẩm mới nhất."
"30_Days_TOEIC","RL20","prevalent","phổ biến","adj","/ˈprev.əl.ənt/","This type of fraud is especially prevalent among online sellers.","Loại gian lận này đặc biệt phổ biến trong số người bán hàng trực tuyến."
"30_Days_TOEIC","RL20","prevail","chiếm ưu thế, thắng thế","verb","/prɪˈveɪl/","Despite setbacks, the company’s strategy ultimately prevailed.","Dù gặp trở ngại, chiến lược của công ty cuối cùng đã thắng thế."
"30_Days_TOEIC","RL20","prevalence","sự phổ biến","noun","/ˈprev.əl.əns/","The report highlights the prevalence of remote work in the tech sector.","Báo cáo nêu bật sự phổ biến của làm việc từ xa trong ngành công nghệ."
"30_Days_TOEIC","RL20","demanding","đòi hỏi cao","adj","/dɪˈmæn.dɪŋ/","The manager assigned her to a highly demanding project.","Người quản lý giao cho cô ấy một dự án có yêu cầu cao."
"30_Days_TOEIC","RL20","demand","nhu cầu hoặc yêu cầu mạnh mẽ","noun","/dɪˈmænd/","There’s growing demand for skilled IT professionals.","Nhu cầu về chuyên gia CNTT có tay nghề đang gia tăng."
"30_Days_TOEIC","RL20","optimal","tốt nhất, hiệu quả nhất","adj","/ˈɑːp.tə.məl/","To ensure optimal results, please follow the instructions carefully.","Để đảm bảo kết quả tối ưu, vui lòng làm theo hướng dẫn một cách cẩn thận."
"30_Days_TOEIC","RL20","receptive","sẵn sàng lắng nghe ý kiến mới","adj","/rɪˈsep.tɪv/","The supervisor was highly receptive to feedback from the team.","Người giám sát rất sẵn lòng tiếp nhận phản hồi từ nhóm."
"30_Days_TOEIC","RL20","discretionary","tùy ý sử dụng","adj","/dɪˈskreʃ.ən.er.i/","The department has a small budget for discretionary spending.","Phòng ban có một ngân sách nhỏ cho các khoản chi tùy ý."
"30_Days_TOEIC","RL20","discretion","sự thận trọng, quyền tự quyết","noun","/dɪˈskreʃ.ən/","Final approval is left to the manager’s discretion.","Phê duyệt cuối cùng tùy thuộc vào quyết định của quản lý."
"30_Days_TOEIC","RL20","discretionally","một cách linh hoạt","adverb","/dɪˈskreʃ.ən.əl.i/","Bonuses are discretionally awarded based on individual performance.","Tiền thưởng được trao một cách linh hoạt dựa trên hiệu suất cá nhân."
"30_Days_TOEIC","RL20","exempt","được miễn nghĩa vụ hoặc yêu cầu nào đó","adj","/ɪɡˈzempt/","Certain nonprofit organizations are exempt from local taxes.","Một số tổ chức phi lợi nhuận được miễn thuế địa phương."
"30_Days_TOEIC","RL20","considerate","chu đáo, ân cần với người khác","adj","/kənˈsɪd.ɚ.ət/","It's important to be considerate of others in shared workspaces.","Việc chu đáo với người khác trong không gian làm việc chung là rất quan trọng."
"30_Days_TOEIC","RL20","consideration","sự cân nhắc, quan tâm đến người khác","noun","/kənˌsɪd.əˈreɪ.ʃən/","After careful consideration, the board approved the proposal.","Sau khi cân nhắc kỹ lưỡng, ban giám đốc đã phê duyệt đề xuất."
"30_Days_TOEIC","RL20","considerable","đáng kể","adj","/kənˈsɪd.ɚ.ə.bəl/","The company invested a considerable amount in research and development.","Công ty đã đầu tư một khoản đáng kể vào nghiên cứu và phát triển."
"30_Days_TOEIC","RL20","adjacent","liền kề, sát bên","adj","/əˈdʒeɪ.sənt/","The new office is adjacent to the city’s main transportation hub.","Văn phòng mới nằm liền kề trung tâm giao thông chính của thành phố."
"30_Days_TOEIC","RL20","authentic","xác thực, chính hãng","adj","/ɑːˈθen.tɪk/","This shop only sells authentic handmade crafts from local artists.","Cửa hàng này chỉ bán các sản phẩm thủ công xác thực từ nghệ nhân địa phương."
"30_Days_TOEIC","RL20","dedicated","tận tâm, tận tụy với mục tiêu cụ thể","adj","/ˈded.ə.keɪ.t̬ɪd/","We have a team of dedicated representatives ready to assist clients.","Chúng tôi có một đội ngũ đại diện tận tâm sẵn sàng hỗ trợ khách hàng."
"30_Days_TOEIC","RL20","dedicate","cống hiến, dành thời gian cho điều gì đó cụ thể","verb","/ˈded.ə.keɪt/","He dedicated his entire career to helping underprivileged children.","Anh ấy đã cống hiến toàn bộ sự nghiệp để giúp đỡ trẻ em kém may mắn."
"30_Days_TOEIC","RL20","dedication","sự cống hiến","noun","/ˌded.əˈkeɪ.ʃən/","Her dedication to quality has earned the respect of her peers.","Sự cống hiến cho chất lượng của cô ấy đã được đồng nghiệp kính trọng."
"30_Days_TOEIC","RL20","predictable","dễ đoán","adj","/prɪˈdɪk.tə.bəl/","The storyline was too predictable to hold the audience’s attention.","Cốt truyện quá dễ đoán nên không giữ được sự chú ý của khán giả."
"30_Days_TOEIC","RL20","predict","dự đoán điều sẽ xảy ra","verb","/prɪˈdɪkt/","Analysts predict strong growth in the second quarter.","Các nhà phân tích dự đoán tăng trưởng mạnh trong quý hai."
"30_Days_TOEIC","RL20","predicted","được dự đoán","adj","/prɪˈdɪk.tɪd/","The predicted storm hit the coast earlier than expected.","Cơn bão đã được dự đoán ập vào bờ sớm hơn dự kiến."
"30_Days_TOEIC","RL20","predictably","một cách dễ đoán","adverb","/prɪˈdɪk.tə.bli/","Predictably, the project ran over budget.","Dễ đoán, dự án đã vượt quá ngân sách."
"30_Days_TOEIC","RL20","unpredictable","khó đoán, thay đổi bất ngờ","adj","/ˌʌn.prɪˈdɪk.tə.bəl/","The weather here is highly unpredictable in spring.","Thời tiết ở đây rất khó đoán vào mùa xuân."
"30_Days_TOEIC","RL20","accountable","chịu trách nhiệm","adj","/əˈkaʊn.tə.bəl/","Supervisors are accountable for ensuring safety procedures are followed.","Các giám sát viên chịu trách nhiệm đảm bảo các quy trình an toàn được tuân thủ."
"30_Days_TOEIC","RL20","accountability","trách nhiệm giải trình","noun","/əˌkaʊn.təˈbɪl.ə.t̬i/","The manager emphasized the need for transparency and accountability.","Quản lý nhấn mạnh sự cần thiết của tính minh bạch và trách nhiệm giải trình."
"30_Days_TOEIC","RL20","inclement","thời tiết khắc nghiệt","adj","/ɪnˈklem.ənt/","Flights were delayed across the region due to inclement weather.","Các chuyến bay bị hoãn trên toàn khu vực do thời tiết khắc nghiệt."
"30_Days_TOEIC","RL20","obsolete","lỗi thời, không còn sử dụng được nữa","adj","/ˌɑːb.səlˈiːt/","Many companies have replaced obsolete equipment with modern technology.","Nhiều công ty đã thay thế thiết bị lỗi thời bằng công nghệ hiện đại."
"30_Days_TOEIC","RL21","additional","bổ sung, thêm vào","adj","/əˈdɪʃ.ən.əl/","The client agreed to pay for the additional cost of expedited shipping.","Khách hàng đã đồng ý trả thêm chi phí vận chuyển nhanh."
"30_Days_TOEIC","RL21","add","thêm vào","verb","/æd/","Please add your signature at the bottom of the form.","Vui lòng thêm chữ ký của bạn ở cuối biểu mẫu."
"30_Days_TOEIC","RL21","addition","sự bổ sung","noun","/əˈdɪʃ.ən/","In addition to a bonus, employees will receive gift cards.","Ngoài tiền thưởng, nhân viên sẽ nhận được thẻ quà tặng."
"30_Days_TOEIC","RL21","additionally","ngoài ra","adverb","/əˈdɪʃ.ən.əl.i/","Additionally, we’ll provide a free consultation for first-time clients.","Ngoài ra, chúng tôi sẽ cung cấp tư vấn miễn phí cho khách hàng lần đầu."
"30_Days_TOEIC","RL21","regular","đều đặn","adj","/ˈreɡjələr/","The technician performs regular maintenance on the equipment.","Kỹ thuật viên thực hiện bảo trì định kỳ cho thiết bị."
"30_Days_TOEIC","RL21","regularly","thường xuyên","adverb","/ˈreɡjələrli/","Inspectors regularly check fire safety equipment.","Thanh tra kiểm tra thiết bị an toàn cháy nổ thường xuyên."
"30_Days_TOEIC","RL21","irregular","không đều, không theo quy luật","adj","/ɪˈreɡjələr/","The factory reported irregular power outages last month.","Nhà máy báo cáo những lần mất điện không đều vào tháng trước."
"30_Days_TOEIC","RL21","experienced","có kinh nghiệm","adj","/ɪkˈspɪriənst/","The company hired an experienced mechanic to lead the repair team.","Công ty đã thuê một thợ máy có kinh nghiệm để dẫn dắt đội sửa chữa."
"30_Days_TOEIC","RL21","experience","kinh nghiệm","noun","/ɪkˈspɪriəns/","She gained valuable experience while working abroad.","Cô ấy đã tích lũy được kinh nghiệm quý báu khi làm việc ở nước ngoài."
"30_Days_TOEIC","RL21","inexperienced","thiếu kinh nghiệm","adj","/ˌɪnɪkˈspɪriənst/","The company does not recommend this task for inexperienced workers.","Công ty không khuyến khích nhân viên thiếu kinh nghiệm thực hiện công việc này."
"30_Days_TOEIC","RL21","sufficient","đủ, đáp ứng yêu cầu","adj","/səˈfɪʃnt/","The team was given sufficient time to complete the project.","Nhóm đã được cấp đủ thời gian để hoàn thành dự án."
"30_Days_TOEIC","RL21","sufficiently","một cách đầy đủ","adverb","/səˈfɪʃntli/","The problem was not sufficiently addressed during the meeting.","Vấn đề đã không được giải quyết đầy đủ trong cuộc họp."
"30_Days_TOEIC","RL21","enough","đủ","determiner","/ɪˈnʌf/","There wasn’t enough notice given before the schedule change.","Không có đủ thông báo trước khi thay đổi lịch trình."
"30_Days_TOEIC","RL21","insufficient","không đủ, thiếu","adj","/ˌɪnsəˈfɪʃnt/","There was insufficient evidence to support the claim.","Không có đủ bằng chứng để hỗ trợ cho tuyên bố đó."
"30_Days_TOEIC","RL21","professional","chuyên nghiệp","adj","/prəˈfeʃənl/","Managers must attend a professional development seminar next week.","Các quản lý phải tham dự hội thảo phát triển chuyên môn vào tuần tới."
"30_Days_TOEIC","RL21","professionally","một cách chuyên nghiệp","adverb","/prəˈfeʃənəli/","The issue was handled professionally by the customer service team.","Vấn đề đã được xử lý một cách chuyên nghiệp bởi đội ngũ chăm sóc khách hàng."
"30_Days_TOEIC","RL21","functional","hoạt động tốt, thiết thực","adj","/ˈfʌŋkʃənl/","Mr. Nipsta confirmed the device was completely functional again.","Ông Nipsta xác nhận thiết bị đã hoạt động hoàn toàn bình thường trở lại."
"30_Days_TOEIC","RL21","function","chức năng hoặc vai trò","noun","/ˈfʌŋkʃən/","The main function of this software is to organize financial records.","Chức năng chính của phần mềm này là tổ chức hồ sơ tài chính."
"30_Days_TOEIC","RL21","functionality","tính năng hoạt động","noun","/ˌfʌŋkʃəˈnæləti/","The new version offers improved functionality and faster performance.","Phiên bản mới cung cấp tính năng cải tiến và hiệu suất nhanh hơn."
"30_Days_TOEIC","RL21","adequate","đủ, phù hợp với yêu cầu","adj","/ˈædɪkwət/","The monitor was damaged in shipping because the packaging was not adequate.","Màn hình bị hỏng trong quá trình vận chuyển vì bao bì không đủ tốt."
"30_Days_TOEIC","RL21","adequately","một cách đầy đủ","adverb","/ˈædɪkwətli/","The report was not adequately explained to the board.","Báo cáo đã không được giải thích đầy đủ cho ban giám đốc."
"30_Days_TOEIC","RL21","inadequate","không đủ, không đạt yêu cầu","adj","/ɪnˈædɪkwət/","The funding provided for the project was inadequate.","Khoản kinh phí được cấp cho dự án là không đủ."
"30_Days_TOEIC","RL21","vital","cực kỳ quan trọng","adj","/ˈvaɪtl/","An online marketing strategy is vital for survival in a competitive market.","Chiến lược tiếp thị trực tuyến là điều sống còn để tồn tại trong một thị trường cạnh tranh."
"30_Days_TOEIC","RL21","vitally","cực kỳ quan trọng","adverb","/ˈvaɪtəli/","It is vitally important that we meet the deadline.","Việc đáp ứng thời hạn là vô cùng quan trọng."
"30_Days_TOEIC","RL21","unlimited","không giới hạn","adj","/ʌnˈlɪmɪtɪd/","Your subscription allows you unlimited access to articles on our Web site.","Gói đăng ký của bạn cho phép truy cập không giới hạn vào các bài viết trên trang web của chúng tôi."
"30_Days_TOEIC","RL21","unlimitedly","một cách không giới hạn","adverb","/ʌnˈlɪmɪtɪdli/","Premium users can browse the platform unlimitedly without interruptions.","Người dùng cao cấp có thể duyệt nền tảng một cách không giới hạn mà không bị gián đoạn."
"30_Days_TOEIC","RL21","managerial","liên quan đến quản lý","adj","/ˌmænəˈdʒɪriəl/","A reception for managerial staff will be held on Thursday in the boardroom.","Buổi tiếp đón dành cho nhân sự quản lý sẽ được tổ chức vào thứ Năm trong phòng họp."
"30_Days_TOEIC","RL21","manager","người quản lý","noun","/ˈmænɪdʒər/","The store manager is responsible for overseeing daily operations.","Quản lý cửa hàng chịu trách nhiệm giám sát hoạt động hàng ngày."
"30_Days_TOEIC","RL21","manageable","dễ quản lý","adj","/ˈmænɪdʒəbl/","We divided the project into smaller, more manageable parts.","Chúng tôi đã chia dự án thành các phần nhỏ hơn và dễ quản lý hơn."
"30_Days_TOEIC","RL21","unattended","không được trông coi","adj","/ˌʌnəˈtendɪd/","An unattended backpack was found in the empty gym.","Một ba lô không người trông coi được phát hiện trong phòng tập trống."
"30_Days_TOEIC","RL21","artificial","nhân tạo","adj","/ˌɑːrtɪˈfɪʃl/","Too many artificial ingredients are used to make this food product.","Có quá nhiều thành phần nhân tạo được sử dụng để làm ra sản phẩm thực phẩm này."
"30_Days_TOEIC","RL21","natural","tự nhiên, không nhân tạo","adj","/ˈnætʃrəl/","We only use natural ingredients in all of our skincare products.","Chúng tôi chỉ sử dụng thành phần tự nhiên trong tất cả sản phẩm chăm sóc da."
"30_Days_TOEIC","RL21","protective","có tính bảo vệ","adj","/prəˈtektɪv/","Staff members who work with chemicals should wear protective gear.","Nhân viên làm việc với hóa chất nên mặc đồ bảo hộ."
"30_Days_TOEIC","RL21","protect","bảo vệ khỏi hại hoặc nguy hiểm","verb","/prəˈtekt/","These gloves help protect your hands from chemicals.","Những chiếc găng tay này giúp bảo vệ tay bạn khỏi hóa chất."
"30_Days_TOEIC","RL21","protection","sự bảo vệ khỏi tổn hại","noun","/prəˈtekʃn/","This sunscreen offers strong protection against UV rays.","Kem chống nắng này cung cấp sự bảo vệ mạnh khỏi tia UV."
"30_Days_TOEIC","RL21","steady","ổn định, đều đặn","adj","/ˈstedi/","The price of fuel continues its steady rise for the tenth week in a row.","Giá nhiên liệu tiếp tục tăng đều trong tuần thứ mười liên tiếp."
"30_Days_TOEIC","RL21","steadily","đều đặn","adverb","/ˈstedəli/","Fuel costs have been rising steadily since January.","Chi phí nhiên liệu đã tăng đều đặn kể từ tháng Một."
"30_Days_TOEIC","RL21","sizable","khá lớn, đáng kể","adj","/ˈsaɪzəbl/","The warehouse provides storage for a sizable amount of merchandise.","Nhà kho cung cấp không gian lưu trữ cho một lượng hàng hóa đáng kể."
"30_Days_TOEIC","RL21","size","kích thước","noun","/saɪz/","The size of the package exceeded airline limits.","Kích thước của kiện hàng đã vượt quá giới hạn của hãng hàng không."
"30_Days_TOEIC","RL21","due","đến hạn, phải nộp hoặc phải trả","adj","/duː/","The proposal for the parking garage was due yesterday.","Bản đề xuất cho nhà để xe đã đến hạn vào hôm qua."
"30_Days_TOEIC","RL21","noticeable","dễ nhận thấy, rõ rệt","adj","/ˈnəʊtɪsəbl/","The advertising campaign has had a noticeable effect on sales.","Chiến dịch quảng cáo đã tạo ra ảnh hưởng rõ rệt đến doanh số."
"30_Days_TOEIC","RL21","notice","thông báo hoặc sự chú ý","noun","/ˈnəʊtɪs/","Please give two weeks’ notice before resigning.","Vui lòng thông báo trước hai tuần trước khi nghỉ việc."
"30_Days_TOEIC","RL21","noticeably","một cách rõ ràng","adverb","/ˈnəʊtɪsəbli/","Customer satisfaction has noticeably improved this quarter.","Sự hài lòng của khách hàng đã cải thiện rõ rệt trong quý này."
"30_Days_TOEIC","RL21","sensitive","nhạy cảm","adj","/ˈsensətɪv/","The XT100 is the most sensitive home-kitchen scales on the market.","XT100 là cân nhà bếp nhạy nhất trên thị trường."
"30_Days_TOEIC","RL21","sense","giác quan hoặc khả năng nhận biết","noun","/sens/","He has a strong sense of responsibility.","Anh ấy có tinh thần trách nhiệm cao."
"30_Days_TOEIC","RL21","sensitivity","sự nhạy cảm","noun","/ˌsensəˈtɪvəti/","The sensor’s high sensitivity allows it to detect even small movements.","Độ nhạy cao của cảm biến cho phép nó phát hiện cả những chuyển động nhỏ."
"30_Days_TOEIC","RL21","sensible","hợp lý, thực tế","adj","/ˈsensəbl/","A sensible plan of action was proposed by the supervisor.","Một kế hoạch hành động hợp lý đã được người giám sát đề xuất."
"30_Days_TOEIC","RL21","impressive","gây ấn tượng mạnh","adj","/ɪmˈpresɪv/","Earnings were not impressive enough to attract more investors.","Doanh thu không đủ ấn tượng để thu hút thêm nhà đầu tư."
"30_Days_TOEIC","RL21","impress","gây ấn tượng","verb","/ɪmˈpres/","The speaker impressed the audience with his powerful message.","Diễn giả đã gây ấn tượng với khán giả bằng thông điệp mạnh mẽ."
"30_Days_TOEIC","RL21","impression","ấn tượng, cảm nhận ban đầu","noun","/ɪmˈpreʃn/","It’s important to make a good impression on your first day.","Việc tạo ấn tượng tốt trong ngày đầu rất quan trọng."
"30_Days_TOEIC","RL21","impressed","bị ấn tượng","adj","/ɪmˈprest/","Everyone at the concert was impressed by Ms. Vincenzi’s outstanding performance.","Mọi người tại buổi hòa nhạc đều ấn tượng với màn trình diễn xuất sắc của cô Vincenzi."
"30_Days_TOEIC","RL21","outstanding","nổi bật, xuất sắc","adj","/aʊtˈstændɪŋ/","Ms. Chu was happy to receive the award for outstanding performance.","Cô Chu rất vui khi nhận giải thưởng cho thành tích xuất sắc."
"30_Days_TOEIC","RL21","outstanding","chưa thanh toán, còn tồn đọng","adj","/aʊtˈstændɪŋ/","The outstanding balance must be paid promptly.","Số dư chưa thanh toán cần được chi trả ngay lập tức."
"30_Days_TOEIC","RL21","widespread","phổ biến rộng rãi","adj","/ˈwaɪdspred/","The widespread use of cell phones has changed the way we communicate.","Việc sử dụng điện thoại di động rộng rãi đã làm thay đổi cách chúng ta giao tiếp."
"30_Days_TOEIC","RL21","visible","có thể nhìn thấy","adj","/ˈvɪzəbl/","Ensure that the warning lights are clearly visible.","Đảm bảo rằng các đèn cảnh báo có thể nhìn thấy rõ ràng."
"30_Days_TOEIC","RL21","vision","tầm nhìn","noun","/ˈvɪʒn/","The company’s vision is to lead innovation in renewable energy.","Tầm nhìn của công ty là dẫn đầu đổi mới trong lĩnh vực năng lượng tái tạo."
"30_Days_TOEIC","RL21","exceptional","xuất sắc, nổi bật, vượt trội","adj","/ɪkˈsepʃənl/","Ana Paskevich has been honored as an exceptional writer.","Ana Paskevich đã được vinh danh là một nhà văn xuất sắc."
"30_Days_TOEIC","RL21","exceptionally","một cách đặc biệt","adverb","/ɪkˈsepʃənəli/","The staff was exceptionally helpful during our stay.","Nhân viên đã hỗ trợ một cách đặc biệt trong suốt thời gian chúng tôi ở lại."
"30_Days_TOEIC","RL21","personal","cá nhân, riêng tư","adj","/ˈpɜːrsənl/","If you need to update any personal information, contact us promptly.","Nếu bạn cần cập nhật bất kỳ thông tin cá nhân nào, vui lòng liên hệ ngay với chúng tôi."
"30_Days_TOEIC","RL21","personalized","cá nhân hóa","adj","/ˈpɜːrsənəlaɪzd/","We offer personalized customer support for premium members.","Chúng tôi cung cấp hỗ trợ khách hàng cá nhân hóa cho thành viên cao cấp."
"30_Days_TOEIC","RL21","enclosed","đính kèm","adj","/ɪnˈkləʊzd/","Please take a moment to fill out the enclosed form and mail it to us.","Vui lòng dành chút thời gian điền vào mẫu đơn đính kèm và gửi lại cho chúng tôi."
"30_Days_TOEIC","RL21","enclose","đính kèm","verb","/ɪnˈkləʊz/","I have enclosed a copy of the invoice with this letter.","Tôi đã đính kèm bản sao hóa đơn cùng với bức thư này."
"30_Days_TOEIC","RL21","enclosure","tài liệu đính kèm","noun","/ɪnˈkləʊʒər/","The letter includes a list of enclosures at the bottom.","Bức thư có danh sách tài liệu đính kèm ở cuối."
"30_Days_TOEIC","RL21","superb","tuyệt vời, xuất sắc","adj","/suːˈpɜːrb/","Fred’s superb attention to detail is his best attribute.","Sự chú ý đến chi tiết tuyệt vời của Fred là điểm mạnh nhất của anh ấy."
"30_Days_TOEIC","RL21","superbly","một cách xuất sắc","adverb","/suːˈpɜːrbli/","The team performed superbly under pressure.","Đội đã thi đấu xuất sắc dưới áp lực."
"30_Days_TOEIC","RL21","eager","háo hức, hăm hở","adj","/ˈiːɡər/","Ruleof is eager to learn if his sketch won first place in the contest.","Ruleof rất háo hức muốn biết liệu bản phác thảo của mình có giành giải nhất cuộc thi hay không."
"30_Days_TOEIC","RL21","eagerness","sự háo hức","noun","/ˈiːɡərnəs/","His eagerness to impress the panel was obvious.","Sự háo hức gây ấn tượng với ban giám khảo của anh ấy là điều rõ ràng."
"30_Days_TOEIC","RL21","eagerly","một cách háo hức","adverb","/ˈiːɡərli/","Fans eagerly await the release of the new album.","Người hâm mộ háo hức chờ đợi sự ra mắt của album mới."
"30_Days_TOEIC","RL21","removable","có thể tháo rời","adj","/rɪˈmuːvəbl/","The equipment has a removable cover for easy cleaning.","Thiết bị có nắp có thể tháo rời để dễ dàng vệ sinh."
"30_Days_TOEIC","RL21","remove","gỡ bỏ, di chuyển ra khỏi vị trí","verb","/rɪˈmuːv/","Please remove your shoes before entering the room.","Vui lòng tháo giày trước khi vào phòng."
"30_Days_TOEIC","RL21","removal","sự loại bỏ","noun","/rɪˈmuːvəl/","The removal of outdated equipment will begin next week.","Việc loại bỏ thiết bị lỗi thời sẽ bắt đầu vào tuần tới."
"30_Days_TOEIC","RL21","positive","tích cực, lạc quan, có lợi","adj","/ˈpɑːzətɪv/","Passionate employees have a positive influence on their colleagues.","Nhân viên nhiệt huyết có ảnh hưởng tích cực đến đồng nghiệp của họ."
"30_Days_TOEIC","RL21","positively","một cách tích cực","adverb","/ˈpɑːzətɪvli/","Customers responded positively to the new design.","Khách hàng đã phản hồi tích cực với thiết kế mới."
"30_Days_TOEIC","RL21","negative","tiêu cực","adj","/ˈneɡətɪv/","The manager warned about the negative impact of delays.","Người quản lý cảnh báo về tác động tiêu cực của việc trì hoãn."
"30_Days_TOEIC","RL21","committed","tận tâm, cam kết với điều gì đó","adj","/kəˈmɪtɪd/","Industry Bank is committed to keeping customer information secure.","Ngân hàng Industry cam kết giữ an toàn thông tin khách hàng."
"30_Days_TOEIC","RL21","commit","cam kết, dành tâm huyết cho điều gì","verb","/kəˈmɪt/","Our team has committed to delivering the project on time.","Nhóm của chúng tôi đã cam kết giao dự án đúng hạn."
"30_Days_TOEIC","RL21","previous","trước đó","adj","/ˈpriː.vi.əs/","The previous manager introduced the current reporting system.","Người quản lý trước đây đã giới thiệu hệ thống báo cáo hiện tại."
"30_Days_TOEIC","RL21","previously","trước đây","adverb","/ˈpriː.vi.əs.li/","The policy was previously approved by the board.","Chính sách đã được phê duyệt trước đó bởi ban giám đốc."
"30_Days_TOEIC","RL21","likely","có khả năng xảy ra","adj","/ˈlaɪ.kli/","It is likely that the company will relocate next year.","Rất có thể công ty sẽ chuyển địa điểm vào năm sau."
"30_Days_TOEIC","RL21","unlikely","khó xảy ra","adj","/ʌnˈlaɪ.kli/","It is unlikely that the deadline will be extended again.","Khó có khả năng thời hạn sẽ được gia hạn thêm lần nữa."
"30_Days_TOEIC","RL21","repeated","lặp đi lặp lại","adj","/rɪˈpiː.t̬ɪd/","Despite repeated warnings, the employee continued to violate company rules.","Bất chấp những cảnh báo lặp đi lặp lại, nhân viên vẫn tiếp tục vi phạm quy định công ty."
"30_Days_TOEIC","RL21","repeatedly","lặp đi lặp lại","adverb","/rɪˈpiː.t̬ɪd.li/","The customer service team was repeatedly asked to improve their response time.","Đội ngũ chăm sóc khách hàng đã nhiều lần được yêu cầu cải thiện thời gian phản hồi."
"30_Days_TOEIC","RL21","valid","hợp lệ","adj","/ˈvæl.ɪd/","Each applicant must have a valid driver’s license.","Mỗi ứng viên phải có giấy phép lái xe hợp lệ."
"30_Days_TOEIC","RL21","validate","xác nhận tính hợp lệ","verb","/ˈvæl.ə.deɪt/","The supervisor must validate your parking ticket before you leave.","Người giám sát phải xác nhận vé đậu xe của bạn trước khi bạn rời đi."
"30_Days_TOEIC","RL21","validity","tính hợp lệ","noun","/vəˈlɪd.ə.t̬i/","Questions were raised about the validity of the test results.","Những câu hỏi đã được đặt ra về tính hợp lệ của kết quả kiểm tra."
"30_Days_TOEIC","RL21","invalid","không hợp lệ","adj","/ɪnˈvæl.ɪd/","The password you entered is invalid.","Mật khẩu bạn nhập không hợp lệ."
"30_Days_TOEIC","RL21","abundant","dồi dào, phong phú","adj","/əˈbʌn.dənt/","There was abundant evidence to support the theory.","Có rất nhiều bằng chứng để ủng hộ lý thuyết đó."
"30_Days_TOEIC","RL21","abound","có nhiều, tồn tại nhiều","verb","/əˈbaʊnd/","Wild animals abound in this remote area.","Động vật hoang dã có rất nhiều ở khu vực hẻo lánh này."
"30_Days_TOEIC","RL21","abundance","sự phong phú, dồi dào","noun","/əˈbʌn.dəns/","The area has an abundance of fresh water.","Khu vực này có nguồn nước ngọt dồi dào."
"30_Days_TOEIC","RL21","abundantly","một cách dồi dào","adverb","/əˈbʌn.dənt.li/","The flowers are abundantly scattered across the meadow.","Những bông hoa được rải rác khắp cánh đồng một cách phong phú."
"30_Days_TOEIC","RL21","rigorous","nghiêm ngặt, chặt chẽ, kỹ lưỡng","adj","/ˈrɪɡ.ɚ.əs/","Our products meet rigorous technical specifications.","Sản phẩm của chúng tôi đáp ứng các tiêu chuẩn kỹ thuật nghiêm ngặt."
"30_Days_TOEIC","RL21","rigorously","một cách nghiêm ngặt","adverb","/ˈrɪɡ.ɚ.əs.li/","Each stage of production is rigorously monitored.","Mỗi giai đoạn sản xuất đều được giám sát nghiêm ngặt."
"30_Days_TOEIC","RL21","tentative","tạm thời, chưa chắc chắn","adj","/ˈten.t̬ə.t̬ɪv/","The schedule is tentative, and we will keep you posted on any changes.","Lịch trình là tạm thời và chúng tôi sẽ thông báo cho bạn về bất kỳ thay đổi nào."
"30_Days_TOEIC","RL21","tentatively","một cách tạm thời","adverb","/ˈten.t̬ə.t̬ɪv.li/","The meeting has been tentatively rescheduled for Friday afternoon.","Cuộc họp đã được tạm thời dời lại vào chiều thứ Sáu."
"30_Days_TOEIC","RL21","diverse","đa dạng","adj","/daɪˈvɝːs/","Because of my diverse experience, I have developed strong skills in financial consulting.","Vì có kinh nghiệm đa dạng, tôi đã phát triển kỹ năng tư vấn tài chính vững chắc."
"30_Days_TOEIC","RL21","diversity","sự đa dạng","noun","/daɪˈvɝː.sə.t̬i/","The team’s strength lies in its cultural diversity.","Điểm mạnh của đội ngũ nằm ở sự đa dạng văn hóa."
"30_Days_TOEIC","RL21","diversely","một cách đa dạng","adverb","/daɪˈvɝː.sli/","The company is diversely invested in both technology and healthcare.","Công ty đầu tư đa dạng vào cả công nghệ lẫn chăm sóc sức khỏe."
"30_Days_TOEIC","RL21","ample","dư dả, đủ dùng","adj","/ˈæm.pəl/","The building offers ample room to allow for staff expansion.","Tòa nhà cung cấp không gian dư dả để mở rộng nhân sự."
"30_Days_TOEIC","RL21","lucrative","sinh lợi, có lợi nhuận cao","adj","/ˈluː.krə.t̬ɪv/","The new incentive plan will prove to be very lucrative for some employees.","Kế hoạch khuyến khích mới sẽ mang lại nhiều lợi nhuận cho một số nhân viên."
"30_Days_TOEIC","RL21","knowledgeable","am hiểu, có kiến thức tốt","adj","/ˈnɑː.lɪ.dʒə.bəl/","Call Senzweil, Inc., today to speak with a knowledgeable consultant.","Hãy gọi cho Senzweil, Inc. hôm nay để nói chuyện với một chuyên gia tư vấn am hiểu."
"30_Days_TOEIC","RL21","knowledge","kiến thức, sự hiểu biết","noun","/ˈnɑː.lɪdʒ/","He has extensive knowledge of financial regulations.","Anh ấy có kiến thức sâu rộng về các quy định tài chính."
"30_Days_TOEIC","RL21","equivalent","tương đương","adj","/ɪˈkwɪv.əl.ənt/","Our firm's annual revenue is equivalent to that of our larger competitors.","Doanh thu hằng năm của công ty chúng tôi tương đương với các đối thủ lớn hơn."
"30_Days_TOEIC","RL21","entertaining","thú vị, mang tính giải trí","adj","/ˌen.t̬ɚˈteɪ.nɪŋ/","Action movies are more entertaining than dramas.","Phim hành động thú vị hơn phim tâm lý."
"30_Days_TOEIC","RL21","entertainment","giải trí","noun","/ˌen.t̬ɚˈteɪn.mənt/","The hotel offers live entertainment every weekend.","Khách sạn có chương trình giải trí trực tiếp mỗi cuối tuần."
"30_Days_TOEIC","RL21","entertain","giải trí, làm vui vẻ","verb","/ˌen.t̬ɚˈteɪn/","The comedian was hired to entertain guests at the banquet.","Danh hài được thuê để giải trí cho khách tại buổi tiệc."
"30_Days_TOEIC","RL21","perishable","dễ hỏng","adj","/ˈper.ɪ.ʃə.bəl/","The contents are perishable so they must be delivered promptly.","Nội dung bên trong là hàng dễ hỏng nên phải được giao ngay lập tức."
"30_Days_TOEIC","RL21","perish","hỏng, chết, mất đi","verb","/ˈper.ɪʃ/","Without refrigeration, the food will perish quickly.","Nếu không được làm lạnh, thực phẩm sẽ nhanh chóng hỏng."
"30_Days_TOEIC","RL21","competent","có năng lực","adj","/ˈkɑːm.pə.tənt/","Mr. Nah is regarded as the company’s most competent vice president.","Ông Nah được xem là phó chủ tịch có năng lực nhất của công ty."
"30_Days_TOEIC","RL21","competence","năng lực","noun","/ˈkɑːm.pə.təns/","The manager questioned his competence to handle the project.","Người quản lý nghi ngờ năng lực của anh ta trong việc xử lý dự án."
"30_Days_TOEIC","RL21","incompetent","thiếu năng lực","adj","/ɪnˈkɑːm.pə.tənt/","He was dismissed for being incompetent in his duties.","Anh ta bị sa thải vì không hoàn thành công việc một cách hiệu quả."
"30_Days_TOEIC","RL21","imperative","cấp thiết, rất quan trọng","adj","/ɪmˈper.ə.t̬ɪv/","It is imperative that the documents be meticulously examined.","Điều tối quan trọng là các tài liệu phải được kiểm tra một cách kỹ lưỡng."
"30_Days_TOEIC","RL21","compulsory","bắt buộc","adj","/kəmˈpʌl.sɚ.i/","Attendance at the training session is compulsory.","Việc tham dự buổi đào tạo là bắt buộc."
"30_Days_TOEIC","RL21","redeemable","có thể quy đổi","adj","/rɪˈdiː.mə.bəl/","Visit the museum Web site for coupons redeemable at our souvenir shops.","Truy cập trang web của bảo tàng để nhận phiếu giảm giá có thể đổi tại cửa hàng lưu niệm."
"30_Days_TOEIC","RL21","redeem","đổi, quy đổi, chuộc lại","verb","/rɪˈdiːm/","You can redeem your points for travel discounts.","Bạn có thể đổi điểm lấy ưu đãi du lịch."
"30_Days_TOEIC","RL21","skeptical","hoài nghi, không tin tưởng","adj","/ˈskep.tɪ.kəl/","While initially skeptical about the idea, Mr. Roy eventually agreed.","Dù ban đầu hoài nghi về ý tưởng đó, ông Roy cuối cùng đã đồng ý."
"30_Days_TOEIC","RL21","comparable","có thể so sánh, tương đương","adj","/ˈkɑːm.pɚ.ə.bəl/","The two companies provide comparable employee benefits.","Hai công ty cung cấp các chế độ phúc lợi cho nhân viên tương đương nhau."
"30_Days_TOEIC","RL21","compatible","tương thích, phù hợp khi sử dụng cùng nhau","adj","/kəmˈpæt̬.ə.bəl/","Compatible with most computer operating systems.","Tương thích với hầu hết các hệ điều hành máy tính."
"30_Days_TOEIC","RL21","versatile","đa năng, linh hoạt, dùng được nhiều mục đích","adj","/ˈvɝː.sə.t̬əl/","Plastic is a versatile construction material.","Nhựa là vật liệu xây dựng đa năng."
"30_Days_TOEIC","RL21","versatility","tính đa dụng, khả năng linh hoạt","noun","/ˌvɝː.səˈtɪl.ə.t̬i/","We value the versatility of our new marketing team.","Chúng tôi đánh giá cao sự linh hoạt của đội ngũ tiếp thị mới."
"30_Days_TOEIC","RL22","critical","rất quan trọng","adj","/ˈkrɪt̬.ɪ.kəl/","We will begin installation of critical updates on all computers.","Chúng tôi sẽ bắt đầu cài đặt các bản cập nhật quan trọng trên tất cả máy tính."
"30_Days_TOEIC","RL22","criticize","chỉ trích, phê bình","verb","/ˈkrɪt̬.ɪ.saɪz/","The manager criticized the report for lacking details.","Người quản lý đã chỉ trích bản báo cáo vì thiếu chi tiết."
"30_Days_TOEIC","RL22","essential","cần thiết, thiết yếu","adj","/ɪˈsen.ʃəl/","It is essential that employees wear ID badges at all times.","Việc nhân viên đeo thẻ ID mọi lúc là điều bắt buộc."
"30_Days_TOEIC","RL22","durable","bền chắc","adj","/ˈdʊr.ə.bəl/","The old iron pipes will be replaced with durable plastic pipes.","Các ống sắt cũ sẽ được thay thế bằng ống nhựa bền chắc."
"30_Days_TOEIC","RL22","durability","độ bền","noun","/ˌdʊr.əˈbɪl.ə.t̬i/","Durability is a key factor when selecting office furniture.","Độ bền là yếu tố then chốt khi chọn nội thất văn phòng."
"30_Days_TOEIC","RL22","promising","đầy hứa hẹn","adj","/ˈprɑː.mɪ.sɪŋ/","With its well-qualified workforce, Huntsville is a promising location for investors.","Với lực lượng lao động có trình độ, Huntsville là địa điểm đầy hứa hẹn cho các nhà đầu tư."
"30_Days_TOEIC","RL22","notable","đáng chú ý, nổi bật","adj","/ˈnoʊ.t̬ə.bəl/","The mayor’s most notable achievement was a reduction in city taxes.","Thành tựu đáng chú ý nhất của thị trưởng là việc giảm thuế thành phố."
"30_Days_TOEIC","RL22","aware","nhận thức, biết rõ","adj","/əˈwer/","We are aware that our warranty expired a year ago.","Chúng tôi biết rằng bảo hành của mình đã hết hạn một năm trước."
"30_Days_TOEIC","RL22","awareness","sự nhận thức","noun","/əˈwer.nəs/","The campaign aims to increase awareness of environmental issues.","Chiến dịch nhằm nâng cao nhận thức về các vấn đề môi trường."
"30_Days_TOEIC","RL22","unaware","không biết, không nhận thức","adj","/ˌʌn.əˈwer/","Many users were unaware of the system update.","Nhiều người dùng không biết về bản cập nhật hệ thống."
"30_Days_TOEIC","RL22","valuable","có giá trị, hữu ích","adj","/ˈvæl.jə.bəl/","Sign up now for an opportunity to gain valuable experience.","Đăng ký ngay để có cơ hội tích lũy kinh nghiệm quý báu."
"30_Days_TOEIC","RL22","value","giá trị, tầm quan trọng","noun","/ˈvæl.juː/","We recognize the value of consistent employee training.","Chúng tôi nhận thấy giá trị của việc đào tạo nhân viên thường xuyên."
"30_Days_TOEIC","RL22","invaluable","vô giá, cực kỳ hữu ích","adj","/ɪnˈvæl.jə.bəl/","Your support during the transition was invaluable.","Sự hỗ trợ của bạn trong thời gian chuyển giao là vô giá."
"30_Days_TOEIC","RL22","valueless","vô giá trị","adj","/ˈvæl.juː.ləs/","Without proof of authenticity, the artwork is valueless.","Không có bằng chứng xác thực, tác phẩm nghệ thuật trở nên vô giá trị."
"30_Days_TOEIC","RL22","repetitive","lặp đi lặp lại, nhàm chán","adj","/rɪˈpet̬.ə.t̬ɪv/","I revised the report because the language in it was too repetitive.","Tôi đã sửa lại báo cáo vì ngôn ngữ trong đó quá lặp đi lặp lại."
"30_Days_TOEIC","RL22","repeat","lặp lại","verb","/rɪˈpiːt/","Could you please repeat your question?","Bạn có thể vui lòng lặp lại câu hỏi của mình không?"
"30_Days_TOEIC","RL22","repetition","sự lặp lại","noun","/ˌrep.əˈtɪʃ.ən/","Repetition helps reinforce learning in training programs.","Sự lặp lại giúp củng cố việc học trong các chương trình đào tạo."
"30_Days_TOEIC","RL22","unavailable","không có sẵn","adj","/ˌʌn.əˈveɪ.lə.bəl/","The D40 is no longer being produced and is therefore unavailable.","D40 không còn được sản xuất nữa nên không còn có sẵn."
"30_Days_TOEIC","RL22","available","có sẵn để sử dụng","adj","/əˈveɪ.lə.bəl/","The report will be available online after 3 P.M.","Báo cáo sẽ có sẵn trực tuyến sau 3 giờ chiều."
"30_Days_TOEIC","RL22","fiscal","liên quan đến tài chính","adj","/ˈfɪs.kəl/","JR Electronics has enjoyed steady sales since the start of this fiscal year.","JR Electronics đã có doanh số ổn định kể từ đầu năm tài chính này."
"30_Days_TOEIC","RL22","effective","hiệu quả; có hiệu lực từ thời điểm nhất định","adj","/ɪˈfek.tɪv/","1. Word of mouth will be our most effective marketing tool.","Truyền miệng sẽ là công cụ tiếp thị hiệu quả nhất của chúng ta.
2. We are raising your salary by 10 percent, effective May 1."
"30_Days_TOEIC","RL22","effectively","một cách hiệu quả","adverb","/ɪˈfek.tɪv.li/","The new employee has been effectively managing multiple projects.","Nhân viên mới đang quản lý nhiều dự án một cách hiệu quả."
"30_Days_TOEIC","RL22","probable","có khả năng xảy ra","adj","/ˈprɑː.bə.bəl/","Mr. Ford is a probable candidate for the position of department manager.","Ông Ford là ứng viên có khả năng cao cho vị trí trưởng phòng."
"30_Days_TOEIC","RL22","probably","có lẽ","adverb","/ˈprɑː.bə.bli/","He’ll probably join us after the meeting.","Anh ấy có lẽ sẽ tham gia với chúng tôi sau cuộc họp."
"30_Days_TOEIC","RL22","probability","xác suất xảy ra","noun","/ˌprɑː.bəˈbɪl.ə.t̬i/","There’s a high probability of success with this approach.","Có xác suất thành công cao với phương pháp này."
"30_Days_TOEIC","RL22","improbable","khó xảy ra","adj","/ɪmˈprɑː.bə.bəl/","It’s improbable that the decision will change overnight.","Không có khả năng quyết định sẽ thay đổi chỉ sau một đêm."
"30_Days_TOEIC","RL22","alternate","thay thế, luân phiên, xen kẽ","adj","/ˈɔːl.tɚ.nət/","Motorists are asked to consider taking alternate routes to avoid downtown.","Các tài xế được yêu cầu cân nhắc đi tuyến đường thay thế để tránh khu trung tâm."
"30_Days_TOEIC","RL22","alternation","sự luân phiên","noun","/ˌɑːl.tɚˈneɪ.ʃən/","The alternation between day and night affects energy usage.","Sự luân phiên giữa ngày và đêm ảnh hưởng đến việc sử dụng năng lượng."
"30_Days_TOEIC","RL22","alternative","phương án thay thế","noun","/ɑːlˈtɝː.nə.t̬ɪv/","We need to develop an alternative to the current plan.","Chúng ta cần phát triển một phương án thay thế cho kế hoạch hiện tại."
"30_Days_TOEIC","RL22","affordable","có giá cả phải chăng","adj","/əˈfɔːr.də.bəl/","This item is very affordable and available in a wide variety of colors.","Món hàng này rất phải chăng và có sẵn với nhiều màu sắc khác nhau."
"30_Days_TOEIC","RL22","affordability","khả năng chi trả","noun","/əˌfɔːr.dəˈbɪl.ə.t̬i/","Affordability is a key factor in attracting new customers.","Giá cả hợp lý là yếu tố then chốt để thu hút khách hàng mới."
"30_Days_TOEIC","RL22","contrary","trái ngược, đối lập","adj","/ˈkɑːn.trer.i/","Contrary to analysts’ predictions, we created a battery that lasts twice as long.","Trái với dự đoán của các nhà phân tích, chúng tôi đã tạo ra loại pin có thời lượng gấp đôi."
"30_Days_TOEIC","RL22","accessible","có thể tiếp cận","adj","/əkˈses.ə.bəl/","This database of computer software will be accessible to all staff.","Cơ sở dữ liệu phần mềm máy tính này sẽ được tiếp cận bởi tất cả nhân viên."
"30_Days_TOEIC","RL22","accessibility","khả năng tiếp cận","noun","/əkˌses.əˈbɪl.ə.t̬i/","The company is improving website accessibility for mobile users.","Công ty đang cải thiện khả năng truy cập trang web cho người dùng di động."
"30_Days_TOEIC","RL22","inaccessible","khó tiếp cận","adj","/ˌɪn.əkˈses.ə.bəl/","Some archived files are currently inaccessible due to maintenance.","Một số tệp lưu trữ hiện không thể truy cập do bảo trì."
"30_Days_TOEIC","RL22","informal","không trang trọng, thân mật","adj","/ɪnˈfɔːr.məl/","Informal attire is not considered appropriate for the awards dinner.","Trang phục không trang trọng không được xem là phù hợp cho bữa tiệc trao giải."
"30_Days_TOEIC","RL22","formal","trang trọng, chính thức","adj","/ˈfɔːr.məl/","Please wear formal business attire to the client presentation.","Vui lòng mặc trang phục công sở trang trọng cho buổi thuyết trình với khách hàng."
"30_Days_TOEIC","RL22","official","chính thức, thuộc về cơ quan có thẩm quyền","adj","/əˈfɪʃ.əl/","The official announcement will be made tomorrow.","Thông báo chính thức sẽ được đưa ra vào ngày mai."
"30_Days_TOEIC","RL22","intensive","chuyên sâu, đòi hỏi nỗ lực lớn","adj","/ɪnˈten.sɪv/","Our repair technicians complete two weeks of intensive formal training.","Kỹ thuật viên sửa chữa của chúng tôi hoàn tất hai tuần đào tạo chính quy chuyên sâu."
"30_Days_TOEIC","RL22","intensively","một cách chuyên sâu","adverb","/ɪnˈten.sɪv.li/","The area is intensively farmed throughout the year.","Khu vực này được canh tác chuyên sâu quanh năm."
"30_Days_TOEIC","RL22","intense","mạnh mẽ, dữ dội","adj","/ɪnˈtens/","There was intense competition among the candidates.","Có sự cạnh tranh gay gắt giữa các ứng viên."
"30_Days_TOEIC","RL22","intensify","tăng cường","verb","/ɪnˈten.sə.faɪ/","The marketing team plans to intensify its efforts next quarter.","Nhóm tiếp thị có kế hoạch tăng cường nỗ lực vào quý tới."
"30_Days_TOEIC","RL22","remote","xa xôi, hẻo lánh; khả năng rất nhỏ","adj","/rɪˈmoʊt/","1. AF Telecom is establishing service in areas previously thought too remote.","AF Telecom đang triển khai dịch vụ tại các khu vực trước đây được cho là quá xa xôi.
2. There was a possibility, however remote, that the merger would not go through."
"30_Days_TOEIC","RL22","remotely","từ xa","adverb","/rɪˈmoʊt.li/","Staff can now work remotely from any location.","Nhân viên hiện có thể làm việc từ xa ở bất kỳ đâu."
"30_Days_TOEIC","RL22","able","có khả năng","adj","/ˈeɪ.bəl/","You’ll be able to see award-winning shows on Channel Plus.","Bạn sẽ có thể xem các chương trình từng đoạt giải trên Channel Plus."
"30_Days_TOEIC","RL22","ability","khả năng, kỹ năng làm việc gì đó","noun","/əˈbɪl.ə.t̬i/","Her ability to solve problems quickly is impressive.","Khả năng giải quyết vấn đề nhanh chóng của cô ấy rất ấn tượng."
"30_Days_TOEIC","RL22","unable","không thể","adj","/ʌnˈeɪ.bəl/","I will not be able to attend the conference.","Tôi sẽ không thể tham dự hội nghị."
"30_Days_TOEIC","RL22","accustomed","quen với, thích nghi với điều gì đó (thường sau một khoảng thời gian)","adj","/əˈkʌs.təmd/","New employees are not accustomed to a new environment.","Nhân viên mới chưa quen với môi trường mới."
"30_Days_TOEIC","RL22","seasonal","theo mùa, xuất hiện hoặc dùng trong một khoảng thời gian nhất định trong năm","adj","/ˈsiː.zən.əl/","You have not ordered from our seasonal catalogs.","Bạn chưa đặt hàng từ các danh mục theo mùa của chúng tôi."
"30_Days_TOEIC","RL22","seasoned","có kinh nghiệm, từng trải","adj","/ˈsiː.zənd/","He is a seasoned manager with over 15 years in the industry.","Anh ấy là một quản lý dày dạn kinh nghiệm với hơn 15 năm trong ngành."
"30_Days_TOEIC","RL22","prosperous","thịnh vượng, phát đạt, thành công về kinh tế","adj","/ˈprɑː.spɚ.əs/","We look forward to establishing a prosperous relationship with you.","Chúng tôi mong muốn thiết lập mối quan hệ thịnh vượng với quý vị."
"30_Days_TOEIC","RL22","prosper","phát triển mạnh mẽ, trở nên thịnh vượng","verb","/ˈprɑː.spɚ/","With good management, the company will continue to prosper.","Với quản lý tốt, công ty sẽ tiếp tục phát triển thịnh vượng."
"30_Days_TOEIC","RL22","prosperity","sự thịnh vượng","noun","/prɑːˈsper.ə.t̬i/","Economic reforms have led to national prosperity.","Các cải cách kinh tế đã mang lại sự thịnh vượng cho quốc gia."
"30_Days_TOEIC","RL22","updated","được cập nhật","adj","/ˌʌpˈdeɪ.t̬ɪd/","Enclosed is a newly updated copy of my résumé.","Đính kèm là bản sơ yếu lý lịch vừa được cập nhật của tôi."
"30_Days_TOEIC","RL22","suitable","phù hợp","adj","/ˈsuː.t̬ə.bəl/","This floor lamp is suitable for both homes and offices.","Đèn sàn này phù hợp cho cả gia đình và văn phòng."
"30_Days_TOEIC","RL22","suitably","một cách phù hợp","adverb","/ˈsuː.t̬ə.bli/","Staff should be suitably dressed for the corporate dinner.","Nhân viên nên ăn mặc phù hợp cho bữa tiệc công ty."
"30_Days_TOEIC","RL22","delighted","rất vui mừng, hài lòng","adj","/dɪˈlaɪ.t̬ɪd/","We would be delighted if you would agree to give a talk.","Chúng tôi sẽ rất vui nếu bạn đồng ý phát biểu."
"30_Days_TOEIC","RL22","delight","làm vui thích, làm hài lòng","verb","/dɪˈlaɪt/","The performance delighted the entire audience.","Buổi biểu diễn đã làm cả khán giả hài lòng."
"30_Days_TOEIC","RL22","leading","hàng đầu, nổi bật trong lĩnh vực nào đó","adj","/ˈliː.dɪŋ/","Market Solutions is one of Europe’s leading business magazines.","Market Solutions là một trong những tạp chí kinh doanh hàng đầu châu Âu."
"30_Days_TOEIC","RL22","lead","dẫn dắt, chỉ đạo","verb","/liːd/","She was chosen to lead the new marketing initiative.","Cô ấy được chọn để dẫn dắt sáng kiến tiếp thị mới."
"30_Days_TOEIC","RL22","confidential","bí mật, riêng tư","adj","/ˌkɑːn.fəˈden.ʃəl/","Because this contains confidential information, please keep it in a secure location.","Vì tài liệu này chứa thông tin bí mật, vui lòng cất giữ ở nơi an toàn."
"30_Days_TOEIC","RL22","confidentiality","sự bảo mật thông tin","noun","/ˌkɑːn.fəˌden.ʃiˈæl.ə.t̬i/","All employees must sign a confidentiality agreement.","Tất cả nhân viên phải ký thỏa thuận bảo mật."
"30_Days_TOEIC","RL22","mandatory","bắt buộc","adj","/ˈmæn.də.tɔːr.i/","This is a mandatory training that all managers are expected to complete.","Đây là khóa đào tạo bắt buộc mà tất cả quản lý đều phải hoàn thành."
"30_Days_TOEIC","RL22","defective","bị lỗi, có khiếm khuyết","adj","/dɪˈfek.tɪv/","Hatfield Goods returned the defective merchandise to the manufacturer.","Hatfield Goods đã trả lại hàng hóa bị lỗi cho nhà sản xuất."
"30_Days_TOEIC","RL22","defect","lỗi, khiếm khuyết","noun","/ˈdiː.fekt/","The machine stopped working due to a manufacturing defect.","Máy ngừng hoạt động do lỗi sản xuất."
"30_Days_TOEIC","RL22","defectively","một cách có lỗi","adverb","/dɪˈfek.tɪv.li/","The product was assembled defectively and had to be repaired.","Sản phẩm được lắp ráp lỗi và cần phải sửa chữa."
"30_Days_TOEIC","RL22","complicated","phức tạp","adj","/ˈkɑːm.plə.keɪ.t̬ɪd/","The manual for the new computer software is extremely complicated.","Sách hướng dẫn cho phần mềm máy tính mới cực kỳ phức tạp."
"30_Days_TOEIC","RL22","aggressive","quyết liệt, mạnh mẽ; hung hăng","adj","/əˈɡres.ɪv/","I attribute their success to aggressive marketing tactics.","Tôi cho rằng thành công của họ là nhờ vào các chiến thuật tiếp thị quyết liệt."
"30_Days_TOEIC","RL22","aggressively","mạnh mẽ, quyết liệt","adverb","/əˈɡres.ɪv.li/","They are aggressively promoting their new product line.","Họ đang tích cực quảng bá dòng sản phẩm mới của mình."
"30_Days_TOEIC","RL22","financial","liên quan đến tài chính","adj","/faɪˈnæn.ʃəl/","Thank you for your financial support over the past year.","Cảm ơn sự hỗ trợ tài chính của bạn trong suốt năm qua."
"30_Days_TOEIC","RL22","finance","tài chính","noun","/ˈfaɪ.næns/","She has a degree in international finance.","Cô ấy có bằng tài chính quốc tế."
"30_Days_TOEIC","RL22","financially","về mặt tài chính","adverb","/faɪˈnæn.ʃəl.i/","The company is financially stable despite market challenges.","Công ty vẫn ổn định về mặt tài chính bất chấp những thách thức của thị trường."
"30_Days_TOEIC","RL22","eligible","đủ điều kiện","adj","/ˈel.ə.dʒə.bəl/","New employees are eligible to receive vacation benefits after three months.","Nhân viên mới đủ điều kiện nhận phúc lợi nghỉ phép sau ba tháng."
"30_Days_TOEIC","RL22","ineligible","không đủ điều kiện","adj","/ɪnˈel.ə.dʒə.bəl/","Part-time staff are ineligible for paid holidays.","Nhân viên bán thời gian không đủ điều kiện để được nghỉ phép có lương."
"30_Days_TOEIC","RL22","convinced","tin chắc, bị thuyết phục","adj","/kənˈvɪnst/","Some parents need to be convinced of the importance of physical education.","Một số phụ huynh cần được thuyết phục về tầm quan trọng của giáo dục thể chất."
"30_Days_TOEIC","RL22","convince","thuyết phục","verb","/kənˈvɪns/","We tried to convince him to invest in the project.","Chúng tôi đã cố gắng thuyết phục anh ấy đầu tư vào dự án."
"30_Days_TOEIC","RL22","convincing","có sức thuyết phục","adj","/kənˈvɪn.sɪŋ/","She gave a convincing presentation to the investors.","Cô ấy đã có một bài thuyết trình đầy thuyết phục với các nhà đầu tư."
"30_Days_TOEIC","RL22","similar","giống nhau, tương tự","adj","/ˈsɪm.ə.lɚ/","We received similar feedback from other customers.","Chúng tôi nhận được phản hồi tương tự từ các khách hàng khác."
"30_Days_TOEIC","RL22","similarity","sự giống nhau","noun","/ˌsɪm.əˈler.ə.t̬i/","There is a clear similarity between the two designs.","Có một sự tương đồng rõ ràng giữa hai thiết kế."
"30_Days_TOEIC","RL22","similarly","một cách tương tự","adverb","/ˈsɪm.ə.lɚ.li/","The competitor’s product was similarly priced.","Sản phẩm của đối thủ cũng có mức giá tương tự."
"30_Days_TOEIC","RL22","designated","được chỉ định rõ ràng","adj","/ˈdez.ɪɡ.neɪ.t̬ɪd/","Participants will attend separate sessions in designated rooms.","Người tham gia sẽ tham dự các phiên riêng biệt tại các phòng được chỉ định."
"30_Days_TOEIC","RL22","designate","chỉ định, bổ nhiệm cho mục đích cụ thể","verb","/ˈdez.ɪɡ.neɪt/","The company will designate a team to handle client inquiries.","Công ty sẽ chỉ định một nhóm để xử lý các yêu cầu của khách hàng."
"30_Days_TOEIC","RL22","designation","chức danh hoặc tên gọi chính thức","noun","/ˌdez.ɪɡˈneɪ.ʃən/","His official designation is Senior Project Manager.","Chức danh chính thức của anh ấy là Quản lý Dự án Cấp cao."
"30_Days_TOEIC","RL22","prospective","tiềm năng","adj","/prəˈspek.tɪv/","We will promote your product to prospective customers.","Chúng tôi sẽ quảng bá sản phẩm của bạn tới các khách hàng tiềm năng."
"30_Days_TOEIC","RL22","sustainable","bền vững, không gây hại đến môi trường hoặc có thể duy trì lâu dài","adj","/səˈsteɪ.nə.bəl/","Our product developers are set to begin using sustainable methods.","Các nhà phát triển sản phẩm của chúng tôi sẽ bắt đầu sử dụng các phương pháp bền vững."
"30_Days_TOEIC","RL22","sustain","duy trì, giữ vững (trạng thái, điều kiện...), chống đỡ","verb","/səˈsteɪn/","The system is designed to sustain long-term operations.","Hệ thống được thiết kế để duy trì hoạt động dài hạn."
"30_Days_TOEIC","RL22","unauthorized","không được phép, không có quyền hợp pháp","adj","/ʌnˈɑː.θɚ.aɪzd/","Access to the data is prohibited to unauthorized personnel.","Việc truy cập dữ liệu bị cấm đối với nhân sự không được phép."
"30_Days_TOEIC","RL22","authorized","được phép, được ủy quyền hợp pháp","adj","/ˈɑː.θɚ.aɪzd/","Repairs must be performed at an authorized service center.","Việc sửa chữa phải được thực hiện tại trung tâm dịch vụ được ủy quyền."
"30_Days_TOEIC","RL22","relevant","liên quan, thích hợp, có giá trị đối với vấn đề hoặc tình huống đang xét","adj","/ˈrel.ə.vənt/","Priority will be given to candidates with a relevant background.","Ưu tiên sẽ được dành cho các ứng viên có nền tảng liên quan."
"30_Days_TOEIC","RL22","relevantly","một cách có liên quan, phù hợp với ngữ cảnh","adverb","/ˈrel.ə.vənt.li/","The issue was not relevantly addressed during the meeting.","Vấn đề đó đã không được đề cập một cách liên quan trong cuộc họp."
"30_Days_TOEIC","RL22","irrelevant","không liên quan, không thích hợp","adj","/ɪˈrel.ə.vənt/","Many of the points raised were irrelevant to the main issue.","Nhiều ý kiến được nêu ra không liên quan đến vấn đề chính."
"30_Days_TOEIC","RL22","stagnant","trì trệ, không phát triển, không thay đổi hoặc cải thiện","adj","/ˈstæɡ.nənt/","Due to increased competition, the company’s sales remain stagnant.","Do cạnh tranh gia tăng, doanh số của công ty vẫn trì trệ."
"30_Days_TOEIC","RL22","disposable","có thể chi tiêu hoặc sử dụng; dùng một lần","adj","/dɪˈspoʊ.zə.bəl/","The advice is targeted at those who have little disposable income.","Lời khuyên này nhắm đến những người có thu nhập khả dụng thấp."
"30_Days_TOEIC","RL22","indicative","cho thấy, biểu thị điều gì; là dấu hiệu của điều gì","adj","/ɪnˈdɪk.ə.t̬ɪv/","Decreases in sales are not necessarily indicative of bad advertising.","Doanh số giảm không nhất thiết là dấu hiệu của việc quảng cáo kém hiệu quả."
"30_Days_TOEIC","RL22","indicate","chỉ ra, cho thấy, biểu thị","verb","/ˈɪn.də.keɪt/","Survey results indicate a growing demand for remote work options.","Kết quả khảo sát cho thấy nhu cầu ngày càng tăng đối với lựa chọn làm việc từ xa."
"30_Days_TOEIC","RL22","sophisticated","tinh vi, phức tạp hoặc có trình độ cao; hiện đại","adj","/səˈfɪs.tə.keɪ.t̬ɪd/","Global shipping companies use sophisticated computer systems.","Các công ty vận tải toàn cầu sử dụng hệ thống máy tính tinh vi."
"30_Days_TOEIC","RL22","sophistication","sự tinh vi, phức tạp hoặc hiểu biết cao","noun","/səˌfɪs.təˈkeɪ.ʃən/","The sophistication of this device sets it apart from its competitors.","Sự tinh vi của thiết bị này khiến nó nổi bật so với đối thủ."
"30_Days_TOEIC","RL22","straightforward","thẳng thắn, rõ ràng, dễ hiểu hoặc dễ thực hiện","adj","/ˌstreɪtˈfɔːr.wɚd/","Dulari Roy gave straightforward responses to all my questions.","Dulari Roy đã đưa ra các câu trả lời thẳng thắn cho tất cả câu hỏi của tôi."
"30_Days_TOEIC","RL22","appropriate","thích hợp, phù hợp với tình huống hoặc mục đích cụ thể","adj","/əˈproʊ.pri.ət/","The event will feature activities appropriate for the entire family.","Sự kiện sẽ có các hoạt động phù hợp với cả gia đình."
"30_Days_TOEIC","RL22","appropriately","một cách phù hợp","adverb","/əˈproʊ.pri.ət.li/","The team was appropriately briefed before the inspection.","Nhóm đã được hướng dẫn một cách phù hợp trước khi kiểm tra."
"30_Days_TOEIC","RL22","inappropriate","không phù hợp, không thích hợp","adj","/ˌɪn.əˈproʊ.pri.ət/","The manager warned him about using inappropriate language.","Người quản lý đã cảnh báo anh ta về việc sử dụng ngôn ngữ không phù hợp."
"30_Days_TOEIC","RL22","provisional","tạm thời, có thể thay đổi sau","adj","/prəˈvɪʒ.ən.əl/","Provisional assignments will be e-mailed to you tomorrow.","Các nhiệm vụ tạm thời sẽ được gửi qua email cho bạn vào ngày mai."
"30_Days_TOEIC","RL22","provisionally","một cách tạm thời, chưa chính thức","adverb","/prəˈvɪʒ.ən.əl.i/","You are provisionally approved for the grant.","Bạn được phê duyệt tạm thời cho khoản tài trợ."
"30_Days_TOEIC","RL22","tentative","dự kiến, chưa chắc chắn, có thể thay đổi","adj","/ˈten.t̬ə.t̬ɪv/","We have a tentative meeting scheduled for next Tuesday.","Chúng tôi có một cuộc họp dự kiến vào thứ Ba tới."
"30_Days_TOEIC","RL22","delinquent","trễ hạn, không thực hiện nghĩa vụ tài chính đúng hạn","adj","/dɪˈlɪŋ.kwənt/","Holders of delinquent accounts will be charged late payment fees.","Chủ tài khoản quá hạn sẽ bị tính phí thanh toán trễ."
"30_Days_TOEIC","RL22","delinquency","sự chậm trễ trong thanh toán hoặc thực hiện nghĩa vụ","noun","/dɪˈlɪŋ.kwən.si/","Credit card delinquency has risen over the past quarter.","Tình trạng chậm thanh toán thẻ tín dụng đã tăng trong quý vừa qua."
"30_Days_TOEIC","RL22","overdue","quá hạn, chưa được thực hiện đúng thời hạn","adj","/ˌoʊ.vɚˈduː/","Your payment is now overdue by ten days.","Thanh toán của bạn hiện đã quá hạn 10 ngày."
"30_Days_TOEIC","RL22","subject","có thể bị ảnh hưởng bởi, chịu sự kiểm soát hoặc thay đổi từ yếu tố khác","adj","/ˈsʌb.dʒɪkt/","The schedule is subject to change without prior notice.","Lịch trình có thể thay đổi mà không cần thông báo trước."
"30_Days_TOEIC","RL22","optimistic","lạc quan, tin rằng điều tốt đẹp sẽ xảy ra","adj","/ˌɑːp.təˈmɪs.tɪk/","The response to the software allows us to be optimistic about future sales.","Phản hồi về phần mềm giúp chúng tôi lạc quan về doanh số trong tương lai."
"30_Days_TOEIC","RL22","optimism","sự lạc quan, niềm tin rằng điều tốt sẽ xảy ra","noun","/ˈɑːp.tə.mɪ.zəm/","There is growing optimism about economic recovery.","Có sự lạc quan ngày càng tăng về sự phục hồi kinh tế."
"30_Days_TOEIC","RL23","urgent","khẩn cấp, cần được xử lý ngay","adj","/ˈɝː.dʒənt/","Travelers using the airport complain that there is an urgent need for more parking.","Hành khách sử dụng sân bay phàn nàn rằng có nhu cầu khẩn cấp về chỗ đậu xe."
"30_Days_TOEIC","RL23","urge","thúc giục, kêu gọi mạnh mẽ","verb","/ɝːdʒ/","We urge all employees to submit feedback before Friday.","Chúng tôi kêu gọi tất cả nhân viên gửi phản hồi trước thứ Sáu."
"30_Days_TOEIC","RL23","urgently","một cách khẩn cấp","adverb","/ˈɝː.dʒənt.li/","The issue needs to be addressed urgently.","Vấn đề cần được giải quyết khẩn cấp."
"30_Days_TOEIC","RL23","whole","toàn bộ, trọn vẹn, không bị chia nhỏ","adj","/hoʊl/","Mr. Jappa has spent his whole career at one company.","Ông Jappa đã dành toàn bộ sự nghiệp của mình cho một công ty."
"30_Days_TOEIC","RL23","substantial","đáng kể, lớn về số lượng, giá trị hoặc tầm quan trọng","adj","/səbˈstæn.ʃəl/","A proposal will take a substantial amount of time to produce.","Việc soạn thảo đề xuất sẽ mất một khoảng thời gian đáng kể."
"30_Days_TOEIC","RL23","substantially","một cách đáng kể, ở mức độ lớn","adverb","/səbˈstæn.ʃəl.i/","Our profits have increased substantially over the past year.","Lợi nhuận của chúng tôi đã tăng đáng kể trong năm qua."
"30_Days_TOEIC","RL23","possible","có thể xảy ra hoặc thực hiện được","adj","/ˈpɑː.sə.bəl/","If you are available, please let me know as soon as possible.","Nếu bạn có thể, vui lòng cho tôi biết càng sớm càng tốt."
"30_Days_TOEIC","RL23","possibility","khả năng, điều có thể xảy ra","noun","/ˌpɑː.səˈbɪl.ə.t̬i/","There is a strong possibility that sales will increase next quarter.","Có khả năng cao doanh số sẽ tăng trong quý tới."
"30_Days_TOEIC","RL23","impossible","không thể, không thể xảy ra hoặc thực hiện được","adj","/ɪmˈpɑː.sə.bəl/","It is impossible to meet the deadline without more staff.","Không thể đáp ứng thời hạn nếu không có thêm nhân sự."
"30_Days_TOEIC","RL23","accomplished","tài giỏi, có nhiều kỹ năng và thành tựu trong một lĩnh vực","adj","/əˈkɑːm.plɪʃt/","Mr. Field is an accomplished master plumber.","Ông Field là một thợ sửa ống nước bậc thầy tài giỏi."
"30_Days_TOEIC","RL23","accomplish","hoàn thành, đạt được điều gì đó thành công","verb","/əˈkɑːm.plɪʃ/","We hope to accomplish all project goals by the deadline.","Chúng tôi hy vọng sẽ hoàn thành mọi mục tiêu dự án trước hạn chót."
"30_Days_TOEIC","RL23","accomplishment","thành tựu, kết quả đạt được sau nỗ lực","noun","/əˈkɑːm.plɪʃ.mənt/","Publishing the research was a significant accomplishment.","Việc công bố nghiên cứu là một thành tựu đáng kể."
"30_Days_TOEIC","RL23","particular","cụ thể, riêng biệt, nhất định","adj","/pɚˈtɪk.jə.lɚ/","Project leaders are selected based on their expertise in a particular area.","Trưởng dự án được lựa chọn dựa trên chuyên môn của họ trong một lĩnh vực cụ thể."
"30_Days_TOEIC","RL23","particularly","đặc biệt là, nhất là","adverb","/pɚˈtɪk.jə.lɚ.li/","We are particularly interested in applicants with bilingual skills.","Chúng tôi đặc biệt quan tâm đến những ứng viên có kỹ năng song ngữ."
"30_Days_TOEIC","RL23","healthful","tốt cho sức khỏe, có lợi cho thể chất hoặc tinh thần","adj","/ˈhelθ.fəl/","The wellness workshop serves as a forum for discussing healthful habits.","Hội thảo về sức khỏe là diễn đàn để thảo luận về các thói quen có lợi cho sức khỏe."
"30_Days_TOEIC","RL23","health","sức khỏe, trạng thái thể chất hoặc tinh thần","noun","/helθ/","Regular exercise is essential for good health.","Tập thể dục thường xuyên rất cần thiết cho sức khỏe tốt."
"30_Days_TOEIC","RL23","healthy","khỏe mạnh; có lợi cho sức khỏe","adj","/ˈhel.θi/","She maintains a healthy lifestyle through diet and exercise.","Cô ấy duy trì lối sống lành mạnh nhờ chế độ ăn và tập luyện."
"30_Days_TOEIC","RL23","informative","cung cấp nhiều thông tin hữu ích, giàu kiến thức","adj","/ɪnˈfɔːr.mə.t̬ɪv/","I hope that you’ve found this workshop informative and useful.","Tôi hy vọng bạn thấy hội thảo này hữu ích và cung cấp nhiều thông tin."
"30_Days_TOEIC","RL23","inform","thông báo, cung cấp thông tin","verb","/ɪnˈfɔːrm/","Please inform us of any changes to your schedule.","Vui lòng thông báo cho chúng tôi nếu có bất kỳ thay đổi nào trong lịch trình của bạn."
"30_Days_TOEIC","RL23","informed","có đầy đủ thông tin, được cập nhật kiến thức","adj","/ɪnˈfɔːrmd/","It’s important to make an informed decision.","Điều quan trọng là đưa ra quyết định dựa trên thông tin đầy đủ."
"30_Days_TOEIC","RL23","existing","hiện tại, đang tồn tại, đang được sử dụng","adj","/ɪɡˈzɪs.tɪŋ/","We will issue policy guidelines that will update our existing policies.","Chúng tôi sẽ ban hành hướng dẫn chính sách nhằm cập nhật các chính sách hiện tại."
"30_Days_TOEIC","RL23","exist","tồn tại, có thật","verb","/ɪɡˈzɪst/","Several problems still exist in the current workflow.","Một số vấn đề vẫn tồn tại trong quy trình làm việc hiện tại."
"30_Days_TOEIC","RL23","temporary","tạm thời","adj","/ˈtem.pə.rer.i/","The Manila Center has part-time and temporary employment openings.","Trung tâm Manila có các vị trí tuyển dụng bán thời gian và tạm thời."
"30_Days_TOEIC","RL23","temporarily","một cách tạm thời","adverb","/ˌtem.pəˈrer.əl.i/","The office will be temporarily relocated during repairs.","Văn phòng sẽ được chuyển tạm thời trong thời gian sửa chữa."
"30_Days_TOEIC","RL23","revised","được sửa đổi, điều chỉnh","adj","/rɪˈvaɪzd/","The original estimate was revised as a result of a further study.","Ước tính ban đầu đã được điều chỉnh sau một nghiên cứu bổ sung."
"30_Days_TOEIC","RL23","revise","sửa đổi, chỉnh sửa để cải thiện hoặc cập nhật","verb","/rɪˈvaɪz/","Management decided to revise the policy after receiving feedback.","Ban quản lý đã quyết định sửa đổi chính sách sau khi nhận phản hồi."
"30_Days_TOEIC","RL23","revision","sự sửa đổi","noun","/rɪˈvɪʒ.ən/","The report is under revision and will be finalized soon.","Báo cáo đang được sửa đổi và sẽ hoàn tất sớm."
"30_Days_TOEIC","RL23","capable","có khả năng, có năng lực","adj","/ˈkeɪ.pə.bəl/","The new auto factory is capable of producing 900 cars per day.","Nhà máy ô tô mới có khả năng sản xuất 900 xe mỗi ngày."
"30_Days_TOEIC","RL23","capability","khả năng, năng lực","noun","/ˌkeɪ.pəˈbɪl.ə.t̬i/","We are assessing the company’s capability to expand internationally.","Chúng tôi đang đánh giá khả năng mở rộng ra quốc tế của công ty."
"30_Days_TOEIC","RL23","incapable","không có khả năng","adj","/ɪnˈkeɪ.pə.bəl/","He’s incapable of working independently under pressure.","Anh ấy không thể làm việc độc lập dưới áp lực."
"30_Days_TOEIC","RL23","detailed","chi tiết, cụ thể","adj","/ˈdiː.teɪld/","For more detailed information, please contact the park’s office.","Để biết thêm thông tin chi tiết, vui lòng liên hệ với văn phòng công viên."
"30_Days_TOEIC","RL23","detail","chi tiết","noun/verb","/ˈdiː.teɪl/","The report contains every important detail.","Báo cáo chứa mọi chi tiết quan trọng."
"30_Days_TOEIC","RL23","unavoidable","không thể tránh khỏi","adj","/ˌʌn.əˈvɔɪ.də.bəl/","During the construction project, some noise will be unavoidable.","Trong dự án xây dựng, tiếng ồn là điều không thể tránh khỏi."
"30_Days_TOEIC","RL23","avoidable","có thể tránh được","adj","/əˈvɔɪ.də.bəl/","Most workplace accidents are avoidable with proper training.","Hầu hết tai nạn nơi làm việc có thể tránh được với đào tạo thích hợp."
"30_Days_TOEIC","RL23","improper","không thích hợp","adj","/ɪmˈprɑː.pɚ/","The warranty does not cover damages resulting from improper use.","Bảo hành không bao gồm thiệt hại do sử dụng không đúng cách."
"30_Days_TOEIC","RL23","improperly","một cách không đúng, không thích hợp","adverb","/ɪmˈprɑː.pɚ.li/","The files were improperly stored, risking data loss.","Các tệp đã được lưu trữ không đúng cách, có nguy cơ mất dữ liệu."
"30_Days_TOEIC","RL23","proper","đúng, thích hợp, phù hợp","adj","/ˈprɑː.pɚ/","Please ensure you follow proper safety procedures.","Vui lòng đảm bảo bạn tuân thủ các quy trình an toàn đúng cách."
"30_Days_TOEIC","RL23","bulk","số lượng lớn","noun/adj","/bʌlk/","Because I keep a variety of teas in stock, I can accommodate bulk orders.","Vì tôi giữ nhiều loại trà trong kho, tôi có thể đáp ứng các đơn đặt hàng số lượng lớn."
"30_Days_TOEIC","RL23","worth","đáng giá, xứng đáng với giá trị hoặc công sức","adj","/wɝːθ/","The gift bag option is worth the additional cost.","Lựa chọn túi quà đáng giá với chi phí thêm."
"30_Days_TOEIC","RL23","worthy","xứng đáng","adj","/ˈwɝː.ði/","She is a worthy candidate for the award.","Cô ấy là ứng viên xứng đáng cho giải thưởng."
"30_Days_TOEIC","RL23","independent","độc lập","adj","/ˌɪn.dɪˈpen.dənt/","Former XV Tech audio engineer John Anderson has started an independent firm.","Kỹ sư âm thanh trước đây của XV Tech, John Anderson, đã thành lập một công ty độc lập."
"30_Days_TOEIC","RL23","independently","một cách độc lập","adverb","/ˌɪn.dɪˈpen.dənt.li/","Employees are expected to complete tasks independently.","Nhân viên được kỳ vọng hoàn thành nhiệm vụ một cách độc lập."
"30_Days_TOEIC","RL23","related","liên quan","adj","/rɪˈleɪ.t̬ɪd/","Two years of related job experience is required.","Yêu cầu có hai năm kinh nghiệm làm việc liên quan."
"30_Days_TOEIC","RL23","relate","liên kết, có mối quan hệ","verb","/rɪˈleɪt/","Can you relate your previous experience to this position?","Bạn có thể liên kết kinh nghiệm trước đây với vị trí này không?"
"30_Days_TOEIC","RL23","relation","mối quan hệ","noun","/rɪˈleɪ.ʃən/","The company has a strong relation with its suppliers.","Công ty có mối quan hệ chặt chẽ với các nhà cung cấp."
"30_Days_TOEIC","RL23","advisable","nên làm, đáng khuyên","adj","/ədˈvaɪ.zə.bəl/","It is advisable to dress appropriately when attending a job interview.","Nên ăn mặc phù hợp khi đi phỏng vấn xin việc."
"30_Days_TOEIC","RL23","advise","khuyên, tư vấn","verb","/ədˈvaɪz/","We advise all clients to update their contact information.","Chúng tôi khuyên tất cả khách hàng cập nhật thông tin liên lạc."
"30_Days_TOEIC","RL23","advisory","thuộc về tư vấn","adj","/ədˈvaɪ.zɚ.i/","The advisory committee meets monthly to discuss policies.","Ban cố vấn họp hàng tháng để thảo luận về các chính sách."
"30_Days_TOEIC","RL23","necessary","cần thiết","adj","/ˈnes.ə.ser.i/","The meetings are open to all, but pre-registration is necessary.","Các cuộc họp mở cửa cho tất cả mọi người, nhưng việc đăng ký trước là cần thiết."
"30_Days_TOEIC","RL23","necessity","sự cần thiết","noun","/nəˈses.ə.t̬i/","Electricity is a basic necessity in modern life.","Điện là một nhu cầu thiết yếu trong cuộc sống hiện đại."
"30_Days_TOEIC","RL23","necessitate","khiến cần thiết","verb","/nəˈses.ɪ.teɪt/","The new regulations necessitate changes in company policy.","Các quy định mới bắt buộc phải thay đổi chính sách công ty."
"30_Days_TOEIC","RL23","unnecessary","không cần thiết","adj","/ʌnˈnes.ə.ser.i/","The extra fees were deemed unnecessary by the customers.","Các khoản phí thêm được khách hàng cho là không cần thiết."
"30_Days_TOEIC","RL23","skilled","có kỹ năng, thành thạo","adj","/skɪld/","Our consultants are highly skilled writers specializing in business.","Các chuyên viên tư vấn của chúng tôi là những nhà văn có kỹ năng cao chuyên về kinh doanh."
"30_Days_TOEIC","RL23","skill","kỹ năng","noun","/skɪl/","Effective communication is an essential skill in business.","Giao tiếp hiệu quả là một kỹ năng thiết yếu trong kinh doanh."
"30_Days_TOEIC","RL23","responsive","phản hồi nhanh chóng","adj","/rɪˈspɑːn.sɪv/","The store is seeking ways to be more responsive to its customers.","Cửa hàng đang tìm cách để phản hồi nhanh hơn với khách hàng."
"30_Days_TOEIC","RL23","unresponsive","không phản hồi","adj","/ˌʌn.rɪˈspɑːn.sɪv/","The system became unresponsive after the software update.","Hệ thống trở nên không phản hồi sau khi cập nhật phần mềm."
"30_Days_TOEIC","RL23","responsible","có trách nhiệm","adj","/rɪˈspɑːn.sə.bəl/","The airline is not responsible for lost items.","Hãng hàng không không chịu trách nhiệm về các vật dụng bị mất."
"30_Days_TOEIC","RL23","significant","đáng kể, quan trọng","adj","/sɪɡˈnɪf.ə.kənt/","The expansion of the factory had a significant impact on productivity.","Việc mở rộng nhà máy đã có ảnh hưởng đáng kể đến năng suất."
"30_Days_TOEIC","RL23","significance","tầm quan trọng, ý nghĩa","noun","/sɪɡˈnɪf.ɪ.kəns/","The significance of the report was acknowledged by management.","Tầm quan trọng của báo cáo đã được ban quản lý thừa nhận."
"30_Days_TOEIC","RL23","significantly","một cách đáng kể","adverb","/sɪɡˈnɪf.ɪ.kənt.li/","Costs have significantly decreased since implementing new technology.","Chi phí đã giảm đáng kể kể từ khi áp dụng công nghệ mới."
"30_Days_TOEIC","RL23","insignificant","không quan trọng, không đáng kể","adj","/ˌɪn.sɪɡˈnɪf.ɪ.kənt/","The error was insignificant and did not affect the results.","Lỗi không đáng kể và không ảnh hưởng đến kết quả."
"30_Days_TOEIC","RL23","advanced","tiên tiến, phát triển cao hơn mức cơ bản","adj","/ədˈvænst/","Paub Design requires that employees possess advanced technical expertise.","Paub Design yêu cầu nhân viên có chuyên môn kỹ thuật tiên tiến."
"30_Days_TOEIC","RL23","advance","tiến bộ, phát triển","verb","/ədˈvæns/","Employees must advance their skills to keep up with industry changes.","Nhân viên phải nâng cao kỹ năng để theo kịp sự thay đổi của ngành."
"30_Days_TOEIC","RL23","narrow","hẹp, chật hẹp","adj","/ˈnær.oʊ/","A plan to build a processing plant was approved by a narrow margin.","Kế hoạch xây dựng nhà máy chế biến được phê duyệt với tỷ lệ sít sao."
"30_Days_TOEIC","RL23","narrow","thu hẹp","verb","/ˈnær.oʊ/","The company plans to narrow its focus to high-growth markets.","Công ty dự định thu hẹp trọng tâm vào các thị trường tăng trưởng cao."
"30_Days_TOEIC","RL23","cautious","thận trọng","adj","/ˈkɑː.ʃəs/","Staff members who work with chemicals should be cautious.","Nhân viên làm việc với hóa chất nên thận trọng."
"30_Days_TOEIC","RL23","cautiously","một cách thận trọng","adverb","/ˈkɑː.ʃəs.li/","Drivers should proceed cautiously in bad weather.","Người lái xe nên đi cẩn thận trong thời tiết xấu."
"30_Days_TOEIC","RL23","caution","sự thận trọng","noun","/ˈkɑː.ʃən/","Use caution when handling hazardous materials.","Hãy thận trọng khi xử lý vật liệu nguy hiểm."
"30_Days_TOEIC","RL23","careless","bất cẩn, không chú ý","adj","/ˈker.ləs/","Careless mistakes can lead to serious problems.","Những lỗi do bất cẩn có thể gây ra vấn đề nghiêm trọng."
"30_Days_TOEIC","RL23","native","bản địa","adj","/ˈneɪ.tɪv/","The foundation prefers that workers native to the region be hired.","Quỹ ưu tiên tuyển dụng những công nhân bản địa của vùng đó."
"30_Days_TOEIC","RL23","economic","liên quan đến kinh tế","adj","/ˌiː.kəˈnɑː.mɪk/","The mayor welcomes the economic opportunities this project will bring.","Thị trưởng hoan nghênh các cơ hội kinh tế mà dự án này sẽ mang lại."
"30_Days_TOEIC","RL23","economy","nền kinh tế","noun","/ɪˈkɑː.nə.mi/","The country's economy is recovering after the recession.","Nền kinh tế quốc gia đang phục hồi sau suy thoái."
"30_Days_TOEIC","RL23","economical","tiết kiệm chi phí","adj","/ˌiː.kəˈnɑː.mɪ.kəl/","Buying in bulk is more economical.","Mua với số lượng lớn thì tiết kiệm hơn."
"30_Days_TOEIC","RL23","memorable","đáng nhớ","adj","/ˈmem.ər.ə.bəl/","The journey to Mt. Rayburn is guaranteed to be memorable.","Chuyến đi tới núi Rayburn chắc chắn sẽ là một trải nghiệm đáng nhớ."
"30_Days_TOEIC","RL23","timely","đúng lúc, kịp thời","adj","/ˈtaɪm.li/","To ensure timely delivery, reservations must be made in advance.","Để đảm bảo giao hàng đúng hạn, cần đặt chỗ trước."
"30_Days_TOEIC","RL23","untimely","không đúng lúc","adj","/ʌnˈtaɪm.li/","The untimely cancellation caused inconvenience to many attendees.","Việc hủy bỏ không đúng lúc đã gây phiền toái cho nhiều người tham dự."
"30_Days_TOEIC","RL23","orderly","ngăn nắp, có trật tự","adj","/ˈɔːr.dɚ.li/","",""
"30_Days_TOEIC","RL23","costly","đắt đỏ","adj","/ˈkɑː.stli/","",""
"30_Days_TOEIC","RL23","friendly","thân thiện","adj","/ˈfrend.li/","",""
"30_Days_TOEIC","RL23","preferred","được ưa thích hơn","adj","/prɪˈfɝːd/","At least one year of retail experience is preferred.","Ít nhất một năm kinh nghiệm bán lẻ được ưu tiên."
"30_Days_TOEIC","RL23","prefer","thích hơn","verb","/prɪˈfɝː/","Many customers prefer to shop online.","Nhiều khách hàng thích mua sắm trực tuyến hơn."
"30_Days_TOEIC","RL23","outright","hoàn toàn, rõ ràng","adj/adv","/ˈaʊt.raɪt/","The new musical was an outright success when it premiered.","Vở nhạc kịch mới đã hoàn toàn thành công ngay khi ra mắt."
"30_Days_TOEIC","RL23","established","được công nhận, có uy tín lâu dài","adj","/ɪˈstæb.lɪʃt/","Established companies can learn from start-up businesses.","Các công ty đã thành lập lâu có thể học hỏi từ các doanh nghiệp khởi nghiệp."
"30_Days_TOEIC","RL23","unwavering","kiên định, không thay đổi","adj","/ʌnˈweɪ.vɚ.ɪŋ/","The administration demonstrated its unwavering commitment to economic reform.","Chính quyền đã thể hiện cam kết kiên định đối với cải cách kinh tế."
"30_Days_TOEIC","RL23","wavering","do dự, lưỡng lự, không kiên quyết","adj","/ˈweɪ.vɚ.ɪŋ/","His wavering decision delayed the project’s progress.","Quyết định do dự của anh ấy đã làm chậm tiến độ dự án."
"30_Days_TOEIC","RL23","contingent","phụ thuộc vào điều kiện khác","adj","/kənˈtɪn.dʒənt/","This job offer is contingent on positive references from your past employers.","Lời mời làm việc này phụ thuộc vào thư giới thiệu tích cực từ các nhà tuyển dụng trước đây của bạn."
"30_Days_TOEIC","RL23","contingent","nhóm người hoặc đại diện","noun","/kənˈtɪn.dʒənt/","A contingent of employees attended the annual conference.","Một nhóm nhân viên đã tham dự hội nghị thường niên."
"30_Days_TOEIC","RL23","accidental","tình cờ, ngẫu nhiên","adj","/ˌæk.sɪˈden.təl/","The data loss was due to accidental deletion.","Việc mất dữ liệu là do xóa nhầm."
"30_Days_TOEIC","RL23","uncertain","không chắc chắn","adj","/ʌnˈsɝː.tən/","The project's future is uncertain due to funding issues.","Tương lai của dự án không chắc chắn do vấn đề tài trợ."
"30_Days_TOEIC","RL23","exquisite","tuyệt đẹp, tinh tế","adj","/ɪkˈskwɪz.ɪt/","Exquisite views of the Leona River can be enjoyed from hiking trails.","Khung cảnh tuyệt đẹp của sông Leona có thể được thưởng thức từ các đường mòn đi bộ."
"30_Days_TOEIC","RL23","exemplary","gương mẫu, xuất sắc","adj","/ɪɡˈzem.plɚ.i/","The hospital is recognized for exemplary patient care.","Bệnh viện được công nhận vì chăm sóc bệnh nhân xuất sắc."
"30_Days_TOEIC","RL23","exemplar","hình mẫu, ví dụ điển hình","noun","/ɪɡˈzem.plɚ/","He is an exemplar of professionalism in the industry.","Anh ấy là một hình mẫu về sự chuyên nghiệp trong ngành."
"30_Days_TOEIC","RL23","preliminary","sơ bộ","adj","/prɪˈlɪm.ə.ner.i/","Focus group participants answered preliminary questions over the phone.","Người tham gia nhóm tập trung đã trả lời các câu hỏi sơ bộ qua điện thoại."
"30_Days_TOEIC","RL23","proportional","tương ứng theo tỷ lệ","adj","/prəˈpɔːr.ʃən.əl/","Improvements in technology were followed by proportional gains in production.","Sự cải tiến công nghệ đã kéo theo mức tăng sản lượng tỷ lệ thuận."
"30_Days_TOEIC","RL23","proportion","tỷ lệ","noun","/prəˈpɔːr.ʃən/","A large proportion of the budget is allocated to marketing.","Một phần lớn ngân sách được phân bổ cho tiếp thị."
"30_Days_TOEIC","RL23","subsequent","tiếp theo, xảy ra sau đó","adj","/ˈsʌb.sɪ.kwənt/","Subsequent to approval of the budget, we created a new advertisement.","Sau khi phê duyệt ngân sách, chúng tôi đã tạo ra một quảng cáo mới."
"30_Days_TOEIC","RL23","picturesque","đẹp như tranh vẽ","adj","/ˌpɪk.tʃɚˈesk/","We offer participants an opportunity to enjoy picturesque beauty.","Chúng tôi mang đến cho người tham gia cơ hội thưởng thức vẻ đẹp như tranh vẽ."
"30_Days_TOEIC","RL23","consecutive","liên tiếp","adj","/kənˈsek.jə.tɪv/","The employee will not be paid for more than two consecutive sick days.","Nhân viên sẽ không được trả lương cho hơn hai ngày nghỉ ốm liên tiếp."
"30_Days_TOEIC","RL23","consecutively","liên tiếp","adverb","/kənˈsek.jə.tɪv.li/","She worked ten hours consecutively without a break.","Cô ấy đã làm việc mười giờ liên tiếp mà không nghỉ."
"30_Days_TOEIC","RL23","successive","liên tiếp","adj","/səkˈses.ɪv/","There were five successive increases in monthly sales.","Đã có năm lần tăng doanh số hàng tháng liên tiếp."
"30_Days_TOEIC","RL23","stringent","nghiêm ngặt","adj","/ˈstrɪn.dʒənt/","Falco engine parts are put through a stringent inspection.","Các bộ phận động cơ Falco được kiểm tra một cách nghiêm ngặt."
"30_Days_TOEIC","RL23","stringently","một cách nghiêm ngặt","adverb","/ˈstrɪn.dʒənt.li/","Regulations are stringently applied in this industry.","Các quy định được áp dụng nghiêm ngặt trong ngành này."
"30_Days_TOEIC","RL23","impeccable","hoàn hảo, không tì vết","adj","/ɪmˈpek.ə.bəl/","The Deluxian Inn is an excellent hotel with impeccable service.","Deluxian Inn là một khách sạn xuất sắc với dịch vụ hoàn hảo."
"30_Days_TOEIC","RL23","anonymous","ẩn danh","adj","/əˈnɑː.nə.məs/","Anonymous submissions are not accepted.","Các bài nộp ẩn danh sẽ không được chấp nhận."
"30_Days_TOEIC","RL23","anonymously","một cách ẩn danh","adverb","/əˈnɑː.nə.məs.li/","Users can post comments anonymously on the forum.","Người dùng có thể đăng bình luận một cách ẩn danh trên diễn đàn."
"30_Days_TOEIC","RL23","controversial","gây tranh cãi","adj","/ˌkɑːn.trəˈvɝː.ʃəl/","Ms. Kim has published a controversial book about monetary policy.","Cô Kim đã xuất bản một cuốn sách gây tranh cãi về chính sách tiền tệ."
"30_Days_TOEIC","RL23","controversy","tranh cãi công khai","noun","/ˈkɑːn.trə.vɝː.si/","There was considerable controversy over the proposed changes.","Đã có nhiều tranh cãi về các thay đổi được đề xuất."
"30_Days_TOEIC","RL23","feasible","khả thi","adj","/ˈfiː.zə.bəl/","New roads made bicycle traffic feasible and safe.","Những con đường mới làm cho việc đi xe đạp trở nên khả thi và an toàn."
"30_Days_TOEIC","RL23","feasibility","tính khả thi, khả năng có thể thực hiện được","noun","/ˌfiː.zəˈbɪl.ə.ti/","A feasibility study was conducted before launching the product.","Một nghiên cứu tính khả thi đã được thực hiện trước khi ra mắt sản phẩm."
"30_Days_TOEIC","RL23","predominant","chiếm ưu thế, chủ yếu, nổi bật hơn các yếu tố khác","adj","/prɪˈdɑː.mə.nənt/","Auto manufacturing is the predominant industry in this region.","Ngành sản xuất ô tô là ngành chủ yếu ở khu vực này."
"30_Days_TOEIC","RL23","predominance","sự chiếm ưu thế, sự nổi bật","noun","/prɪˈdɑː.mə.nəns/","The predominance of digital media has changed advertising strategies.","Sự chiếm ưu thế của truyền thông kỹ thuật số đã thay đổi chiến lược quảng cáo."
"30_Days_TOEIC","RL23","predominantly","chủ yếu, phần lớn","adverb","/prɪˈdɑː.mə.nənt.li/","The population in the region is predominantly young adults.","Dân số trong khu vực chủ yếu là người trưởng thành trẻ tuổi."
"30_Days_TOEIC","RL23","prospective","tiềm năng, có khả năng trở thành khách hàng hoặc đối tác trong tương lai","adj","/prəˈspek.tɪv/","We will give a presentation to prospective clients.","Chúng tôi sẽ trình bày trước các khách hàng tiềm năng."
"30_Days_TOEIC","RL23","prosperous","thịnh vượng, phát đạt, thành công về mặt tài chính và xã hội","adj","/ˈprɑː.spɚ.əs/","Many people prefer to live in a prosperous neighborhood.","Nhiều người thích sống trong khu vực thịnh vượng."
"30_Days_TOEIC","RL23","sensible","hợp lý, có óc phán đoán, thực tế và khôn ngoan","adj","/ˈsen.sə.bəl/","A sensible exercise plan for beginners.","Kế hoạch tập luyện hợp lý dành cho người mới bắt đầu."
"30_Days_TOEIC","RL23","sensitive","dễ bị ảnh hưởng, nhạy cảm về thể chất hoặc cảm xúc","adj","/ˈsen.sə.tɪv/","A natural cream for sensitive skin.","Kem tự nhiên dành cho làn da nhạy cảm."
"30_Days_TOEIC","RL23","confident","tự tin, tin tưởng vào khả năng hoặc thành công của bản thân","adj","/ˈkɑːn.fɪ.dənt/","The job candidate appears confident.","Ứng viên có vẻ rất tự tin."
"30_Days_TOEIC","RL23","confidential","bí mật, chỉ dành cho người có thẩm quyền hoặc được phép biết","adj","/ˌkɑːn.fəˈden.ʃəl/","The product information is confidential.","Thông tin sản phẩm là bí mật."
"30_Days_TOEIC","RL23","momentary","tạm thời, chỉ kéo dài trong một khoảng thời gian rất ngắn","adj","/ˈmoʊ.mən.ter.i/","A momentary pause in the radio broadcast.","Một sự tạm dừng ngắn trong buổi phát thanh."
"30_Days_TOEIC","RL23","momentous","quan trọng, trọng đại, có ảnh hưởng lớn đến tương lai","adj","/moʊˈmen.təs/","A momentous event in history.","Một sự kiện trọng đại trong lịch sử."
"30_Days_TOEIC","RL23","comprehensive","bao quát, toàn diện, đầy đủ","adj","/ˌkɑːm.prəˈhen.sɪv/","A comprehensive plan to reduce costs.","Một kế hoạch toàn diện để giảm chi phí."
"30_Days_TOEIC","RL23","comprehensible","dễ hiểu, có thể lĩnh hội được","adj","/ˌkɑːm.prəˈhen.sə.bəl/","A comprehensible article on a complex topic.","Một bài viết dễ hiểu về một chủ đề phức tạp."
"30_Days_TOEIC","RL23","competent","có năng lực, đủ khả năng làm việc hoặc nhiệm vụ","adj","/ˈkɑːm.pə.t̬ənt/","A competent staff of technicians.","Đội ngũ kỹ thuật viên có năng lực."
"30_Days_TOEIC","RL23","competitive","cạnh tranh, có tính cạnh tranh cao","adj","/kəmˈpet̬.ə.tɪv/","A highly competitive job market for engineers.","Thị trường việc làm cạnh tranh cao dành cho kỹ sư."
"30_Days_TOEIC","RL23","expansive","rộng lớn, mở rộng, bao quát nhiều diện tích hoặc phạm vi","adj","/ɪkˈspæn.sɪv/","The expansive shopping mall has 300 stores.","Trung tâm mua sắm rộng lớn có 300 cửa hàng."
"30_Days_TOEIC","RL23","expensive","đắt tiền, tốn kém","adj","/ɪkˈspen.sɪv/","The store has many expensive items on display.","Cửa hàng có nhiều mặt hàng đắt tiền được trưng bày."
"30_Days_TOEIC","RL23","distinguished","xuất sắc, lỗi lạc, được kính trọng","adj","/dɪˈstɪŋ.ɡwɪʃt/","A distinguished scholar in the field of economics.","Một học giả lỗi lạc trong lĩnh vực kinh tế."
"30_Days_TOEIC","RL23","distinguishable","có thể phân biệt được, dễ nhận biết","adj","/dɪˈstɪŋ.ɡwɪ.ʃə.bəl/","A device that is distinguishable from competing products.","Một thiết bị có thể phân biệt được so với các sản phẩm cạnh tranh."
"30_Days_TOEIC","RL23","recent","gần đây, mới xảy ra hoặc được tạo ra","adj","/ˈriː.sənt/","A recent movie.","Một bộ phim gần đây."
"30_Days_TOEIC","RL23","modern","hiện đại, mới nhất, phù hợp với thời đại hiện nay","adj","/ˈmɑː.dɚn/","A modern resort.","Một khu nghỉ dưỡng hiện đại."
"30_Days_TOEIC","RL23","proficient","thành thạo, có kỹ năng cao trong một lĩnh vực nào đó","adj","/prəˈfɪʃ.ənt/","He is a proficient software designer.","Anh ấy là một nhà thiết kế phần mềm thành thạo."
"30_Days_TOEIC","RL23","profitable","có lợi nhuận, sinh lời","adj","/ˈprɑː.fɪ.t̬ə.bəl/","It may be a profitable business idea.","Đó có thể là một ý tưởng kinh doanh có lợi nhuận."
"30_Days_TOEIC","RL23","process","quy trình, tiến trình, chuỗi các bước để hoàn thành một công việc","noun","/ˈproʊ.ses/","New user registration is a simple process.","Đăng ký người dùng mới là một quy trình đơn giản."
"30_Days_TOEIC","RL23","processing","việc xử lý hoặc thực hiện các bước trong một quy trình","noun","/ˈproʊ.ses.ɪŋ/","Processing your order takes just one day.","Việc xử lý đơn hàng của bạn chỉ mất một ngày."
"30_Days_TOEIC","RL23","impressed","bị gây ấn tượng, cảm thấy ngưỡng mộ hoặc hài lòng","adj","/ɪmˈprest/","Impressed by the building’s architecture.","Bị gây ấn tượng bởi kiến trúc của tòa nhà."
"30_Days_TOEIC","RL23","impressive","gây ấn tượng mạnh mẽ, đáng chú ý hoặc đáng ngưỡng mộ","adj","/ɪmˈpres.ɪv/","A building with impressive architecture.","Một tòa nhà có kiến trúc ấn tượng."
"30_Days_TOEIC","RL23","overdue","quá hạn, chưa được thực hiện đúng thời hạn","adj","/ˌoʊ.vɚˈduː/","An overdue book from the library.","Một cuốn sách quá hạn từ thư viện."
"30_Days_TOEIC","RL23","outdated","lỗi thời, không còn phù hợp hoặc sử dụng được","adj","/ˌaʊtˈdeɪ.t̬ɪd/","An outdated training manual from last year.","Một sổ tay đào tạo lỗi thời từ năm ngoái."
"30_Days_TOEIC","RL23","access","quyền tiếp cận hoặc sử dụng một nơi, thiết bị hoặc thông tin","noun/verb","/ˈæk.ses/","Access the staff parking areas.","Tiếp cận khu vực đậu xe của nhân viên."
"30_Days_TOEIC","RL23","assess","đánh giá, ước tính về giá trị, mức độ hoặc chi phí","verb","/əˈses/","Assess the cost of building parking areas.","Đánh giá chi phí xây dựng khu vực đậu xe."
"30_Days_TOEIC","RL23","most","nhất, nhiều nhất hoặc lớn nhất về số lượng hoặc mức độ","adj","/moʊst/","The most effective method.","Phương pháp hiệu quả nhất."
"30_Days_TOEIC","RL23","mostly","phần lớn, chủ yếu","adverb","/ˈmoʊst.li/","We mostly accept applications online.","Chúng tôi chủ yếu nhận đơn đăng ký trực tuyến."
"30_Days_TOEIC","RL23","most effectively","một cách hiệu quả nhất","phrase","","",""
"30_Days_TOEIC","RL23","critic","nhà phê bình, người đưa ra nhận xét chuyên môn","noun","/ˈkrɪt̬.ɪk/","A restaurant review by a food critic.","Một bài đánh giá nhà hàng bởi một nhà phê bình ẩm thực."
"30_Days_TOEIC","RL23","critical","quan trọng; chỉ trích, phê bình; nguy cấp","adj","/ˈkrɪt̬.ɪ.kəl/","A critical comment posted by a customer.","Một bình luận phê bình được đăng bởi khách hàng."
"30_Days_TOEIC","RL23","critique","bài phê bình, bài đánh giá chi tiết","noun","/krɪˈtiːk/","A critique written by an art expert.","Một bài phê bình do chuyên gia nghệ thuật viết."
"30_Days_TOEIC","RL23","complimentary","miễn phí, được tặng kèm không phải trả tiền","adj","/ˌkɑːm.pləˈmen.t̬ɚ.i/","The hotel offers a complimentary breakfast to all guests.","Khách sạn cung cấp bữa sáng miễn phí cho tất cả khách lưu trú."
"30_Days_TOEIC","RL23","complementary","bổ sung cho nhau, tương hỗ làm tăng giá trị hoặc hiệu quả","adj","/ˌkɑːm.pləˈmen.t̬ɚ.i/","Leadership and management are complementary skills.","Lãnh đạo và quản lý là những kỹ năng bổ sung cho nhau."
"30_Days_TOEIC","RL23","morale","tinh thần, thái độ chung của một nhóm hoặc cá nhân, đặc biệt là trong công việc","noun","/məˈræl/","An energetic team with high morale.","Một đội ngũ năng động với tinh thần làm việc cao."
"30_Days_TOEIC","RL23","moral","đạo đức, thuộc về nguyên tắc đúng sai trong hành vi","adj","/ˈmɔːr.əl/","An ethical person with strong moral character.","Một người có đạo đức và phẩm chất mạnh mẽ."
"30_Days_TOEIC","RL23","historic","quan trọng, có tính lịch sử, đánh dấu một bước ngoặt","adj","/hɪˈstɔːr.ɪk/","A historic victory for the baseball team.","Một chiến thắng mang tính lịch sử của đội bóng chày."
"30_Days_TOEIC","RL23","historical","thuộc về lịch sử hoặc quá khứ","adj","/hɪˈstɔːr.ɪ.kəl/","A historical novel about life in the 1890s.","Một tiểu thuyết lịch sử về cuộc sống những năm 1890."
"30_Days_TOEIC","RL23","informed","có kiến thức, được cập nhật thông tin, hiểu biết đầy đủ","adj","/ɪnˈfɔːrmd/","Use an informed tour guide.","Sử dụng hướng dẫn viên hiểu biết."
"30_Days_TOEIC","RL23","informative","cung cấp nhiều thông tin hữu ích, giàu kiến thức","adj","/ɪnˈfɔːr.mə.t̬ɪv/","Participate in an informative tour.","Tham gia một chuyến tham quan cung cấp nhiều thông tin."
"30_Days_TOEIC","RL23","comparable to","có thể so sánh với, tương đương với","phrase","","Sales results comparable to those of last quarter.","Kết quả bán hàng tương đương với quý trước."
"30_Days_TOEIC","RL23","compatible with","tương thích với, có thể hoạt động cùng với","phrase","","A headset that is compatible with most devices.","Một tai nghe tương thích với hầu hết các thiết bị."
"30_Days_TOEIC","RL23","apprehensive","lo lắng, e sợ về điều gì đó có thể xảy ra","adj","/ˌæp.rɪˈhen.sɪv/","Feel apprehensive about giving a speech.","Cảm thấy lo lắng khi phát biểu."
"30_Days_TOEIC","RL23","apprehensible","có thể hiểu được, có thể nắm bắt được","adj","/ˌæp.rɪˈhen.sɪ.bəl/","A concept apprehensible only by experts.","Một khái niệm chỉ có thể được hiểu bởi các chuyên gia."
"30_Days_TOEIC","RL23","approach","đến gần, tiếp cận hoặc xử lý vấn đề","verb","/əˈproʊtʃ/","Park visitors should not approach nesting eagles.","Du khách không nên tiếp cận các con đại bàng đang làm tổ."
"30_Days_TOEIC","RL23","access","quyền tiếp cận hoặc sử dụng một khu vực, thiết bị hoặc thông tin","noun/verb","/ˈæk.ses/","Visitors may not access the park after 9 p.m.","Du khách không được phép vào công viên sau 9 giờ tối."
"30_Days_TOEIC","RL23","reliable","đáng tin cậy, có thể dựa vào hoặc tin tưởng","adj","/rɪˈlaɪ.ə.bəl/","We are looking for a reliable delivery person.","Chúng tôi đang tìm một người giao hàng đáng tin cậy."
"30_Days_TOEIC","RL23","reliant","phụ thuộc vào ai/cái gì để tồn tại hoặc thành công","adj","/rɪˈlaɪ.ənt/","The company is reliant on outside suppliers.","Công ty phụ thuộc vào các nhà cung cấp bên ngoài."
"30_Days_TOEIC","RL23","acquire","đạt được, giành được hoặc thu nhận được","verb","/əˈkwaɪər/","The best ways to acquire new clients.","Những cách tốt nhất để thu hút khách hàng mới."
"30_Days_TOEIC","RL23","inquire","hỏi, yêu cầu thông tin","verb","/ɪnˈkwaɪər/","Inquire about when the movie starts.","Hỏi về thời gian bắt đầu của bộ phim."
"30_Days_TOEIC","RL23","demand","yêu cầu, đòi hỏi điều gì một cách mạnh mẽ hoặc chính thức","noun/verb","/dɪˈmænd/","Make a demand for full payment.","Đưa ra yêu cầu thanh toán đầy đủ."
"30_Days_TOEIC","RL23","claim","yêu cầu, đòi bồi thường hoặc tuyên bố điều gì là sự thật","noun/verb","/kleɪm/","File a claim for lost baggage.","Nộp đơn yêu cầu bồi thường cho hành lý thất lạc."
"30_Days_TOEIC","RL23","persuasive","có sức thuyết phục, khiến người khác tin hoặc đồng ý","adj","/pɚˈsweɪ.sɪv/","Make a persuasive sales presentation.","Thực hiện bài thuyết trình bán hàng có sức thuyết phục."
"30_Days_TOEIC","RL23","persuadable","dễ bị thuyết phục, dễ bị ảnh hưởng bởi lời nói hoặc lập luận","adj","/pɚˈsweɪ.də.bəl/","Meet an easily persuadable customer.","Gặp một khách hàng dễ bị thuyết phục."
"30_Days_TOEIC","RL23","understandable","có thể hiểu được, dễ hiểu","adj","/ˌʌn.dɚˈstæn.də.bəl/","The request was understandable.","Yêu cầu đó dễ hiểu."
"30_Days_TOEIC","RL23","understanding","sự thông cảm, hiểu biết","noun/adj","/ˌʌn.dɚˈstæn.dɪŋ/","She is understanding and supportive.","Cô ấy rất thấu hiểu và hỗ trợ."
"30_Days_TOEIC","RL23","successful","thành công, đạt được mục tiêu hoặc kết quả mong muốn","adj","/səkˈses.fəl/","He is a successful movie director.","Anh ấy là một đạo diễn phim thành công."
"30_Days_TOEIC","RL23","successive","liên tiếp, xảy ra hoặc theo sau nhau mà không gián đoạn","adj","/səkˈses.ɪv/","He won awards for three successive films.","Anh ấy đã giành giải thưởng cho ba bộ phim liên tiếp."
"30_Days_TOEIC","RL23","remainder","phần còn lại, số lượng hoặc thời gian chưa sử dụng hoặc chưa hoàn thành","noun","/rɪˈmeɪn.dɚ/","Cancel the remainder of the concert tour.","Hủy phần còn lại của chuyến lưu diễn."
"30_Days_TOEIC","RL23","reminder","lời nhắc nhở, thông báo để nhớ làm việc gì đó","noun","/rɪˈmaɪn.dɚ/","Send a reminder to pay a bill.","Gửi lời nhắc thanh toán hóa đơn."
"30_Days_TOEIC","RL23","contribution","sự đóng góp, phần đóng góp vào một việc, dự án hoặc thành tựu","noun","/ˌkɑːn.trɪˈbjuː.ʃən/","Make an important contribution to the project.","Đóng góp quan trọng cho dự án."
"30_Days_TOEIC","RL23","attribution","sự ghi công, sự quy cho (ai/cái gì là nguyên nhân hoặc tác giả)","noun","/ˌæt.rɪˈbjuː.ʃən/","Give the photographer attribution for the picture.","Ghi công cho nhiếp ảnh gia về bức ảnh."
"30_Days_TOEIC","RL23","last","cuối cùng, gần đây nhất, kéo dài trong một khoảng thời gian","adj","/læst/","The tour price includes all meals except dinner on the last day.","Giá tour bao gồm tất cả các bữa ăn trừ bữa tối ngày cuối cùng."
"30_Days_TOEIC","RL23","lasting","kéo dài, bền vững trong thời gian dài","adj","/ˈlæst.ɪŋ/","Family vacations can create lasting memories.","Kỳ nghỉ gia đình có thể tạo ra những ký ức bền lâu."
"30_Days_TOEIC","RL24","entirely","hoàn toàn","adv","/ɪnˈtaɪr.li/","Our cabinet is entirely custom fitted, manufactured, and installed.","Tủ của chúng tôi được lắp đặt, sản xuất và thi công hoàn toàn theo yêu cầu."
"30_Days_TOEIC","RL24","entire","toàn bộ, hoàn toàn không thiếu gì","adj","/ɪnˈtaɪər/","The entire team attended the meeting.","Toàn bộ đội đã tham dự cuộc họp."
"30_Days_TOEIC","RL24","entirety","toàn bộ, toàn thể","noun","/ɪnˈtaɪr.ə.ti/","The document was reviewed in its entirety.","Tài liệu đã được xem xét toàn bộ."
"30_Days_TOEIC","RL24","properly","một cách đúng đắn, chính xác, hợp lý hoặc phù hợp","adverb","/ˈprɑː.pɚ.li/","Be sure the equipment is in place and functioning properly.","Hãy chắc chắn thiết bị được đặt đúng chỗ và hoạt động đúng cách."
"30_Days_TOEIC","RL24","proper","đúng, thích hợp, phù hợp với quy định hoặc tiêu chuẩn","adj","/ˈprɑː.pɚ/","Proper safety equipment is required on the construction site.","Thiết bị an toàn đúng quy chuẩn là bắt buộc tại công trường xây dựng."
"30_Days_TOEIC","RL24","adequately","một cách đầy đủ hoặc thỏa đáng","adverb","/ˈæd.ə.kwət.li/","The training program adequately prepares employees for their tasks.","Chương trình đào tạo chuẩn bị đầy đủ cho nhân viên thực hiện nhiệm vụ."
"30_Days_TOEIC","RL24","annually","hàng năm, mỗi năm","adverb","/ˈæn.ju.ə.li/","The aquarium is expected to draw thousands of visitors annually.","Thủy cung được kỳ vọng sẽ thu hút hàng nghìn lượt khách mỗi năm."
"30_Days_TOEIC","RL24","annual","hàng năm, diễn ra mỗi năm","adj","/ˈæn.ju.əl/","The annual report was published last month.","Báo cáo hàng năm đã được xuất bản tháng trước."
"30_Days_TOEIC","RL24","accordingly","một cách phù hợp hoặc tương ứng với điều gì đó đã được đề cập hoặc xảy ra","adverb","/əˈkɔːr.dɪŋ.li/","I have reviewed your feedback and changed my plan accordingly.","Tôi đã xem xét phản hồi của bạn và thay đổi kế hoạch cho phù hợp."
"30_Days_TOEIC","RL24","strictly","một cách nghiêm ngặt, chặt chẽ, tuân thủ hoàn toàn","adverb","/ˈstrɪkt.li/","Your personal information will be kept strictly confidential.","Thông tin cá nhân của bạn sẽ được giữ bí mật tuyệt đối."
"30_Days_TOEIC","RL24","strict","nghiêm ngặt, chặt chẽ, khó thay đổi hoặc không khoan nhượng","adj","/strɪkt/","The company enforces strict quality standards.","Công ty áp dụng các tiêu chuẩn chất lượng nghiêm ngặt."
"30_Days_TOEIC","RL24","relatively","tương đối, ở mức độ nào đó so với cái khác","adverb","/ˈrel.ə.tɪv.li/","The company’s stock price is relatively low compared to its annual earnings.","Giá cổ phiếu của công ty tương đối thấp so với lợi nhuận hàng năm."
"30_Days_TOEIC","RL24","relative","tương đối, có liên quan hoặc so sánh với một cái gì đó khác","adj","/ˈrel.ə.tɪv/","Cost is relative to the size of the project.","Chi phí phụ thuộc vào quy mô dự án."
"30_Days_TOEIC","RL24","skillfully","một cách khéo léo, thành thạo","adverb","/ˈskɪl.fəl.i/","The chef skillfully prepared the meal for the guests.","Đầu bếp đã chuẩn bị món ăn một cách khéo léo cho khách."
"30_Days_TOEIC","RL24","skillful","có kỹ năng, thành thạo, khéo léo","adj","/ˈskɪl.fəl/","He is a skillful negotiator.","Anh ấy là một nhà đàm phán khéo léo."
"30_Days_TOEIC","RL24","reasonably priced","có giá cả hợp lý, vừa phải","phrase","","Enjoy a delicious and reasonably priced meal.","Thưởng thức một bữa ăn ngon và có giá cả hợp lý."
"30_Days_TOEIC","RL24","definitely","chắc chắn, dứt khoát, không nghi ngờ gì","adverb","/ˈdef.ən.ət.li/","The Halinga Boutique in Old Town is definitely worth a visit.","Cửa hàng Halinga ở Khu phố Cổ chắc chắn đáng để ghé thăm."
"30_Days_TOEIC","RL24","definite","rõ ràng, chắc chắn, không mơ hồ","adj","/ˈdef.ən.ət/","We need a definite answer by the end of the week.","Chúng tôi cần câu trả lời rõ ràng vào cuối tuần."
"30_Days_TOEIC","RL24","indefinitely","một cách vô thời hạn, không xác định thời gian","adverb","/ɪnˈdef.ɪ.nət.li/","The project has been postponed indefinitely.","Dự án đã bị hoãn vô thời hạn."
"30_Days_TOEIC","RL24","expressly","một cách rõ ràng, trực tiếp, dứt khoát","adverb","/ɪkˈspres.li/","A number of people expressly mentioned interest in seeing the river.","Một số người đã rõ ràng bày tỏ sự quan tâm đến việc tham quan con sông."
"30_Days_TOEIC","RL24","express","diễn đạt, thể hiện cảm xúc hoặc ý kiến","verb","/ɪkˈspres/","He expressed his gratitude to the team.","Anh ấy bày tỏ lòng biết ơn với nhóm."
"30_Days_TOEIC","RL24","expression","sự diễn đạt, cách thể hiện cảm xúc hoặc ý kiến","noun","/ɪkˈspreʃ.ən/","Her facial expression showed surprise.","Biểu cảm trên khuôn mặt cô ấy thể hiện sự ngạc nhiên."
"30_Days_TOEIC","RL24","considerably","ở mức độ lớn, đáng kể","adverb","/kənˈsɪd.ɚ.ə.bli/","This method can result in considerably lower prices.","Phương pháp này có thể dẫn đến mức giá thấp hơn đáng kể."
"30_Days_TOEIC","RL24","considerable","đáng kể, lớn lao","adj","/kənˈsɪd.ɚ.ə.bəl/","The company invested a considerable amount of money in advertising.","Công ty đã đầu tư một khoản tiền đáng kể vào quảng cáo."
"30_Days_TOEIC","RL24","totally","một cách hoàn toàn, tuyệt đối","adverb","/ˈtoʊ.t̬əl.i/","The company totally revised its travel reimbursement policy.","Công ty đã hoàn toàn sửa đổi chính sách hoàn trả chi phí đi lại."
"30_Days_TOEIC","RL24","total","tổng cộng, toàn bộ","adj","/ˈtoʊ.t̬əl/","Residents are requested to clean the recycling bins periodically.","Người dân được yêu cầu làm sạch thùng tái chế định kỳ."
"30_Days_TOEIC","RL24","total","tổng số, tổng cộng","noun","/ˈtoʊ.t̬əl/","The total of all expenses must be submitted by Friday.","Tổng tất cả các khoản chi phải được nộp trước thứ Sáu."
"30_Days_TOEIC","RL24","commonly","một cách phổ biến, thường xuyên","adverb","/ˈkɑː.mən.li/","Passwords should not contain names or commonly used words.","Mật khẩu không nên chứa tên hoặc các từ được sử dụng phổ biến."
"30_Days_TOEIC","RL24","common","phổ biến, thông thường","adj","/ˈkɑː.mən/","It’s a common mistake to forget the attachment in an email.","Đó là một lỗi phổ biến khi quên tệp đính kèm trong email."
"30_Days_TOEIC","RL24","securely","một cách chắc chắn, an toàn","adverb","/səˈkjʊr.li/","Make sure the price tag is securely attached to the item.","Đảm bảo rằng nhãn giá được gắn chắc chắn vào món hàng."
"30_Days_TOEIC","RL24","secure","bảo vệ hoặc cố định một cách an toàn","verb","/səˈkjʊr/","The technician secured the cables to prevent accidents.","Kỹ thuật viên đã cố định các dây cáp để tránh tai nạn."
"30_Days_TOEIC","RL24","secure","an toàn, chắc chắn","adj","/səˈkjʊr/","Only authorized personnel have access to the secure area.","Chỉ nhân viên được ủy quyền mới được vào khu vực an toàn."
"30_Days_TOEIC","RL24","secured","được bảo vệ hoặc cố định chắc chắn","adj","/səˈkjʊrd/","All confidential documents should be kept in a secured location.","Tất cả tài liệu mật nên được giữ ở nơi được bảo vệ."
"30_Days_TOEIC","RL24","security","sự an toàn, bảo mật","noun","/səˈkjʊr.ə.t̬i/","The company hired additional staff to ensure building security.","Công ty thuê thêm nhân viên để đảm bảo an ninh tòa nhà."
"30_Days_TOEIC","RL24","insecurely","một cách không an toàn, lỏng lẻo","adverb","/ˌɪn.səˈkjʊr.li/","The ladder was placed insecurely and could easily fall.","Chiếc thang được đặt không chắc chắn và có thể dễ dàng bị ngã."
"30_Days_TOEIC","RL24","largely","phần lớn, chủ yếu","adverb","/ˈlɑːrdʒ.li/","The company’s success is largely a result of their investment in technology.","Thành công của công ty chủ yếu là nhờ vào việc đầu tư vào công nghệ."
"30_Days_TOEIC","RL24","thoroughly","một cách kỹ lưỡng, triệt để","adverb","/ˈθɝː.ə.li/","Please read the directions thoroughly before starting the computer.","Vui lòng đọc kỹ hướng dẫn trước khi khởi động máy tính."
"30_Days_TOEIC","RL24","thorough","kỹ lưỡng, toàn diện","adj","/ˈθɝː.oʊ/","The inspector conducted a thorough examination of the facility.","Thanh tra đã tiến hành kiểm tra toàn diện cơ sở."
"30_Days_TOEIC","RL24","exclusively","một cách độc quyền, chỉ dành riêng cho","adverb","/ɪkˈskluː.sɪv.li/","The publishing company deals almost exclusively with biographies.","Công ty xuất bản gần như chỉ làm việc với thể loại tiểu sử."
"30_Days_TOEIC","RL24","exclusive","độc quyền, dành riêng","adj","/ɪkˈskluː.sɪv/","Membership grants you access to the club’s exclusive lounge.","Tư cách thành viên cho phép bạn vào phòng chờ riêng của câu lạc bộ."
"30_Days_TOEIC","RL24","comfortably","một cách thoải mái, dễ chịu","adverb","/ˈkʌm.fɚ.tə.bli/","Nava’s passenger van can seat up to seven persons comfortably.","Xe chở khách của Nava có thể chở thoải mái tới bảy người."
"30_Days_TOEIC","RL24","comfortable","thoải mái, dễ chịu","adj","/ˈkʌm.fɚ.tə.bəl/","The chairs in the waiting area are very comfortable.","Ghế ở khu vực chờ rất thoải mái."
"30_Days_TOEIC","RL24","comfort","sự thoải mái, tiện nghi","noun","/ˈkʌm.fɚt/","We aim to provide both comfort and safety during your stay.","Chúng tôi mong muốn mang lại sự thoải mái và an toàn trong suốt thời gian lưu trú của bạn."
"30_Days_TOEIC","RL24","immediately","ngay lập tức, không chậm trễ","adverb","/ɪˈmiː.di.ət.li/","If there is any change, we will inform you immediately.","Nếu có bất kỳ thay đổi nào, chúng tôi sẽ thông báo ngay lập tức cho bạn."
"30_Days_TOEIC","RL24","immediate","ngay lập tức, tức thời","adj","/ɪˈmiː.di.ət/","We need an immediate response to avoid delays.","Chúng tôi cần phản hồi ngay lập tức để tránh bị trễ."
"30_Days_TOEIC","RL24","momentarily","trong chốc lát, tạm thời","adverb","/ˌmoʊ.mənˈter.əl.i/","The computer was disconnected momentarily for maintenance.","Máy tính đã bị ngắt kết nối tạm thời để bảo trì."
"30_Days_TOEIC","RL24","momentary","chốc lát, ngắn ngủi","adj","/ˈmoʊ.mən.ter.i/","There was a momentary pause before the presentation continued.","Có một khoảng dừng ngắn trước khi bài thuyết trình tiếp tục."
"30_Days_TOEIC","RL24","specifically","một cách cụ thể, dành riêng","adverb","/spəˈsɪf.ɪ.kəl.i/","Only batteries specifically designed for this type of camera should be used.","Chỉ nên sử dụng pin được thiết kế riêng cho loại máy ảnh này."
"30_Days_TOEIC","RL24","specific","cụ thể, riêng biệt","adj","/spəˈsɪf.ɪk/","Do you have any specific questions about the project timeline?","Bạn có câu hỏi cụ thể nào về tiến độ dự án không?"
"30_Days_TOEIC","RL24","dramatically","một cách đáng kể, đột ngột","adverb","/drəˈmæt̬.ɪ.kəl.i/","With the completion of the airport, tourism has improved dramatically.","Khi sân bay hoàn thành, ngành du lịch đã cải thiện đáng kể."
"30_Days_TOEIC","RL24","dramatic","đáng kể, gây ấn tượng mạnh","adj","/drəˈmæt̬.ɪk/","There was a dramatic rise in online sales last quarter.","Đã có sự gia tăng đáng kể trong doanh số trực tuyến quý trước."
"30_Days_TOEIC","RL24","accidentally","một cách tình cờ, không cố ý","adverb","/ˌæk.səˈden.t̬əl.i/","This invoice was accidentally sent to the wrong client.","Hóa đơn này đã vô tình được gửi đến khách hàng sai."
"30_Days_TOEIC","RL24","deliberately","một cách cố ý, có chủ đích","adverb","/dɪˈlɪb.ɚ.ət.li/","She deliberately avoided mentioning the deadline in the meeting.","Cô ấy cố ý không đề cập đến thời hạn trong cuộc họp."
"30_Days_TOEIC","RL24","overly","quá mức, quá đà","adverb","/ˈoʊ.vɚ.li/","These products are overly expensive and sometimes unnecessary.","Những sản phẩm này quá đắt và đôi khi không cần thiết."
"30_Days_TOEIC","RL24","recently","gần đây, mới đây","adverb","/ˈriː.sənt.li/","Our office has recently updated its billing system.","Văn phòng chúng tôi gần đây đã cập nhật hệ thống thanh toán."
"30_Days_TOEIC","RL24","recent","gần đây, mới xảy ra","adj","/ˈriː.sənt/","Please refer to the most recent report for accurate figures.","Vui lòng tham khảo báo cáo gần đây nhất để có số liệu chính xác."
"30_Days_TOEIC","RL24","highly","rất, ở mức độ cao","adverb","/ˈhaɪ.li/","All of our courses are taught by highly qualified faculty.","Tất cả các khóa học của chúng tôi đều được giảng dạy bởi đội ngũ giảng viên có trình độ cao."
"30_Days_TOEIC","RL24","widely","một cách rộng rãi, phổ biến","adverb","/ˈwaɪd.li/","Jasper Cummings was widely known for his innovative use of lights.","Jasper Cummings được biết đến rộng rãi nhờ cách sử dụng ánh sáng đầy sáng tạo."
"30_Days_TOEIC","RL24","wide","rộng, có phạm vi lớn","adj","/waɪd/","The company offers a wide range of services to clients.","Công ty cung cấp nhiều loại dịch vụ cho khách hàng."
"30_Days_TOEIC","RL24","densely","một cách dày đặc","adverb","/ˈden.sli/","The downtown area is a densely populated part of the city.","Khu trung tâm là khu vực dân cư đông đúc của thành phố."
"30_Days_TOEIC","RL24","dense","dày đặc, đông đúc","adj","/dens/","The fog was too dense to see through the windshield.","Sương mù quá dày nên không thể nhìn qua kính chắn gió."
"30_Days_TOEIC","RL24","density","mật độ","noun","/ˈden.sə.t̬i/","The city’s population density is among the highest in the region.","Mật độ dân số của thành phố nằm trong số cao nhất khu vực."
"30_Days_TOEIC","RL24","strategically","một cách chiến lược, có tính toán","adverb","/strəˈtiː.dʒɪ.kəl.i/","The park has recycling bins strategically placed near its entrance.","Công viên có các thùng tái chế được đặt một cách có chiến lược gần lối vào."
"30_Days_TOEIC","RL24","strategic","có tính chiến lược","adj","/strəˈtiː.dʒɪk/","We need a strategic approach to enter the international market.","Chúng ta cần một cách tiếp cận chiến lược để thâm nhập thị trường quốc tế."
"30_Days_TOEIC","RL24","strategy","chiến lược, kế hoạch","noun","/ˈstræt̬.ə.dʒi/","The marketing team developed a strategy to boost online engagement.","Đội ngũ marketing đã xây dựng chiến lược để tăng tương tác trực tuyến."
"30_Days_TOEIC","RL24","currently","hiện tại, vào lúc này","adverb","/ˈkɝː.ənt.li/","The museum is currently closed for renovations but will reopen soon.","Bảo tàng hiện đang đóng cửa để tu sửa nhưng sẽ sớm mở lại."
"30_Days_TOEIC","RL24","current","hiện tại, đang diễn ra","adj","/ˈkɝː.ənt/","Please refer to the current schedule for updates.","Vui lòng tham khảo lịch trình hiện tại để biết cập nhật."
"30_Days_TOEIC","RL24","eventually","cuối cùng, sau cùng (sau một thời gian hoặc quá trình)","adverb","/ɪˈven.tʃu.ə.li/","Ms. Fukui hopes to be offered full-time employment eventually.","Cô Fukui hy vọng cuối cùng sẽ được đề nghị làm việc toàn thời gian."
"30_Days_TOEIC","RL24","eventual","sau cùng, cuối cùng (xảy ra sau quá trình)","adj","/ɪˈven.tʃu.əl/","The negotiations resulted in the eventual approval of the contract.","Các cuộc đàm phán dẫn đến sự phê duyệt cuối cùng của hợp đồng."
"30_Days_TOEIC","RL24","primarily","chủ yếu, chính","adverb","/ˈpraɪ.mer.əl.i/","The building will run primarily on energy from solar panels.","Tòa nhà sẽ hoạt động chủ yếu bằng năng lượng từ các tấm pin mặt trời."
"30_Days_TOEIC","RL24","primary","chính, chủ yếu, quan trọng nhất","adj","/ˈpraɪ.mer.i/","The primary objective of this campaign is to raise brand awareness.","Mục tiêu chính của chiến dịch này là nâng cao nhận diện thương hiệu."
"30_Days_TOEIC","RL24","early","sớm, trước thời gian dự kiến","adverb","/ˈɝː.li/","Be sure to arrive early to check your name on the list.","Hãy chắc chắn đến sớm để kiểm tra tên của bạn trong danh sách."
"30_Days_TOEIC","RL24","persistently","một cách dai dẳng, liên tục","adverb","/pɚˈsɪs.tənt.li/","The bus persistently arrives late because of the road construction.","Xe buýt liên tục đến trễ vì công trình xây dựng trên đường."
"30_Days_TOEIC","RL24","persistent","kiên trì, dai dẳng","adj","/pɚˈsɪs.tənt/","Her persistent efforts finally led to success.","Nỗ lực kiên trì của cô ấy cuối cùng đã dẫn đến thành công."
"30_Days_TOEIC","RL24","persist","kiên trì, tiếp tục tồn tại","verb","/pɚˈsɪst/","If the pain persists, consult your doctor immediately.","Nếu cơn đau vẫn tiếp diễn, hãy tham khảo ý kiến bác sĩ ngay."
"30_Days_TOEIC","RL24","formerly","trước đây, đã từng","adverb","/ˈfɔːr.mɚ.li/","Formerly called the Gordon Film Festival, it will now be known as the Hurst Film Festival.","Trước đây được gọi là Liên hoan phim Gordon, nay nó sẽ được biết đến là Liên hoan phim Hurst."
"30_Days_TOEIC","RL24","former","trước đây, cũ (chỉ người/vật từng giữ vị trí, trạng thái nào đó)","adj","/ˈfɔːr.mɚ/","The former CEO now acts as a consultant to the board.","Cựu giám đốc điều hành hiện là cố vấn cho hội đồng quản trị."
"30_Days_TOEIC","RL24","moderately","ở mức độ vừa phải, tương đối","adverb","/ˈmɑː.dɚ.ət.li/","This sofa is moderately priced and available in several colors.","Chiếc ghế sofa này có giá vừa phải và có sẵn nhiều màu sắc."
"30_Days_TOEIC","RL24","moderate","vừa phải, không quá cao hay thấp","adj","/ˈmɑː.dɚ.ət/","We are expecting moderate traffic throughout the weekend.","Chúng tôi dự kiến lưu lượng giao thông vừa phải trong suốt cuối tuần."
"30_Days_TOEIC","RL24","consistently","một cách nhất quán, đều đặn","adverb","/kənˈsɪs.tənt.li/","Ms. Gupta is a motivated individual who consistently meets deadlines.","Cô Gupta là người có động lực và luôn hoàn thành hạn chót một cách đều đặn."
"30_Days_TOEIC","RL24","consistent","nhất quán, phù hợp","adj","/kənˈsɪs.tənt/","Her performance has been consistent over the past three years.","Hiệu suất làm việc của cô ấy ổn định trong suốt ba năm qua."
"30_Days_TOEIC","RL24","consistency","sự nhất quán, sự ổn định","noun","/kənˈsɪs.tən.si/","Consistency in product quality is key to customer satisfaction.","Sự nhất quán trong chất lượng sản phẩm là chìa khóa cho sự hài lòng của khách hàng."
"30_Days_TOEIC","RL24","absolutely","hoàn toàn, nhất định, tuyệt đối","adverb","/ˈæb.sə.luːt.li/","Helmets absolutely must be worn in the construction zone.","Nhất định phải đội mũ bảo hộ trong khu vực xây dựng."
"30_Days_TOEIC","RL24","absolute","tuyệt đối, hoàn toàn","adj","/ˈæb.sə.luːt/","Safety is our absolute priority during facility maintenance.","An toàn là ưu tiên tuyệt đối của chúng tôi trong quá trình bảo trì cơ sở."
"30_Days_TOEIC","RL24","fairly","khá, tương đối; một cách công bằng","adverb","/ˈfer.li/","The project required a fairly large number of lounge chairs.","Dự án yêu cầu một số lượng ghế thư giãn khá lớn."
"30_Days_TOEIC","RL24","fair","công bằng, hợp lý","adj","/fer/","All applicants will be given a fair chance during the interview.","Tất cả ứng viên sẽ được trao cơ hội công bằng trong buổi phỏng vấn."
"30_Days_TOEIC","RL24","inadvertently","một cách vô ý, không chủ ý","adverb","/ˌɪn.ədˈvɝː.t̬ənt.li/","Ms. Milton inadvertently forgot a password.","Cô Milton đã vô tình quên mất mật khẩu."
"30_Days_TOEIC","RL24","inadvertent","vô tình, không cố ý","adj","/ˌɪn.ədˈvɝː.t̬ənt/","An inadvertent error caused the system to crash.","Một lỗi vô tình đã khiến hệ thống bị sập."
"30_Days_TOEIC","RL24","apparently","hình như, rõ ràng là (dựa trên những gì quan sát hoặc nghe được)","adverb","/əˈper.ənt.li/","Young people are apparently interested in economic issues.","Giới trẻ hình như rất quan tâm đến các vấn đề kinh tế."
"30_Days_TOEIC","RL24","apparent","rõ ràng, dễ thấy","adj","/əˈper.ənt/","There was no apparent reason for the unexpected delay.","Không có lý do rõ ràng nào cho sự trì hoãn bất ngờ."
"30_Days_TOEIC","RL24","adversely","một cách bất lợi, tiêu cực","adverb","/ædˈvɝːs.li/","The flooding adversely affected the profits of coffee producers.","Lũ lụt đã ảnh hưởng tiêu cực đến lợi nhuận của các nhà sản xuất cà phê."
"30_Days_TOEIC","RL24","adverse","bất lợi, có hại","adj","/ˈæd.vɝːs/","Adverse weather conditions caused the event to be postponed.","Thời tiết xấu đã khiến sự kiện bị hoãn lại."
"30_Days_TOEIC","RL24","prominently","một cách dễ thấy, nổi bật","adverb","/ˈprɑː.mə.nənt.li/","Detour signs will be prominently placed along the route.","Biển báo đường vòng sẽ được đặt nổi bật dọc theo tuyến đường."
"30_Days_TOEIC","RL24","prominent","nổi bật, dễ thấy; quan trọng","adj","/ˈprɑː.mə.nənt/","Mr. Han is a prominent speaker in the technology industry.","Ông Han là một diễn giả nổi bật trong ngành công nghệ."
"30_Days_TOEIC","RL24","occasionally","thỉnh thoảng, đôi khi","adverb","/əˈkeɪ.ʒən.əl.i/","Rent equipment that is used only occasionally.","Thuê thiết bị chỉ được sử dụng thỉnh thoảng."
"30_Days_TOEIC","RL24","occasional","thỉnh thoảng, không thường xuyên","adj","/əˈkeɪ.ʒən.əl/","He makes occasional business trips to Asia.","Anh ấy thỉnh thoảng đi công tác đến châu Á."
"30_Days_TOEIC","RL24","previously","trước đó, đã từng","adverb","/ˈpriː.vi.əs.li/","The journal is accepting previously unpublished research papers.","Tạp chí đang nhận các bài nghiên cứu chưa từng được xuất bản trước đây."
"30_Days_TOEIC","RL24","previous","trước đó, trước (về thời gian/thứ tự)","adj","/ˈpriː.vi.əs/","Please review the previous report before the meeting.","Vui lòng xem lại báo cáo trước đó trước cuộc họp."
"30_Days_TOEIC","RL24","evenly","một cách đồng đều, bằng nhau","adverb","/ˈiː.vən.li/","Copper distributes heat more evenly than aluminum.","Đồng phân phối nhiệt đều hơn nhôm."
"30_Days_TOEIC","RL24","even","bằng phẳng, đều đặn, đều nhau","adj","/ˈiː.vən/","Make sure the surface is even before placing the machine.","Hãy đảm bảo bề mặt bằng phẳng trước khi đặt máy."
"30_Days_TOEIC","RL24","unevenly","một cách không đều, không đồng đều","adverb","/ʌnˈiː.vən.li/","The documents were stacked unevenly on the desk.","Tài liệu được xếp không đều trên bàn."
"30_Days_TOEIC","RL24","markedly","một cách rõ rệt, đáng kể","adverb","/ˈmɑːrk.ɪd.li/","The software for tracking orders has been markedly successful.","Phần mềm theo dõi đơn hàng đã thành công một cách rõ rệt."
"30_Days_TOEIC","RL24","marked","rõ rệt, rõ ràng, dễ nhận thấy","adj","/mɑːrkt/","There has been a marked improvement in customer satisfaction.","Đã có sự cải thiện rõ rệt trong mức độ hài lòng của khách hàng."
"30_Days_TOEIC","RL24","customarily","theo thông lệ, theo thói quen","adverb","/ˌkʌs.təˈmer.əl.i/","Employees are customarily paid once a month.","Nhân viên theo thông lệ được trả lương mỗi tháng một lần."
"30_Days_TOEIC","RL24","customary","theo thông lệ, thông thường","adj","/ˈkʌs.tə.mer.i/","It is customary to send a thank-you email after an interview.","Gửi email cảm ơn sau buổi phỏng vấn là điều thông thường."
"30_Days_TOEIC","RL24","custom","thói quen, phong tục","noun","/ˈkʌs.təm/","It’s a company custom to celebrate employee anniversaries.","Đó là truyền thống của công ty khi chúc mừng ngày kỷ niệm của nhân viên."
"30_Days_TOEIC","RL24","customs","hải quan","noun","/ˈkʌs.təmz/","Please declare all goods at customs upon arrival.","Vui lòng khai báo tất cả hàng hóa tại hải quan khi đến."
"30_Days_TOEIC","RL24","overwhelmingly","một cách áp đảo, gần như hoàn toàn","adverb","/ˌoʊ.vɚˈwel.mɪŋ.li/","The board overwhelmingly approved an increase in wage.","Hội đồng đã nhất trí thông qua việc tăng lương một cách áp đảo."
"30_Days_TOEIC","RL24","overwhelming","quá mạnh, áp đảo, tràn ngập","adj","/ˌoʊ.vɚˈwel.mɪŋ/","An overwhelming number of attendees caused delays at registration.","Số lượng người tham dự quá đông gây ra sự chậm trễ tại khâu đăng ký."
"30_Days_TOEIC","RL25","precisely","chính xác, đúng vào (thời gian hoặc cách thức)","adverb","/prɪˈsaɪs.li/","The briefing will begin precisely at 9:30 A.M. on Thursday.","Buổi họp sẽ bắt đầu chính xác lúc 9:30 sáng thứ Năm."
"30_Days_TOEIC","RL25","precise","chính xác, rõ ràng","adj","/prɪˈsaɪs/","We need the precise measurements to place the order.","Chúng tôi cần số đo chính xác để đặt hàng."
"30_Days_TOEIC","RL25","directly","một cách trực tiếp, ngay lập tức","adverb","/daɪˈrekt.li/","Fill out the enclosed form and send it directly to the manager.","Điền vào mẫu đính kèm và gửi trực tiếp cho quản lý."
"30_Days_TOEIC","RL25","direct","trực tiếp, thẳng (không qua trung gian); thẳng thắn","adj","/daɪˈrekt/","You may contact your direct supervisor with any concerns.","Bạn có thể liên hệ trực tiếp với quản lý trực tiếp nếu có thắc mắc."
"30_Days_TOEIC","RL25","indirectly","một cách gián tiếp","adverb","/ˌɪn.daɪˈrekt.li/","The news was indirectly confirmed through a third party.","Thông tin được xác nhận gián tiếp thông qua bên thứ ba."
"30_Days_TOEIC","RL25","clearly","một cách rõ ràng, dễ hiểu","adverb","/ˈklɪr.li/","Safety rules must be posted in an area clearly visible to all patrons.","Các quy tắc an toàn phải được dán ở khu vực dễ thấy đối với tất cả khách."
"30_Days_TOEIC","RL25","clear","rõ ràng, dễ hiểu","adj","/klɪr/","Make sure your instructions are clear and concise.","Hãy đảm bảo hướng dẫn của bạn rõ ràng và ngắn gọn."
"30_Days_TOEIC","RL25","approximately","xấp xỉ, khoảng chừng","adverb","/əˈprɑːk.sə.mət.li/","There will be approximately 250 people attending the convention.","Sẽ có khoảng 250 người tham dự hội nghị."
"30_Days_TOEIC","RL25","approximate","ước chừng, xấp xỉ","adj","/əˈprɑːk.sə.mət/","We need the approximate number of attendees by Friday.","Chúng tôi cần số lượng người tham dự ước chừng trước thứ Sáu."
"30_Days_TOEIC","RL25","separately","một cách riêng biệt, tách rời","adverb","/ˈsep.ɚ.ət.li/","The renter must pay for Internet service separately.","Người thuê phải trả tiền dịch vụ Internet riêng biệt."
"30_Days_TOEIC","RL25","separate","riêng biệt, tách rời","adj","/ˈsep.ɚ.ət/","Please send the invoice and contract in separate files.","Vui lòng gửi hóa đơn và hợp đồng trong các tệp riêng biệt."
"30_Days_TOEIC","RL25","solely","chỉ, duy nhất","adverb","/ˈsoʊl.li/","Our office building is heated solely by solar power.","Tòa nhà văn phòng của chúng tôi được sưởi ấm chỉ bằng năng lượng mặt trời."
"30_Days_TOEIC","RL25","sole","duy nhất","adj","/soʊl/","Mr. Evans is the sole distributor of the product in Asia.","Ông Evans là nhà phân phối duy nhất của sản phẩm tại châu Á."
"30_Days_TOEIC","RL25","increasingly","ngày càng, càng lúc càng","adverb","/ɪnˈkriː.sɪŋ.li/","This event has become increasingly popular in recent years.","Sự kiện này ngày càng trở nên phổ biến trong những năm gần đây."
"30_Days_TOEIC","RL25","increasing","đang tăng lên, ngày càng tăng","adj","/ɪnˈkriː.sɪŋ/","The company is facing increasing pressure from competitors.","Công ty đang chịu áp lực ngày càng lớn từ đối thủ."
"30_Days_TOEIC","RL25","tightly","một cách chặt chẽ, kín, chắc chắn","adverb","/ˈtaɪt.li/","Long poles must be tightly secured to the back of the truck.","Các cây cột dài phải được buộc chặt vào phía sau xe tải."
"30_Days_TOEIC","RL25","tight","chặt, kín, khít","adj","/taɪt/","Make sure the screws are tight before using the machine.","Đảm bảo các ốc vít được siết chặt trước khi sử dụng máy."
"30_Days_TOEIC","RL25","completely","hoàn toàn, toàn bộ","adverb","/kəmˈpliːt.li/","Tickets to the Autumn Banquet are completely sold out.","Vé tham dự Tiệc Mùa Thu đã hoàn toàn bán hết."
"30_Days_TOEIC","RL25","complete","đầy đủ, hoàn chỉnh","adj","/kəmˈpliːt/","Please ensure the report is complete before the meeting.","Vui lòng đảm bảo báo cáo hoàn chỉnh trước cuộc họp."
"30_Days_TOEIC","RL25","necessarily","nhất thiết, tất yếu (thường dùng với nghĩa phủ định hoặc nhấn mạnh hệ quả)","adverb","/ˌnes.əˈser.əl.i/","The copier does not necessarily perform well enough for a busy office.","Máy photocopy không nhất thiết hoạt động đủ tốt cho một văn phòng bận rộn."
"30_Days_TOEIC","RL25","necessary","cần thiết, thiết yếu","adj","/ˈnes.ə.ser.i/","Please take the necessary steps to complete the registration.","Vui lòng thực hiện các bước cần thiết để hoàn tất đăng ký."
"30_Days_TOEIC","RL25","unnecessarily","một cách không cần thiết","adverb","/ˌʌnˈnes.ə.ser.əl.i/","Let’s avoid unnecessarily complicating the process.","Hãy tránh làm phức tạp quy trình một cách không cần thiết."
"30_Days_TOEIC","RL25","nearly","gần như, xấp xỉ","adverb","/ˈnɪr.li/","The artwork for the advertisement is nearly complete.","Tác phẩm nghệ thuật cho quảng cáo gần như đã hoàn thành."
"30_Days_TOEIC","RL25","casually","một cách thân mật, không trang trọng; thoải mái","adverb","/ˈkæʒ.u.ə.li/","The management team casually discussed possible expansion plans.","Ban quản lý đã thảo luận một cách thoải mái về các kế hoạch mở rộng tiềm năng."
"30_Days_TOEIC","RL25","casual","thoải mái, không trang trọng; ngẫu nhiên","adj","/ˈkæʒ.u.əl/","Casual dress is acceptable during weekend shifts.","Trang phục thoải mái được chấp nhận trong ca làm cuối tuần."
"30_Days_TOEIC","RL25","unusually","một cách bất thường, khác thường","adverb","/ʌnˈjuː.ʒu.ə.li/","Due to unusually high demand, some supplies need to be restocked.","Do nhu cầu tăng bất thường, một số vật tư cần được bổ sung lại."
"30_Days_TOEIC","RL25","unusual","khác thường, bất thường","adj","/ʌnˈjuː.ʒu.əl/","It's unusual for Mr. Blake to arrive late.","Ông Blake đến muộn là điều bất thường."
"30_Days_TOEIC","RL25","usually","thường xuyên, thông thường","adverb","/ˈjuː.ʒu.ə.li/","The cafeteria usually opens at 7:30 A.M.","Nhà ăn thường mở cửa lúc 7:30 sáng."
"30_Days_TOEIC","RL25","briefly","một cách ngắn gọn, trong thời gian ngắn","adverb","/ˈbriːf.li/","I wonder if I could meet with you briefly.","Tôi tự hỏi liệu tôi có thể gặp bạn trong chốc lát không."
"30_Days_TOEIC","RL25","brief","ngắn gọn, nhanh chóng","adj","/briːf/","Please keep your comments brief and to the point.","Vui lòng giữ nhận xét ngắn gọn và đi vào trọng tâm."
"30_Days_TOEIC","RL25","accurately","một cách chính xác","adverb","/ˈæk.jɚ.ət.li/","All expenditures are recorded accurately in the database.","Tất cả các khoản chi được ghi lại một cách chính xác trong cơ sở dữ liệu."
"30_Days_TOEIC","RL25","accurate","chính xác","adj","/ˈæk.jɚ.ət/","The report provides accurate sales data for the quarter.","Báo cáo cung cấp dữ liệu bán hàng chính xác cho quý."
"30_Days_TOEIC","RL25","accuracy","độ chính xác","noun","/ˈæk.jɚ.ə.si/","We rely on the accuracy of the financial statements.","Chúng tôi dựa vào độ chính xác của báo cáo tài chính."
"30_Days_TOEIC","RL25","inaccurately","một cách không chính xác","adverb","/ɪnˈæk.jɚ.ət.li/","Some data was entered inaccurately, causing a delay in processing.","Một số dữ liệu được nhập không chính xác, gây ra sự chậm trễ trong xử lý."
"30_Days_TOEIC","RL25","promptly","ngay lập tức, đúng giờ","adverb","/ˈprɑːmpt.li/","Please arrive by 9:30 A.M. so we can begin promptly.","Vui lòng đến trước 9:30 sáng để chúng ta có thể bắt đầu đúng giờ."
"30_Days_TOEIC","RL25","prompt","ngay lập tức, nhanh chóng","adj","/prɑːmpt/","We appreciate your prompt response to the issue.","Chúng tôi đánh giá cao phản hồi nhanh chóng của bạn về vấn đề này."
"30_Days_TOEIC","RL25","easily","một cách dễ dàng","adverb","/ˈiː.zəl.i/","The new location of the company is easily accessible by bus.","Địa điểm mới của công ty có thể dễ dàng tiếp cận bằng xe buýt."
"30_Days_TOEIC","RL25","easy","dễ dàng, đơn giản","adj","/ˈiː.zi/","This software provides an easy way to manage inventory.","Phần mềm này cung cấp cách dễ dàng để quản lý hàng tồn kho."
"30_Days_TOEIC","RL25","extremely","cực kỳ, vô cùng","adverb","/ɪkˈstriːm.li/","The employees were extremely friendly, and the inn was clean.","Nhân viên cực kỳ thân thiện và nhà trọ thì sạch sẽ."
"30_Days_TOEIC","RL25","extreme","cực đoan, ở mức cao nhất","adj","/ɪkˈstriːm/","The company took extreme measures to cut costs.","Công ty đã thực hiện các biện pháp quyết liệt để cắt giảm chi phí."
"30_Days_TOEIC","RL25","preferably","tốt hơn là, lý tưởng nhất là","adverb","/ˈpref.ər.ə.bli/","Ms. Harrow needs a temporary residence, preferably a studio apartment.","Cô Harrow cần một nơi ở tạm thời, lý tưởng nhất là căn hộ studio."
"30_Days_TOEIC","RL25","preferred","được ưa chuộng, được ưu tiên","adj","/prɪˈfɝːd/","Evening shifts are available, but daytime hours are preferred.","Ca tối vẫn có, nhưng giờ ban ngày được ưu tiên hơn."
"30_Days_TOEIC","RL25","normally","thông thường, như thường lệ","adverb","/ˈnɔːr.mə.li/","Normally we take seven days to ship online purchases.","Thông thường, chúng tôi mất bảy ngày để giao đơn hàng trực tuyến."
"30_Days_TOEIC","RL25","normal","bình thường, thông thường","adj","/ˈnɔːr.məl/","The system is now back to normal operation.","Hệ thống hiện đã quay lại hoạt động bình thường."
"30_Days_TOEIC","RL25","carefully","một cách cẩn thận, kỹ lưỡng","adverb","/ˈker.fəl.i/","Read our reservation and cancellation policy carefully.","Đọc kỹ chính sách đặt chỗ và hủy bỏ của chúng tôi."
"30_Days_TOEIC","RL25","careful","cẩn thận, chú ý","adj","/ˈker.fəl/","You need to be careful when handling customer complaints.","Bạn cần phải cẩn thận khi xử lý khiếu nại của khách hàng."
"30_Days_TOEIC","RL25","punctually","một cách đúng giờ","adverb","/ˈpʌŋk.tʃu.ə.li/","Dr. Bennett had to catch a train in order to arrive punctually.","Bác sĩ Bennett phải bắt tàu để đến đúng giờ."
"30_Days_TOEIC","RL25","punctual","đúng giờ","adj","/ˈpʌŋk.tʃu.əl/","We value punctual attendance at all company meetings.","Chúng tôi đánh giá cao sự tham dự đúng giờ trong tất cả các cuộc họp công ty."
"30_Days_TOEIC","RL25","slightly","một chút, hơi","adverb","/ˈslaɪt.li/","After remaining high for several days, temperatures fell slightly yesterday.","Sau khi duy trì ở mức cao trong vài ngày, nhiệt độ đã giảm nhẹ vào hôm qua."
"30_Days_TOEIC","RL25","slight","nhẹ, không đáng kể","adj","/slaɪt/","There was a slight delay in the shipment due to weather.","Có một sự chậm trễ nhẹ trong việc giao hàng do thời tiết."
"30_Days_TOEIC","RL25","officially","một cách chính thức","adverb","/əˈfɪʃ.əl.i/","Our corporate name is now officially RRS Builders.","Tên công ty của chúng tôi giờ đây chính thức là RRS Builders."
"30_Days_TOEIC","RL25","official","chính thức","adj","/əˈfɪʃ.əl/","We are still waiting for the official confirmation.","Chúng tôi vẫn đang chờ xác nhận chính thức."
"30_Days_TOEIC","RL25","partially","một phần, không hoàn toàn","adverb","/ˈpɑːr.ʃəl.i/","Even after the stadium's renovation, pillars partially obstruct the view from some seats.","Ngay cả sau khi sân vận động được cải tạo, các cột vẫn phần nào cản trở tầm nhìn từ một số chỗ ngồi."
"30_Days_TOEIC","RL25","partial","một phần, không toàn bộ","adj","/ˈpɑːr.ʃəl/","The company offered a partial refund for the damaged goods.","Công ty đã hoàn tiền một phần cho hàng hóa bị hư hỏng."
"30_Days_TOEIC","RL25","part","phần, bộ phận","noun","/pɑːrt/","Each part of the form must be filled out accurately.","Mỗi phần của mẫu đơn phải được điền chính xác."
"30_Days_TOEIC","RL25","frequently","thường xuyên","adverb","/ˈfriː.kwənt.li/","The equipment is tested frequently to ensure that it is in good condition.","Thiết bị được kiểm tra thường xuyên để đảm bảo nó trong tình trạng tốt."
"30_Days_TOEIC","RL25","frequent","thường xuyên, lặp lại","adj","/ˈfriː.kwənt/","Frequent maintenance checks are necessary for this machine.","Việc kiểm tra bảo trì thường xuyên là cần thiết cho máy này."
"30_Days_TOEIC","RL25","frequency","tần suất, mức độ thường xảy ra","noun","/ˈfriː.kwən.si/","Please indicate the frequency of your visits in the survey.","Vui lòng cho biết tần suất bạn ghé thăm trong khảo sát."
"30_Days_TOEIC","RL25","conveniently","một cách thuận tiện","adverb","/kənˈviː.ni.ənt.li/","The townhome community is conveniently located near a train line.","Khu nhà phố nằm ở vị trí thuận tiện gần tuyến tàu."
"30_Days_TOEIC","RL25","convenient","thuận tiện, tiện lợi","adj","/kənˈviː.ni.ənt/","Online reservations offer a convenient option for busy customers.","Đặt chỗ trực tuyến mang lại lựa chọn thuận tiện cho khách hàng bận rộn."
"30_Days_TOEIC","RL25","convenience","sự tiện lợi","noun","/kənˈviː.ni.əns/","For your convenience, this manual is available in multiple languages.","Để thuận tiện cho bạn, sổ tay này có sẵn bằng nhiều ngôn ngữ."
"30_Days_TOEIC","RL25","inconveniently","một cách bất tiện","adverb","/ˌɪn.kənˈviː.ni.ənt.li/","The building is inconveniently located far from public transit.","Tòa nhà nằm ở vị trí bất tiện, xa phương tiện công cộng."
"30_Days_TOEIC","RL25","closely","một cách sát sao, kỹ lưỡng","adverb","/ˈkloʊs.li/","We are working closely with our suppliers to fill your order.","Chúng tôi đang phối hợp chặt chẽ với các nhà cung cấp để xử lý đơn hàng của bạn."
"30_Days_TOEIC","RL25","close","gần, sát (về vị trí, thời gian, mối quan hệ...)","adj","/kloʊs/","Our hotel is close to the convention center.","Khách sạn của chúng tôi gần trung tâm hội nghị."
"30_Days_TOEIC","RL25","hardly","hầu như không, rất ít khi","adverb","/ˈhɑːrd.li/","The café has become popular, even though it is hardly noticeable from the street.","Quán cà phê đã trở nên nổi tiếng, mặc dù hầu như không thể thấy từ đường phố."
"30_Days_TOEIC","RL25","hard","chăm chỉ, vất vả; cứng, khó","adverb","/hɑːrd/","You must work hard to meet the deadline.","Bạn phải làm việc chăm chỉ để kịp thời hạn."
"30_Days_TOEIC","RL25","automatically","một cách tự động","adverb","/ˌɑː.t̬əˈmæt̬.ɪ.kəl.i/","All office lights will automatically be turned off at 7:00 P.M.","Tất cả đèn văn phòng sẽ tự động tắt vào lúc 7 giờ tối."
"30_Days_TOEIC","RL25","shortly","ngay sau đó, trong thời gian ngắn","adverb","/ˈʃɔːrt.li/","Mr. Pawar will contact you shortly with details about the class materials.","Ông Pawar sẽ liên hệ với bạn ngay sau đó để cung cấp thông tin chi tiết về tài liệu lớp học."
"30_Days_TOEIC","RL25","mistakenly","một cách nhầm lẫn","adverb","/mɪˈsteɪ.kən.li/","A marketing consultant mistakenly included incorrect data.","Một chuyên viên marketing đã nhầm lẫn đưa vào dữ liệu sai."
"30_Days_TOEIC","RL25","mistaken","nhầm lẫn, sai lầm","adj","/mɪˈsteɪ.kən/","If I’m not mistaken, the manager has already approved the budget.","Nếu tôi không nhầm, quản lý đã phê duyệt ngân sách rồi."
"30_Days_TOEIC","RL25","mistake","lỗi, sai sót","noun","/mɪˈsteɪk/","There was a mistake in the financial report.","Có một sai sót trong báo cáo tài chính."
"30_Days_TOEIC","RL25","rapidly","một cách nhanh chóng","adverb","/ˈræp.ɪd.li/","When staff members work too rapidly, they make mistakes.","Khi nhân viên làm việc quá nhanh, họ thường mắc lỗi."
"30_Days_TOEIC","RL25","rapid","nhanh chóng, đột ngột","adj","/ˈræp.ɪd/","The company experienced rapid growth last year.","Công ty đã trải qua sự tăng trưởng nhanh chóng vào năm ngoái."
"30_Days_TOEIC","RL25","typically","thường xuyên, như thường lệ","adverb","/ˈtɪp.ɪ.kəl.i/","Ms. Ung is not here today, but she typically attends every meeting.","Cô Ung không có mặt hôm nay, nhưng cô ấy thường tham dự mọi cuộc họp."
"30_Days_TOEIC","RL25","typical","điển hình, thông thường","adj","/ˈtɪp.ɪ.kəl/","This is a typical example of excellent customer service.","Đây là một ví dụ điển hình về dịch vụ khách hàng xuất sắc."
"30_Days_TOEIC","RL25","continually","liên tục, không ngừng (xảy ra lặp đi lặp lại)","adverb","/kənˈtɪn.ju.ə.li/","We are continually researching appliance technology.","Chúng tôi liên tục nghiên cứu công nghệ thiết bị gia dụng."
"30_Days_TOEIC","RL25","continual","liên tục, thường xuyên (lặp lại nhưng có ngắt quãng)","adj","/kənˈtɪn.ju.əl/","The team faced continual delays due to system errors.","Nhóm liên tục gặp phải sự chậm trễ do lỗi hệ thống."
"30_Days_TOEIC","RL25","continuous","liên tục, không ngắt quãng","adj","/kənˈtɪn.ju.əs/","The system requires continuous power to operate.","Hệ thống cần nguồn điện liên tục để vận hành."
"30_Days_TOEIC","RL25","efficiently","một cách hiệu quả, tối ưu","adverb","/ɪˈfɪʃ.ənt.li/","After the upgrades, the production process should run more efficiently.","Sau khi nâng cấp, quy trình sản xuất sẽ hoạt động hiệu quả hơn."
"30_Days_TOEIC","RL25","efficient","hiệu quả, tối ưu","adj","/ɪˈfɪʃ.ənt/","The new system is more efficient and easier to use.","Hệ thống mới hiệu quả hơn và dễ sử dụng hơn."
"30_Days_TOEIC","RL25","efficiency","hiệu suất, năng suất","noun","/ɪˈfɪʃ.ən.si/","The upgrade improved overall efficiency and reduced downtime.","Việc nâng cấp đã cải thiện hiệu suất tổng thể và giảm thời gian ngừng hoạt động."
"30_Days_TOEIC","RL25","temporarily","tạm thời, trong thời gian ngắn","adverb","/ˌtem.pəˈrer.əl.i/","The bookstore will close temporarily to prepare for a special event.","Nhà sách sẽ tạm thời đóng cửa để chuẩn bị cho một sự kiện đặc biệt."
"30_Days_TOEIC","RL25","temporary","tạm thời","adj","/ˈtem.pə.rer.i/","We hired a temporary worker to help with inventory.","Chúng tôi đã thuê một nhân viên tạm thời để hỗ trợ kiểm kê."
"30_Days_TOEIC","RL25","momentarily","trong chốc lát, ngay tức thì","adverb","/ˌmoʊ.mənˈter.ə.li/","The screen may go blank momentarily during the update.","Màn hình có thể bị đen trong chốc lát khi cập nhật."
"30_Days_TOEIC","RL25","respectively","theo thứ tự đã đề cập","adverb","/rɪˈspek.tɪv.li/","Our offices in the Philippines and France are, respectively, twelve and six hours ahead of us.","Các văn phòng của chúng tôi tại Philippines và Pháp lần lượt sớm hơn chúng tôi mười hai và sáu giờ."
"30_Days_TOEIC","RL25","respective","tương ứng","adj","/rɪˈspek.tɪv/","Employees should report to their respective supervisors.","Nhân viên nên báo cáo cho quản lý tương ứng của họ."
"30_Days_TOEIC","RL25","mutually","một cách lẫn nhau, song phương","adverb","/ˈmjuː.tʃu.ə.li/","We look forward to a mutually beneficial relationship.","Chúng tôi mong đợi một mối quan hệ đôi bên cùng có lợi."
"30_Days_TOEIC","RL25","mutual","lẫn nhau, chung","adj","/ˈmjuː.tʃu.əl/","They expressed mutual respect during the negotiation.","Họ bày tỏ sự tôn trọng lẫn nhau trong suốt cuộc đàm phán."
"30_Days_TOEIC","RL25","ultimately","cuối cùng, sau cùng","adverb","/ˈʌl.tə.mət.li/","The investment in new machines will ultimately save the company money.","Việc đầu tư vào máy móc mới cuối cùng sẽ giúp công ty tiết kiệm tiền."
"30_Days_TOEIC","RL25","ultimate","cuối cùng, sau cùng; tối thượng","adj","/ˈʌl.tə.mət/","Our ultimate goal is to become the market leader.","Mục tiêu cuối cùng của chúng tôi là trở thành người dẫn đầu thị trường."
"30_Days_TOEIC","RL25","unexpectedly","một cách bất ngờ, ngoài dự đoán","adverb","/ˌʌn.ɪkˈspek.tɪd.li/","The idea for opening a grocery store came to Mr. Schoepke unexpectedly.","Ý tưởng mở cửa hàng tạp hóa đến với ông Schoepke một cách bất ngờ."
"30_Days_TOEIC","RL25","unexpected","bất ngờ, không lường trước","adj","/ˌʌn.ɪkˈspek.tɪd/","We had to postpone the event due to unexpected weather conditions.","Chúng tôi phải hoãn sự kiện vì điều kiện thời tiết bất ngờ."
"30_Days_TOEIC","RL25","habitually","một cách thường xuyên, theo thói quen","adverb","/həˈbɪtʃ.u.ə.li/","Ms. Barton habitually arrives to work fifteen minutes early.","Cô Barton thường xuyên đến nơi làm việc sớm mười lăm phút."
"30_Days_TOEIC","RL25","habitual","theo thói quen, thường xuyên","adj","/həˈbɪtʃ.u.əl/","Her habitual punctuality sets a good example for the team.","Tính đúng giờ theo thói quen của cô ấy là tấm gương tốt cho cả nhóm."
"30_Days_TOEIC","RL25","explicitly","một cách rõ ràng, dứt khoát","adverb","/ɪkˈsplɪs.ɪt.li/","The rules for the contest are explicitly stated on the Web site.","Các quy định của cuộc thi được nêu rõ ràng trên trang web."
"30_Days_TOEIC","RL25","explicit","rõ ràng, dứt khoát","adj","/ɪkˈsplɪs.ɪt/","The contract contains explicit instructions on payment terms.","Hợp đồng có hướng dẫn rõ ràng về điều khoản thanh toán."
"30_Days_TOEIC","RL25","meticulously","một cách tỉ mỉ, kỹ lưỡng","adverb","/məˈtɪk.jə.ləs.li/","The documents should be meticulously reviewed.","Các tài liệu nên được xem xét một cách tỉ mỉ."
"30_Days_TOEIC","RL25","meticulous","tỉ mỉ, kỹ lưỡng","adj","/məˈtɪk.jə.ləs/","She is known for her meticulous attention to detail.","Cô ấy nổi tiếng với sự chú ý đến từng chi tiết một cách tỉ mỉ."
"30_Days_TOEIC","RL25","effortlessly","một cách dễ dàng, không cần nỗ lực","adverb","/ˈef.ɚt.ləs.li/","The expert dancers seemed to move effortlessly across the stage.","Các vũ công chuyên nghiệp dường như di chuyển nhẹ nhàng trên sân khấu mà không cần nỗ lực."
"30_Days_TOEIC","RL25","effortless","dễ dàng, không tốn sức","adj","/ˈef.ɚt.ləs/","He gave an effortless presentation that impressed everyone.","Anh ấy đã có một bài thuyết trình dễ dàng khiến mọi người ấn tượng."
"30_Days_TOEIC","RL25","routinely","một cách thường lệ, đều đặn","adverb","/ruːˈtiːn.li/","Routinely working 12-hour days, she enjoys her quiet moments at the café.","Thường xuyên làm việc 12 giờ mỗi ngày, cô ấy trân trọng những khoảnh khắc yên tĩnh tại quán cà phê."
"30_Days_TOEIC","RL25","routine","thường lệ, theo thông lệ","adj","/ruːˈtiːn/","Routine maintenance will be performed every Monday.","Việc bảo trì định kỳ sẽ được thực hiện vào mỗi thứ Hai."
"30_Days_TOEIC","RL25","simultaneously","đồng thời, cùng lúc","adverb","/ˌsaɪ.məlˈteɪ.ni.əs.li/","We plan to launch two new products simultaneously.","Chúng tôi dự định ra mắt hai sản phẩm mới cùng lúc."
"30_Days_TOEIC","RL25","simultaneous","đồng thời, cùng lúc","adj","/ˌsaɪ.məlˈteɪ.ni.əs/","There was a simultaneous launch of the app in Asia and Europe.","Ứng dụng được ra mắt đồng thời tại châu Á và châu Âu."
"30_Days_TOEIC","RL25","unanimously","một cách nhất trí, đồng lòng","adverb","/juːˈnæn.ə.məs.li/","The council unanimously approved a resolution to renovate the park.","Hội đồng đã nhất trí thông qua nghị quyết cải tạo công viên."
"30_Days_TOEIC","RL25","unanimous","nhất trí, đồng lòng","adj","/juːˈnæn.ə.məs/","There was unanimous agreement to postpone the event.","Đã có sự đồng thuận tuyệt đối trong việc hoãn sự kiện."
"30_Days_TOEIC","RL25","virtually","hầu như, gần như","adverb","/ˈvɝː.tʃu.ə.li/","Ms. Nugent earned the respect of virtually everyone in the industry.","Cô Nugent giành được sự kính trọng từ gần như tất cả mọi người trong ngành."
"30_Days_TOEIC","RL25","virtual","ảo, gần như (không thực sự nhưng được xem là như vậy)","adj","/ˈvɝː.tʃu.əl/","The company held a virtual meeting with its overseas partners.","Công ty đã tổ chức một cuộc họp trực tuyến với các đối tác nước ngoài."
"30_Days_TOEIC","RL25","however","tuy nhiên, mặc dù vậy","adverb","/haʊˈev.ɚ/","The apartment is old and needs updating. However, it is in a convenient location.","Căn hộ đã cũ và cần nâng cấp. Tuy nhiên, nó nằm ở vị trí thuận tiện."
"30_Days_TOEIC","RL25","nonetheless","tuy vậy, mặc dù thế","adverb","/ˌnʌn.ðəˈles/","The apartment is old and needs updating. Nonetheless, it is in a convenient location.","Căn hộ đã cũ và cần nâng cấp. Tuy vậy, nó nằm ở vị trí thuận tiện."
"30_Days_TOEIC","RL25","nevertheless","tuy nhiên, dẫu vậy","adverb","/ˌnev.ɚ.ðəˈles/","The restaurant’s service was excellent. Nevertheless, the food was a little disappointing.","Dịch vụ của nhà hàng rất tuyệt vời. Tuy nhiên, món ăn hơi gây thất vọng."
"30_Days_TOEIC","RL25","therefore","do đó, vì vậy","adverb","/ˈðer.fɔːr/","The blue carpet is unavailable. Therefore, we have to choose another color.","Tấm thảm màu xanh không có sẵn. Do đó, chúng ta phải chọn màu khác."
"30_Days_TOEIC","RL25","consequently","vì thế, do đó","adverb","/ˈkɑːn.sə.kwənt.li/","Our profits are down. Consequently, we need to develop a new sales plan.","Lợi nhuận của chúng ta đang giảm. Vì vậy, chúng ta cần xây dựng kế hoạch bán hàng mới."
"30_Days_TOEIC","RL25","as a result","kết quả là, do đó","phrase","/æz ə rɪˈzʌlt/","Our supplier shut down temporarily. As a result, we had to delay production.","Nhà cung cấp của chúng tôi tạm ngừng hoạt động. Do đó, chúng tôi phải trì hoãn sản xuất."
"30_Days_TOEIC","RL25","besides","hơn nữa, ngoài ra","adverb","/bɪˈsaɪdz/","The supplier’s products are reasonably priced. Besides, they offer free shipping.","Sản phẩm của nhà cung cấp có giá hợp lý. Ngoài ra, họ còn miễn phí vận chuyển."
"30_Days_TOEIC","RL25","moreover","hơn nữa, ngoài ra (mang tính trang trọng hơn)","adverb","/mɔːrˈoʊ.vɚ/","The candidate has excellent writing skills. Moreover, he is a skilled photographer.","Ứng viên có kỹ năng viết xuất sắc. Hơn nữa, anh ấy còn là một nhiếp ảnh gia giỏi."
"30_Days_TOEIC","RL25","furthermore","hơn nữa, vả lại (mang tính tăng cường, trang trọng)","adverb","/ˈfɝː.ðɚ.mɔːr/","The software is easy to use. Furthermore, it’s compatible with most devices.","Phần mềm này dễ sử dụng. Hơn nữa, nó tương thích với hầu hết các thiết bị."
"30_Days_TOEIC","RL25","otherwise","nếu không thì, mặt khác","adverb","/ˈʌð.ɚ.waɪz/","We will need to work some overtime hours. Otherwise, we will miss the deadline.","Chúng ta cần làm thêm giờ. Nếu không thì, chúng ta sẽ lỡ hạn chót."
"30_Days_TOEIC","RL25","then","vậy thì, sau đó, lúc đó","adverb","/ðen/","Complete the form, then submit it to HR.","Điền vào mẫu, sau đó nộp cho bộ phận nhân sự."
"30_Days_TOEIC","RL25","meanwhile","trong lúc đó, trong khi ấy","adverb","/ˈmiːn.waɪl/","The IT team is fixing the system. Meanwhile, you can use the backup server.","Nhóm IT đang sửa hệ thống. Trong lúc đó, bạn có thể dùng máy chủ dự phòng."
"30_Days_TOEIC","RL25","once","một lần, khi mà","adverb","/wʌns/","Once the system is updated, performance will improve.","Khi hệ thống được cập nhật, hiệu suất sẽ được cải thiện."
"30_Days_TOEIC","RL25","sometimes","thỉnh thoảng, đôi khi","adverb","/ˈsʌm.taɪmz/","We sometimes hold special training sessions on weekends.","Chúng tôi thỉnh thoảng tổ chức các buổi đào tạo đặc biệt vào cuối tuần."
"30_Days_TOEIC","RL25","frequently","thường xuyên","adverb","/ˈfriː.kwənt.li/","We hold sales frequently, so everyone has a chance to save money.","Chúng tôi thường xuyên tổ chức khuyến mãi để mọi người có cơ hội tiết kiệm."
"30_Days_TOEIC","RL25","usually","thường lệ, thường xuyên","adverb","/ˈjuː.ʒu.ə.li/","Our staff usually updates our Web site on Thursdays to list new sale items.","Nhân viên của chúng tôi thường cập nhật trang web vào thứ Năm để đăng các mặt hàng giảm giá mới."
"30_Days_TOEIC","RL25","always","luôn luôn","adverb","/ˈɑːl.weɪz/","Our customer support team is always ready to assist you.","Đội ngũ hỗ trợ khách hàng của chúng tôi luôn sẵn sàng hỗ trợ bạn."
"30_Days_TOEIC","RL25","even","ngay cả, thậm chí","adverb","/ˈiː.vən/","This pancake recipe is so simple that even beginners can learn it.","Công thức bánh kếp này đơn giản đến mức ngay cả người mới bắt đầu cũng có thể học được."
"30_Days_TOEIC","RL25","too","(quá) nhiều, vượt mức","adverb","/tuː/","The project is far too complicated to complete in a day.","Dự án quá phức tạp để hoàn thành trong một ngày."
"30_Days_TOEIC","RL25","well","hoàn toàn, rất","adverb","/wel/","The task was well prepared in advance.","Nhiệm vụ đã được chuẩn bị kỹ lưỡng từ trước."
"30_Days_TOEIC","RL25","exactly","chính xác, đúng","adverb","/ɪɡˈzæk(t).li/","The meeting will start exactly at 10 a.m.","Cuộc họp sẽ bắt đầu đúng lúc 10 giờ sáng."
"30_Days_TOEIC","RL25","particularly","đặc biệt là, nhất là","adverb","/pɚˈtɪk.jə.lɚ.li/","Eastway Beach is a popular place for tourists, particularly during the summer.","Eastway Beach là điểm đến phổ biến với du khách, đặc biệt là vào mùa hè."
"30_Days_TOEIC","RL25","especially","đặc biệt là, nhất là","adverb","/ɪˈspeʃ.əl.i/","This feature is especially helpful for first-time users.","Tính năng này đặc biệt hữu ích cho người dùng lần đầu."
"30_Days_TOEIC","RL25","specifically","một cách cụ thể","adverb","/spəˈsɪf.ɪ.kəl.i/","The training was designed specifically for customer service staff.","Khóa đào tạo được thiết kế cụ thể cho nhân viên dịch vụ khách hàng."
"30_Days_TOEIC","RL25","rarely","hiếm khi","adverb","/ˈrer.li/","Although Seattle is located in a northern region, it rarely gets any snow.","Mặc dù Seattle nằm ở khu vực phía bắc, nơi đây hiếm khi có tuyết."
"30_Days_TOEIC","RL25","seldom","ít khi, hiếm khi","adverb","/ˈsel.dəm/","Steelinac, Inc.’s construction equipment is durable and seldom needs repair.","Thiết bị xây dựng của Steelinac rất bền và hiếm khi cần sửa chữa."
"30_Days_TOEIC","RL25","hardly","hầu như không","adverb","/ˈhɑːrd.li/","There was hardly enough time to finish the presentation.","Hầu như không có đủ thời gian để hoàn thành bài thuyết trình."
"30_Days_TOEIC","RL25","barely","chỉ vừa đủ, hầu như không","adverb","/ˈber.li/","The package barely fit into the storage compartment.","Gói hàng chỉ vừa đủ để đặt vào ngăn chứa."
"30_Days_TOEIC","RL25","scarcely","hầu như không, hiếm khi","adverb","/ˈsker.sli/","The office was so quiet that we scarcely heard a sound.","Văn phòng yên tĩnh đến mức chúng tôi hầu như không nghe thấy gì."
"30_Days_TOEIC","RL25","never","không bao giờ","adverb","/ˈnev.ɚ/","We never share customer information with third parties.","Chúng tôi không bao giờ chia sẻ thông tin khách hàng với bên thứ ba."
"30_Days_TOEIC","RL25","little","rất ít, hầu như không (với danh từ không đếm được)","determiner","/ˈlɪt̬.əl/","There is little hope of recovering the lost files.","Hầu như không có hy vọng khôi phục các tệp đã mất."
"30_Days_TOEIC","RL25","soon","sớm, trong thời gian ngắn nữa","adverb","/suːn/","The city parks association will soon start offering bird-watching tours.","Hiệp hội công viên thành phố sẽ sớm bắt đầu cung cấp các tour ngắm chim."
"30_Days_TOEIC","RL25","yet","vẫn chưa (trong câu phủ định/ nghi vấn)","adverb","/jet/","Our new employees have not yet received their building access cards.","Nhân viên mới của chúng tôi vẫn chưa nhận được thẻ ra vào tòa nhà."
"30_Days_TOEIC","RL25","already","đã (rồi), đã xảy ra trước đó","adverb","/ɑːlˈred.i/","I have already sent the invoice to the accounting team.","Tôi đã gửi hóa đơn cho bộ phận kế toán rồi."
"30_Days_TOEIC","RL25","still","vẫn, vẫn còn (chưa thay đổi)","adverb","/stɪl/","The delivery is still on its way.","Đơn hàng vẫn đang được giao."
"30_Days_TOEIC","RL26","as of","kể từ (thời điểm cụ thể)","preposition","/æz əv/","A flexible work schedule will be offered as of July 1.","Lịch làm việc linh hoạt sẽ được áp dụng kể từ ngày 1 tháng 7."
"30_Days_TOEIC","RL26","effective","bắt đầu có hiệu lực từ","preposition","/əˈfek.tɪv/","Effective October 15, all staff will be required to wear ID badges.","Có hiệu lực từ ngày 15 tháng 10, tất cả nhân viên sẽ phải đeo thẻ ID."
"30_Days_TOEIC","RL26","starting","bắt đầu từ (thời điểm cụ thể)","preposition","/ˈstɑːr.tɪŋ/","Starting next month, employees can request remote work twice a week.","Bắt đầu từ tháng sau, nhân viên có thể yêu cầu làm việc từ xa hai ngày mỗi tuần."
"30_Days_TOEIC","RL26","beginning","bắt đầu từ (một thời điểm cụ thể)","preposition","/bɪˈɡɪn.ɪŋ/","Beginning this Monday, the lobby will undergo renovation.","Bắt đầu từ thứ Hai này, sảnh sẽ được tu sửa."
"30_Days_TOEIC","RL26","contrary to","trái với, ngược lại với","preposition","/ˈkɑːn.trer.i tuː/","Contrary to predictions, there was no difference between the two groups.","Trái với dự đoán, không có sự khác biệt nào giữa hai nhóm."
"30_Days_TOEIC","RL26","since","kể từ khi; bởi vì","preposition","/sɪns/","The new train line has been running since March.","Tuyến tàu mới đã hoạt động từ tháng Ba."
"30_Days_TOEIC","RL26","since","bởi vì, do","conjunction","/sɪns/","Since the telephones are not working, a technician has been called in to fix them.","Vì điện thoại không hoạt động, một kỹ thuật viên đã được gọi đến để sửa."
"30_Days_TOEIC","RL26","along with","cùng với, kèm theo","preposition","/əˈlɑːŋ wɪð/","Send a résumé along with three letters of recommendation.","Gửi kèm sơ yếu lý lịch cùng với ba thư giới thiệu."
"30_Days_TOEIC","RL26","in advance of","trước khi (điều gì đó xảy ra)","preposition","/ɪn ədˈvæns əv/","Players must register in advance of the tournament.","Các tuyển thủ phải đăng ký trước giải đấu."
"30_Days_TOEIC","RL26","prior to","trước khi (một sự kiện cụ thể xảy ra)","preposition","/ˈpraɪɚ tuː/","We encourage you to review our policy prior to the visit.","Chúng tôi khuyến khích bạn xem lại chính sách của chúng tôi trước chuyến thăm."
"30_Days_TOEIC","RL26","as to","về, liên quan đến","preposition","/æz tuː/","The editors will notify you as to whether your story will be published.","Các biên tập viên sẽ thông báo cho bạn về việc liệu câu chuyện của bạn có được xuất bản hay không."
"30_Days_TOEIC","RL26","in the event of","trong trường hợp, nếu xảy ra","preposition","/ɪn ði ɪˈvent əv/","In the event of rain, the reception will be held in the banquet hall.","Trong trường hợp trời mưa, buổi tiệc sẽ được tổ chức trong phòng tiệc."
"30_Days_TOEIC","RL26","in exchange for","để đổi lấy, nhằm trao đổi với","preposition","/ɪn ɪksˈtʃeɪndʒ fɔːr/","We will offer you a store credit in exchange for your returned item.","Chúng tôi sẽ cung cấp cho bạn khoản tín dụng cửa hàng để đổi lấy món hàng bạn đã trả lại."
"30_Days_TOEIC","RL26","excluding","không bao gồm, trừ ra","preposition","/ɪkˈskluː.dɪŋ/","The production costs are $2.15 per set, excluding the cost of packaging.","Chi phí sản xuất là $2,15 mỗi bộ, không bao gồm chi phí đóng gói."
"30_Days_TOEIC","RL26","thanks to","nhờ vào, nhờ có","preposition","/ˈθæŋks tuː/","Thanks to a donation, we now have 25 new laptop computers.","Nhờ vào một khoản quyên góp, giờ đây chúng tôi có 25 chiếc máy tính xách tay mới."
"30_Days_TOEIC","RL26","including","bao gồm, kể cả","preposition","/ɪnˈkluː.dɪŋ/","Akon Co. has donated $25,000 to local facilities, including parks.","Công ty Akon đã quyên góp 25.000 đô la cho các cơ sở địa phương, bao gồm cả công viên."
"30_Days_TOEIC","RL26","besides","ngoài ra, bên cạnh đó","preposition","/bɪˈsaɪdz/","Besides offering lightweight clothing, Hurvitz Wear also sells stylish luggage.","Ngoài việc cung cấp quần áo nhẹ, Hurvitz Wear còn bán cả hành lý thời trang."
"30_Days_TOEIC","RL26","besides","hơn nữa, vả lại","adverb","/bɪˈsaɪdz/","Besides, the candidate speaks five languages.","Hơn nữa, ứng viên này nói được năm ngôn ngữ."
"30_Days_TOEIC","RL26","beside","bên cạnh (vị trí)","preposition","/bɪˈsaɪd/","The restaurant is located beside the hotel.","Nhà hàng nằm bên cạnh khách sạn."
"30_Days_TOEIC","RL26","as part of","như một phần của","prepositional phrase","/æz pɑːrt ʌv/","The firm will sponsor a tournament as part of its promotional activities.","Công ty sẽ tài trợ một giải đấu như một phần của hoạt động quảng bá."
"30_Days_TOEIC","RL26","between","giữa (hai hoặc nhiều thứ)","preposition","/bɪˈtwiːn/","Our Spring Sale will take place between May 5 and May 12.","Chương trình giảm giá mùa xuân của chúng tôi sẽ diễn ra từ ngày 5 đến ngày 12 tháng 5."
"30_Days_TOEIC","RL26","during","trong suốt, trong khi","preposition","/ˈdʊr.ɪŋ/","To place a subscription, call us during business hours.","Để đăng ký, hãy gọi cho chúng tôi trong giờ làm việc."
"30_Days_TOEIC","RL26","due to","do, bởi vì (nguyên nhân)","preposition","/duː tuː/","Due to increased costs, we cannot renew our service contract.","Do chi phí tăng, chúng tôi không thể gia hạn hợp đồng dịch vụ."
"30_Days_TOEIC","RL26","as a result of","do, bởi vì (nguyên nhân dẫn đến kết quả)","prepositional phrase","/æz ə rɪˈzʌlt əv/","Our current projects will be delayed as a result of this move.","Các dự án hiện tại của chúng tôi sẽ bị trì hoãn do việc chuyển địa điểm này."
"30_Days_TOEIC","RL26","in response to","đáp lại, phản hồi lại","prepositional phrase","/ɪn rɪˈspɑːns tuː/","I am writing in response to your job announcement.","Tôi viết thư để phản hồi thông báo tuyển dụng của bạn."
"30_Days_TOEIC","RL26","regardless of","bất chấp, không quan tâm đến","preposition","/rɪˈɡɑːrd.ləs ʌv/","We would like to reserve the ballroom regardless of the expense.","Chúng tôi muốn đặt phòng khiêu vũ bất chấp chi phí."
"30_Days_TOEIC","RL26","on behalf of","thay mặt cho, đại diện cho","prepositional phrase","/ɑn bɪˈhæf ʌv/","On behalf of Zenger, I apologize for the inconvenience.","Thay mặt cho Zenger, tôi xin lỗi về sự bất tiện này."
"30_Days_TOEIC","RL26","according to","theo, dựa trên","preposition","/əˈkɔːr.dɪŋ tuː/","According to our records, you asked us to gift wrap your purchase.","Theo hồ sơ của chúng tôi, bạn đã yêu cầu gói quà cho đơn hàng của mình."
"30_Days_TOEIC","RL26","in accordance with","phù hợp với, tuân theo","preposition","/ɪn əˈkɔːr.dəns wɪð/","The policy was updated in accordance with new regulations.","Chính sách được cập nhật phù hợp với các quy định mới."
"30_Days_TOEIC","RL26","in keeping with","phù hợp với, theo đúng với","prepositional phrase","/ɪn ˈkiː.pɪŋ wɪð/","In keeping with the policy, a brochure will be distributed to all employees.","Theo đúng chính sách, một tờ rơi sẽ được phát cho tất cả nhân viên."
"30_Days_TOEIC","RL26","in contrast to","trái ngược với, khác với","prepositional phrase","/ɪn ˈkɑːn.træst tuː/","In contrast to its competitor, the chair of Well Designs is lightweight.","Trái ngược với đối thủ, chiếc ghế của Well Designs nhẹ hơn."
"30_Days_TOEIC","RL26","regarding","về, liên quan đến","preposition","/rɪˈɡɑːr.dɪŋ/","Contact me directly for further details regarding fees.","Liên hệ trực tiếp với tôi để biết thêm chi tiết về các khoản phí."
"30_Days_TOEIC","RL26","concerning","về, liên quan đến","preposition","/kənˈsɜːr.nɪŋ/","There have been questions concerning the recent contracts.","Đã có những câu hỏi liên quan đến các hợp đồng gần đây."
"30_Days_TOEIC","RL26","until","đến khi, cho đến khi","preposition","/ənˈtɪl/","The Modern Painters exhibit will be extended until June 17.","Triển lãm các họa sĩ hiện đại sẽ được kéo dài đến ngày 17 tháng 6."
"30_Days_TOEIC","RL26","because of","bởi vì, do","preposition","/bɪˈkɒz əv/","Consumers prefer minivans because of their utility.","Người tiêu dùng thích xe minivan vì tính tiện dụng của nó."
"30_Days_TOEIC","RL26","beyond","vượt ra ngoài, hơn","preposition","/bɪˈjɑːnd/","The success of the event went far beyond our expectations.","Sự thành công của sự kiện vượt xa kỳ vọng của chúng tôi."
"30_Days_TOEIC","RL26","despite","mặc dù, bất chấp","preposition","/dɪˈspaɪt/","Despite the cost, we were in favor of renovating the auditorium.","Mặc dù chi phí cao, chúng tôi vẫn ủng hộ việc cải tạo hội trường."
"30_Days_TOEIC","RL26","a as well as b","a cũng như b, không chỉ a mà còn cả b","conjunction phrase","","You will receive discounts on tickets as well as invitations to events.","Bạn sẽ nhận được giảm giá vé cũng như lời mời tham dự các sự kiện."
"30_Days_TOEIC","RL26","rather than","thay vì, hơn là","conjunction","/ˈræð.ɚ ðən/","Recycling will take place twice a month, rather than once a week.","Việc tái chế sẽ diễn ra hai lần mỗi tháng, thay vì một lần mỗi tuần."
"30_Days_TOEIC","RL26","in terms of","về mặt, xét về","prepositional phrase","/ɪn tɜːrmz ʌv/","The two computers are comparable in terms of quality.","Hai chiếc máy tính có thể so sánh được về mặt chất lượng."
"30_Days_TOEIC","RL26","relating to","liên quan đến, về","prepositional phrase","/rɪˈleɪ.tɪŋ tuː/","Reviews relating to product quality have grown more positive.","Các đánh giá liên quan đến chất lượng sản phẩm đã trở nên tích cực hơn."
"30_Days_TOEIC","RL26","related to","có liên quan đến, thuộc về","adj","/rɪˈleɪ.tɪd tuː/","Expenses related to travel must be approved in advance.","Các chi phí liên quan đến đi lại phải được phê duyệt trước."
"30_Days_TOEIC","RL26","following","sau, tiếp theo","preposition","/ˈfɑː.loʊ.ɪŋ/","He wrote a thank-you note following a job interview.","Anh ấy đã viết thư cảm ơn sau buổi phỏng vấn xin việc."
"30_Days_TOEIC","RL26","instead of","thay vì","preposition","/ɪnˈsted ʌv/","Post information on a bulletin board instead of making copies.","Đăng thông tin lên bảng tin thay vì sao chép tài liệu."
"30_Days_TOEIC","RL26","by means of","bằng cách, thông qua","prepositional phrase","/baɪ miːnz ʌv/","We plan to market the product by means of online advertising.","Chúng tôi dự định tiếp thị sản phẩm bằng cách quảng cáo trực tuyến."
"30_Days_TOEIC","RL26","by way of","bằng cách, thông qua, như là một ví dụ","prepositional phrase","/baɪ weɪ ʌv/","Explain the sales technique by way of a real-world example.","Giải thích kỹ thuật bán hàng bằng cách sử dụng một ví dụ thực tế."
"30_Days_TOEIC","RL26","with regard to","liên quan đến, về","prepositional phrase","/wɪð rɪˈɡɑːrd tuː/","With regard to your question, I can’t offer you any advice.","Liên quan đến câu hỏi của bạn, tôi không thể đưa ra lời khuyên nào."
"30_Days_TOEIC","RL26","with respect to","về, liên quan đến","prepositional phrase","/wɪð rɪˈspekt tuː/","The company’s stance with respect to data privacy is very strict.","Quan điểm của công ty về quyền riêng tư dữ liệu rất nghiêm ngặt."
"30_Days_TOEIC","RL26","with reference to","liên quan đến, đề cập đến","prepositional phrase","/wɪð ˈref.ər.əns tuː/","In your letter, with reference to the contract, some terms need clarification.","Trong thư của bạn, liên quan đến hợp đồng, một số điều khoản cần làm rõ."
"30_Days_TOEIC","RL26","in reference to","liên quan đến, về","prepositional phrase","/ɪn ˈref.ər.əns tuː/","In reference to your previous e-mail, we have updated the schedule.","Liên quan đến email trước của bạn, chúng tôi đã cập nhật lịch trình."
"30_Days_TOEIC","RL26","in regard to","về, liên quan đến","prepositional phrase","/ɪn rɪˈɡɑːrd tuː/","We have no information in regard to your request.","Chúng tôi không có thông tin liên quan đến yêu cầu của bạn."
"30_Days_TOEIC","RL26","pertaining to","liên quan đến, thuộc về","prepositional phrase","/pərˈteɪ.nɪŋ tuː/","Please read the documents pertaining to our new product.","Vui lòng đọc các tài liệu liên quan đến sản phẩm mới của chúng tôi."
"30_Days_TOEIC","RL26","apart from","ngoài ra, bên cạnh đó","preposition","/əˈpɑːrt frəm/","Apart from written translation, I also interpret live news programs.","Ngoài dịch thuật văn bản, tôi còn phiên dịch trực tiếp các chương trình tin tức."
"30_Days_TOEIC","RL26","in light of","xét theo, dựa trên (vì lý do)","prepositional phrase","/ɪn laɪt ʌv/","In light of our recent expansion, it is necessary to hire another assistant.","Xét theo sự mở rộng gần đây của chúng tôi, việc thuê thêm trợ lý là cần thiết."
"30_Days_TOEIC","RL26","in celebration of","nhân dịp, để kỷ niệm","prepositional phrase","/ɪn ˌsel.əˈbreɪ.ʃən ʌv/","All products will be 25 percent off in celebration of our fifth anniversary.","Tất cả sản phẩm sẽ giảm giá 25% nhân dịp kỷ niệm năm thứ năm của chúng tôi."
"30_Days_TOEIC","RL26","depending on","tùy thuộc vào, dựa vào","prepositional phrase","/dɪˈpen.dɪŋ ɑːn/","Mentoring may last weeks, depending on the complexity of the job.","Việc cố vấn có thể kéo dài nhiều tuần, tùy thuộc vào độ phức tạp của công việc."
"30_Days_TOEIC","RL26","in compliance with","tuân thủ, phù hợp với","prepositional phrase","/ɪn kəmˈplaɪ.əns wɪð/","This information is posted in compliance with national bank laws.","Thông tin này được đăng tải tuân thủ theo luật ngân hàng quốc gia."
"30_Days_TOEIC","RL26","in honor of","để tôn vinh, nhằm vinh danh","prepositional phrase","/ɪn ˈɑː.nɚ ʌv/","A special lunch will be held in honor of the advertising team.","Một bữa trưa đặc biệt sẽ được tổ chức để tôn vinh nhóm quảng cáo."
"30_Days_TOEIC","RL26","in favor of","ủng hộ, tán thành","prepositional phrase","/ɪn ˈfeɪ.vɚ əv/","Seventy percent of residents were in favor of constructing a new stadium.","Bảy mươi phần trăm cư dân ủng hộ việc xây dựng sân vận động mới."
"30_Days_TOEIC","RL26","as opposed to","trái ngược với, không giống như","prepositional phrase","/æz əˈpoʊzd tuː/","Ash Ka led the meeting, as opposed to Evelyn Paek the previous year.","Ash Ka đã dẫn dắt cuộc họp, trái ngược với Evelyn Paek vào năm trước."
