"Album","Word","Meaning","PartOfSpeech","Pronunciation","Example_English","Example_Vietnamese"
"ETS-RC-1","passenger","hành khách","noun","/ˈpæs.ən.dʒər/","The airline ensures every passenger receives assistance during boarding.","Hãng hàng không đảm bảo mỗi hành khách đều được hỗ trợ trong lúc lên máy bay."
"ETS-RC-1","responsibility","trách nhiệm","noun","/rɪˌspɑːn.səˈbɪl.ə.ti/","It is the manager’s responsibility to oversee the project’s progress.","Trách nhiệm của người quản lý là giám sát tiến độ dự án."
"ETS-RC-1","separate","tách ra, chia rẽ, không liên quan","verb","/ˈsep.ər.ət/","Please separate the recyclable materials from regular trash.","Vui lòng tách các vật liệu có thể tái chế ra khỏi rác thải thường."
"ETS-RC-1","willing","sẵn lòng","adj","/ˈwɪl.ɪŋ/","She is willing to work overtime to meet the project deadline.","Cô ấy sẵn lòng làm thêm giờ để hoàn thành dự án đúng hạn."
"ETS-RC-1","assorted","đa dạng, hỗn hợp nhiều loại","adj","/əˈsɔːr.tɪd/","The gift basket contained assorted chocolates and snacks.","Giỏ quà chứa các loại socola và đồ ăn nhẹ đa dạng."
"ETS-RC-1","limited","bị giới hạn, hạn chế","adj","/ˈlɪm.ɪ.tɪd/","Access to the VIP lounge is limited to authorized personnel only.","Quyền truy cập phòng VIP chỉ giới hạn cho nhân viên được phép."
"ETS-RC-1","prohibit","cấm, ngăn cấm","verb","/prəˈhɪb.ɪt/","Smoking is strictly prohibited inside the office building.","Hút thuốc bị nghiêm cấm bên trong tòa nhà văn phòng."
"ETS-RC-1","authority","quyền hạn, cơ quan có thẩm quyền","noun","/əˈθɔːr.ə.ti/","The local authorities have issued a warning about the upcoming storm.","Cơ quan chức năng địa phương đã đưa ra cảnh báo về cơn bão sắp tới."
"ETS-RC-1","transport","vận chuyển, giao thông","noun","/ˈtræn.spɔːrt/","Public transport in the city includes buses, trains, and trams.","Phương tiện giao thông công cộng trong thành phố bao gồm xe buýt, tàu điện và xe điện."
"ETS-RC-1","budget","ngân sách, dự toán chi phí","noun","/ˈbʌdʒ.ɪt/","The department must work within a strict budget this quarter.","Bộ phận phải hoạt động trong phạm vi ngân sách nghiêm ngặt của quý này."
"ETS-RC-1","temporarily","tạm thời","adverb","/ˌtem.pəˈrer.ɪ.li/","The office will be temporarily closed for renovations next week.","Văn phòng sẽ tạm thời đóng cửa để sửa chữa vào tuần tới."
"ETS-RC-1","competitively","một cách cạnh tranh","adverb","/kəmˈpet̬.ɪ.tɪv.li/","Our products are priced competitively to attract more customers.","Sản phẩm của chúng tôi được định giá cạnh tranh để thu hút nhiều khách hàng hơn."
"ETS-RC-1","collectively","một cách tập thể","adverb","/kəˈlek.tɪv.li/","The team collectively decided to delay the project deadline.","Nhóm đã cùng nhau quyết định hoãn thời hạn dự án."
"ETS-RC-1","reinforcement","sự củng cố, tăng cường","noun","/ˌriː.ɪnˈfɔːrs.mənt/","The company sent reinforcement staff to help meet the tight deadline.","Công ty đã cử nhân viên bổ sung để giúp hoàn thành đúng hạn."
"ETS-RC-1","closely","gần gũi, sát sao","adverb","/ˈkloʊs.li/","The manager works closely with the sales team to improve results.","Quản lý làm việc sát sao với nhóm bán hàng để cải thiện kết quả."
"ETS-RC-1","account","tài khoản, lý do giải thích","noun","/əˈkaʊnt/","Please provide your account number when calling customer service.","Vui lòng cung cấp số tài khoản khi gọi dịch vụ khách hàng."
"ETS-RC-1","expect","mong đợi, trông chờ","verb","/ɪkˈspekt/","We expect the new software to improve productivity.","Chúng tôi mong đợi phần mềm mới sẽ cải thiện năng suất."
"ETS-RC-1","board","ban giám đốc, bảng, lên tàu, lên máy bay","noun","/bɔːrd/","The board will meet next week to discuss company strategy.","Ban giám đốc sẽ họp vào tuần tới để thảo luận chiến lược công ty."
"ETS-RC-1","in light of","xét đến, cân nhắc đến","preposition","/ɪn laɪt ʌv/","In light of recent events, the meeting has been postponed.","Xét đến các sự kiện gần đây, cuộc họp đã bị hoãn lại."
"ETS-RC-1","supplemental","bổ sung, thêm vào","adj","/ˌsʌp.ləˈmen.təl/","The employee received supplemental training to improve skills.","Nhân viên đã được đào tạo bổ sung để nâng cao kỹ năng."
"ETS-RC-1","arbitrary","tùy ý, không có căn cứ rõ ràng","adj","/ˈɑːr.bɪ.trer.i/","The manager made an arbitrary decision without consulting the team.","Quản lý đã đưa ra quyết định tùy tiện mà không tham khảo ý kiến nhóm."
"ETS-RC-1","superfluous","thừa thãi, không cần thiết","adj","/suːˈpɜːr.flu.əs/","The report contained superfluous information that was removed.","Báo cáo chứa thông tin thừa thãi đã bị loại bỏ."
"ETS-RC-1","terms","điều khoản, thuật ngữ","noun","/tɜːrmz/","The contract includes terms regarding payment and delivery schedules.","Hợp đồng bao gồm các điều khoản về thanh toán và lịch giao hàng."
"ETS-RC-1","loan","khoản vay","noun","/loʊn/","The bank approved the loan application for the new business.","Ngân hàng đã phê duyệt đơn vay cho doanh nghiệp mới."
"ETS-RC-1","material","vật liệu, nguyên liệu","noun","/məˈtɪr.i.əl/","The construction requires high-quality materials to ensure safety.","Việc xây dựng đòi hỏi vật liệu chất lượng cao để đảm bảo an toàn."
"ETS-RC-1","host","người tổ chức, chủ nhà","noun","/hoʊst/","The company will host a conference for industry leaders next month.","Công ty sẽ tổ chức một hội nghị dành cho các nhà lãnh đạo ngành vào tháng tới."
"ETS-RC-1","contribute","đóng góp, góp phần","verb","/kənˈtrɪb.juːt/","All team members are expected to contribute ideas during the brainstorming session.","Tất cả thành viên nhóm được mong đợi đóng góp ý tưởng trong phiên họp động não."
"ETS-RC-1","planning","việc lên kế hoạch","noun","/ˈplæn.ɪŋ/","Effective planning is essential for the success of any project.","Việc lên kế hoạch hiệu quả là rất cần thiết cho sự thành công của bất kỳ dự án nào."
"ETS-RC-1","proposal","đề xuất, kế hoạch để xem xét","noun","/prəˈpoʊ.zəl/","The team submitted a proposal for a new marketing campaign.","Nhóm đã nộp đề xuất cho một chiến dịch marketing mới."
"ETS-RC-1","innovation","sự đổi mới, sáng tạo","noun","/ˌɪn.əˈveɪ.ʃən/","Innovation is key to staying competitive in the technology market.","Đổi mới là yếu tố then chốt để duy trì tính cạnh tranh trên thị trường công nghệ."
"ETS-RC-1","criticism","sự phê bình, lời chỉ trích","noun","/ˈkrɪt̬.ɪ.sɪ.zəm/","The manager welcomed constructive criticism from the team.","Người quản lý hoan nghênh những lời phê bình mang tính xây dựng từ nhóm."
"ETS-RC-1","approach","tiếp cận, lại gần; cách tiếp cận, phương pháp","verb","/əˈproʊtʃ/","We need to approach the client with a new proposal.","Chúng ta cần tiếp cận khách hàng với một đề xuất mới."
"ETS-RC-1","approach","cách tiếp cận, phương pháp","noun","/əˈproʊtʃ/","Our approach to solving the issue has proven successful.","Cách tiếp cận của chúng tôi trong việc giải quyết vấn đề đã chứng minh hiệu quả."
"ETS-RC-1","expire","hết hạn, hết hiệu lực","verb","/ɪkˈspaɪr/","Your membership will expire at the end of this month.","Tư cách thành viên của bạn sẽ hết hạn vào cuối tháng này."
"ETS-RC-1","renew","gia hạn, làm mới","verb","/rɪˈnuː/","You must renew your license before it expires.","Bạn phải gia hạn giấy phép trước khi nó hết hạn."
"ETS-RC-1","professional","chuyên nghiệp","adj","/prəˈfeʃ.ən.əl/","He gave a professional presentation to the investors.","Anh ấy đã có một bài thuyết trình chuyên nghiệp trước các nhà đầu tư."
"ETS-RC-1","professional","chuyên gia","noun","/prəˈfeʃ.ən.əl/","Only qualified professionals can operate this machine.","Chỉ những chuyên gia có chứng chỉ mới có thể vận hành máy này."
"ETS-RC-1","compose","soạn, sáng tác hoặc cấu thành","verb","/kəmˈpoʊz/","The musician will compose a new song for the festival.","Nhạc sĩ sẽ sáng tác một bài hát mới cho lễ hội."
"ETS-RC-1","exterior","bề ngoài","noun","/ɪkˈstɪr.i.ɚ/","The building’s exterior is made of glass and steel.","Bề ngoài của tòa nhà được làm bằng kính và thép."
"ETS-RC-1","superior","tốt hơn, vượt trội hơn","adj","/səˈpɪr.i.ɚ/","Our products are of superior quality compared to competitors.","Sản phẩm của chúng tôi có chất lượng vượt trội so với đối thủ."
"ETS-RC-1","component","thành phần, bộ phận","noun","/kəmˈpoʊ.nənt/","Each component of the machine must be tested before assembly.","Mỗi bộ phận của máy phải được kiểm tra trước khi lắp ráp."
"ETS-RC-1","loss","sự mất mát, thiệt hại","noun","/lɑːs/","The company reported a significant loss in revenue this quarter.","Công ty báo cáo khoản lỗ đáng kể trong doanh thu quý này."
"ETS-RC-1","assemble","tập hợp, lắp ráp","verb","/əˈsem.bəl/","The workers will assemble the furniture before delivery.","Công nhân sẽ lắp ráp đồ nội thất trước khi giao hàng."
"ETS-RC-1","surface","bề mặt","noun","/ˈsɝː.fɪs/","The surface of the table is made of polished wood.","Bề mặt của bàn được làm bằng gỗ đánh bóng."
"ETS-RC-1","obtain","đạt được, giành được","verb","/əbˈteɪn/","You must obtain a permit before starting construction.","Bạn phải có giấy phép trước khi bắt đầu xây dựng."
"ETS-RC-1","reference","sự tham khảo; người giới thiệu","noun","/ˈref.ɚ.əns/","Please provide at least two references when applying for the job.","Vui lòng cung cấp ít nhất hai người giới thiệu khi ứng tuyển công việc."
"ETS-RC-1","underlined","được gạch chân, nhấn mạnh","adj","/ˈʌn.dɚ.laɪnd/","The underlined words in the text are key terms.","Những từ được gạch chân trong văn bản là các thuật ngữ quan trọng."
"ETS-RC-1","expansive","rộng lớn, bao quát","adj","/ɪkˈspæn.sɪv/","The hotel offers an expansive view of the ocean.","Khách sạn có tầm nhìn rộng ra biển."
"ETS-RC-1","adjacent","kế bên, liền kề","adj","/əˈdʒeɪ.sənt/","The restaurant is adjacent to the shopping mall.","Nhà hàng nằm liền kề trung tâm mua sắm."
"ETS-RC-1","renovation","cải tạo, tu sửa","noun","/ˌren.əˈveɪ.ʃən/","The library will be closed for renovation next month.","Thư viện sẽ đóng cửa để cải tạo vào tháng tới."
"ETS-RC-1","accommodate","chứa, đáp ứng, cung cấp chỗ ở","verb","/əˈkɑː.mə.deɪt/","The meeting room can accommodate up to 50 people.","Phòng họp có thể chứa tối đa 50 người."
"ETS-RC-1","gathering","buổi tụ họp","noun","/ˈɡæð.ɚ.ɪŋ/","There will be a small gathering at my house this weekend.","Sẽ có một buổi tụ họp nhỏ tại nhà tôi cuối tuần này."
"ETS-RC-1","revolutionize","cách mạng hóa, thay đổi hoàn toàn","verb","/ˌrev.əˈluː.ʃən.aɪz/","The new software will revolutionize the way we manage data.","Phần mềm mới sẽ cách mạng hóa cách chúng ta quản lý dữ liệu."
"ETS-RC-1","resident","cư dân","noun","/ˈrez.ɪ.dənt/","Residents of the building are required to show ID at the entrance.","Cư dân của tòa nhà phải xuất trình giấy tờ tùy thân khi vào cổng."
"ETS-RC-1","in advance","trước, sớm hơn","adverb","/ɪn ədˈvæns/","Please book your tickets in advance to secure your seats.","Vui lòng đặt vé trước để đảm bảo chỗ ngồi."
"ETS-RC-1","reserve","đặt trước; giữ lại","verb","/rɪˈzɝːv/","You should reserve a table at least one day in advance.","Bạn nên đặt bàn ít nhất một ngày trước."
"ETS-RC-1","solely","chỉ, duy nhất","adverb","/ˈsoʊl.li/","The decision was based solely on financial considerations.","Quyết định chỉ dựa trên các yếu tố tài chính."
"ETS-RC-1","fund","cấp vốn, tài trợ","verb","/fʌnd/","The government will fund the new research project.","Chính phủ sẽ tài trợ cho dự án nghiên cứu mới."
"ETS-RC-1","fund","quỹ, nguồn tiền","noun","/fʌnd/","The charity set up a fund to help flood victims.","Tổ chức từ thiện lập một quỹ để giúp đỡ nạn nhân lũ lụt."
"ETS-RC-1","organization","tổ chức, cơ quan","noun","/ˌɔːr.ɡənəˈzeɪ.ʃən/","The organization provides free training to unemployed workers.","Tổ chức cung cấp đào tạo miễn phí cho người lao động thất nghiệp."
"ETS-RC-1","field","lĩnh vực hoặc cánh đồng","noun","/fiːld/","She is an expert in the field of marketing.","Cô ấy là chuyên gia trong lĩnh vực tiếp thị."
"ETS-RC-1","substantial","đáng kể, lớn lao","adj","/səbˈstæn.ʃəl/","The company made a substantial investment in new technology.","Công ty đã đầu tư đáng kể vào công nghệ mới."
"ETS-RC-1","harvest","thu hoạch","verb","/ˈhɑːr.vəst/","Farmers harvest crops in the fall.","Nông dân thu hoạch mùa màng vào mùa thu."
"ETS-RC-1","harvest","mùa thu hoạch","noun","/ˈhɑːr.vəst/","This year’s rice harvest was particularly good.","Mùa thu hoạch lúa năm nay đặc biệt bội thu."
"ETS-RC-1","insight","hiểu biết sâu sắc","noun","/ˈɪn.saɪt/","The report provides valuable insight into market trends.","Báo cáo cung cấp cái nhìn giá trị về xu hướng thị trường."
"ETS-RC-1","frequently","thường xuyên","adverb","/ˈfriː.kwənt.li/","The website is frequently updated with new content.","Trang web thường xuyên được cập nhật nội dung mới."
"ETS-RC-1","staffing","bố trí nhân sự","noun","/ˈstæf.ɪŋ/","The company is facing staffing challenges during peak season.","Công ty đang đối mặt với thách thức về nhân sự trong mùa cao điểm."
"ETS-RC-1","outstanding","xuất sắc; còn tồn đọng","adj","/ˌaʊtˈstæn.dɪŋ/","She received an award for her outstanding performance.","Cô ấy nhận giải thưởng vì thành tích xuất sắc."
"ETS-RC-1","anticipate","dự đoán, lường trước","verb","/ænˈtɪs.ə.peɪt/","We anticipate an increase in sales during the holiday season.","Chúng tôi dự đoán doanh số sẽ tăng trong mùa lễ."
"ETS-RC-1","expectation","sự mong đợi, kỳ vọng","noun","/ˌek.spekˈteɪ.ʃən/","The product launch met the company’s high expectations.","Việc ra mắt sản phẩm đã đáp ứng kỳ vọng cao của công ty."
"ETS-RC-1","accept","chấp nhận","verb","/əkˈsept/","The hotel accepts payments by credit card.","Khách sạn chấp nhận thanh toán bằng thẻ tín dụng."
"ETS-RC-1","malfunction","sự cố, hỏng hóc","noun","/ˌmælˈfʌŋk.ʃən/","The machine stopped due to a technical malfunction.","Máy đã ngừng hoạt động do sự cố kỹ thuật."
"ETS-RC-1","cancellation","sự hủy bỏ","noun","/ˌkæn.səlˈeɪ.ʃən/","We received a cancellation of the hotel booking.","Chúng tôi nhận được thông báo hủy đặt phòng khách sạn."
"ETS-RC-1","apology","lời xin lỗi","noun","/əˈpɑː.lə.dʒi/","The manager offered an apology for the inconvenience caused.","Người quản lý đã đưa ra lời xin lỗi vì sự bất tiện gây ra."
"ETS-RC-1","distributor","nhà phân phối","noun","/dɪˈstrɪb.jə.t̬ɚ/","The company is a leading distributor of medical equipment.","Công ty là nhà phân phối hàng đầu về thiết bị y tế."
"ETS-RC-1","enclosed","đính kèm, bao quanh","adj","/ɪnˈkloʊzd/","Please find the enclosed document for your reference.","Vui lòng xem tài liệu đính kèm để tham khảo."
"ETS-RC-1","invoice","hóa đơn","noun","/ˈɪn.vɔɪs/","The invoice should be paid within 30 days of receipt.","Hóa đơn cần được thanh toán trong vòng 30 ngày kể từ khi nhận."
"ETS-RC-1","automatically","một cách tự động","adverb","/ˌɑː.t̬əˈmæt̬.ɪ.kəl.i/","The system automatically backs up data every night.","Hệ thống tự động sao lưu dữ liệu mỗi đêm."
"ETS-RC-1","supply","cung cấp","verb","/səˈplaɪ/","The company will supply office furniture to the new branch.","Công ty sẽ cung cấp đồ nội thất văn phòng cho chi nhánh mới."
"ETS-RC-1","supply","nguồn cung, vật tư","noun","/səˈplaɪ/","The hospital keeps a large supply of medical equipment.","Bệnh viện dự trữ nhiều thiết bị y tế."
"ETS-RC-1","transition","sự chuyển đổi","noun","/trænˈzɪʃ.ən/","The company is undergoing a transition to new management.","Công ty đang trải qua quá trình chuyển đổi sang ban quản lý mới."
"ETS-RC-1","on a regular basis","một cách thường xuyên","adverb","/ɒn ə ˈreɡ.jə.lɚ ˈbeɪ.sɪs/","The equipment should be checked on a regular basis.","Thiết bị nên được kiểm tra thường xuyên."
"ETS-RC-1","investigate","điều tra, nghiên cứu","verb","/ɪnˈves.tə.ɡeɪt/","The police will investigate the cause of the accident.","Cảnh sát sẽ điều tra nguyên nhân vụ tai nạn."
"ETS-RC-1","employment","việc làm, sự tuyển dụng","noun","/ɪmˈplɔɪ.mənt/","The factory provides employment for over 500 workers.","Nhà máy tạo việc làm cho hơn 500 công nhân."
"ETS-RC-1","construction","việc xây dựng","noun","/kənˈstrʌk.ʃən/","The construction of the new bridge will take two years.","Việc xây dựng cây cầu mới sẽ mất hai năm."
"ETS-RC-2","remain","vẫn còn, duy trì, ở lại","verb","/rɪˈmeɪn/","Only a few tickets remain for the concert.","Chỉ còn lại vài vé cho buổi hòa nhạc."
"ETS-RC-2","handheld","cầm tay","adj","/ˈhænd.held/","The store sells various handheld electronic devices.","Cửa hàng bán nhiều thiết bị điện tử cầm tay."
"ETS-RC-2","external","bên ngoài, ngoại bộ","adj","/ɪkˈstɜːr.nəl/","The external walls need repainting.","Các bức tường bên ngoài cần được sơn lại."
"ETS-RC-2","back order","đơn hàng đặt trước do hết hàng","noun","/ˈbæk ˌɔːr.dɚ/","The item is currently on back order and will ship next month.","Mặt hàng hiện đang được đặt trước và sẽ giao vào tháng tới."
"ETS-RC-2","electrify","điện khí hóa; làm phấn khích","verb","/iˈlek.trə.faɪ/","The company plans to electrify all its vehicles by 2030.","Công ty dự định điện khí hóa toàn bộ phương tiện của mình vào năm 2030."
"ETS-RC-2","resign","từ chức","verb","/rɪˈzaɪn/","The CEO decided to resign after ten years of service.","Giám đốc điều hành quyết định từ chức sau mười năm làm việc."
"ETS-RC-2","severely","một cách nghiêm trọng","adverb","/səˈvɪr.li/","The company was severely affected by the economic crisis.","Công ty bị ảnh hưởng nghiêm trọng bởi khủng hoảng kinh tế."
"ETS-RC-2","in contrast to","trái ngược với","preposition","/ɪn ˈkɑːn.træst tuː/","In contrast to last year, sales have increased significantly.","Trái ngược với năm ngoái, doanh số đã tăng đáng kể."
"ETS-RC-2","asset","tài sản; lợi thế","noun","/ˈæs.et/","Her communication skills are a valuable asset to the company.","Kỹ năng giao tiếp của cô ấy là một tài sản quý giá cho công ty."
"ETS-RC-2","evaluate","đánh giá","verb","/ɪˈvæl.ju.eɪt/","The manager will evaluate the performance of all team members.","Người quản lý sẽ đánh giá hiệu suất của tất cả các thành viên."
"ETS-RC-2","relative","người họ hàng","noun","/ˈrel.ə.tɪv/","I visited my relatives during the holiday.","Tôi đã đến thăm họ hàng trong kỳ nghỉ."
"ETS-RC-2","spacious","rộng rãi","adj","/ˈspeɪ.ʃəs/","The new office is bright and spacious.","Văn phòng mới sáng sủa và rộng rãi."
"ETS-RC-2","instantly","ngay lập tức","adverb","/ˈɪn.stənt.li/","She replied to my message instantly.","Cô ấy trả lời tin nhắn của tôi ngay lập tức."
"ETS-RC-2","obscure","ít được biết đến, khó hiểu","adj","/əbˈskjʊr/","The meaning of the poem is obscure to most readers.","Ý nghĩa của bài thơ khó hiểu với hầu hết độc giả."
"ETS-RC-2","withdraw","rút, rút lui, rút tiền","verb","/wɪðˈdrɑː/","You can withdraw cash from any ATM.","Bạn có thể rút tiền mặt từ bất kỳ máy ATM nào."
"ETS-RC-2","keynote speech","bài phát biểu chính","noun","/ˈkiː.noʊt spiːtʃ/","The CEO delivered the keynote speech at the annual conference.","Giám đốc điều hành đã có bài phát biểu chính tại hội nghị thường niên."
"ETS-RC-2","contractor","nhà thầu","noun","/ˈkɑːn.træk.tɚ/","The contractor will complete the building by December.","Nhà thầu sẽ hoàn thành tòa nhà vào tháng Mười Hai."
"ETS-RC-2","comfort","sự thoải mái","noun","/ˈkʌm.fɚt/","The hotel aims to provide comfort and luxury to its guests.","Khách sạn nhằm mang lại sự thoải mái và sang trọng cho khách."
"ETS-RC-2","qualified","đủ tiêu chuẩn","adj","/ˈkwɑː.lə.faɪd/","Only qualified applicants will be invited for an interview.","Chỉ những ứng viên đủ điều kiện mới được mời phỏng vấn."
"ETS-RC-2","up-to-date","cập nhật, mới nhất","adj","/ˌʌp.təˈdeɪt/","We keep our customer database up-to-date.","Chúng tôi luôn cập nhật cơ sở dữ liệu khách hàng."
"ETS-RC-2","ongoing","đang diễn ra, liên tục","adj","/ˈɑːnˌɡoʊ.ɪŋ/","The ongoing project is expected to finish next year.","Dự án đang diễn ra dự kiến sẽ hoàn thành vào năm sau."
"ETS-RC-2","quote","báo giá; trích dẫn","verb","/kwoʊt/","The supplier will quote a price for the new order.","Nhà cung cấp sẽ báo giá cho đơn hàng mới."
"ETS-RC-2","enact","ban hành luật","verb","/ɪˈnækt/","The government will enact a new law to protect consumers.","Chính phủ sẽ ban hành luật mới để bảo vệ người tiêu dùng."
"ETS-RC-2","effective","có hiệu quả","adj","/ɪˈfek.tɪv/","The new marketing strategy has proven very effective.","Chiến lược tiếp thị mới đã chứng minh hiệu quả."
"ETS-RC-2","workmanship","tay nghề, chất lượng làm ra","noun","/ˈwɝːk.mən.ʃɪp/","The furniture is of excellent workmanship.","Đồ nội thất có chất lượng tay nghề tuyệt vời."
"ETS-RC-2","exclusively","một cách độc quyền, chỉ dành riêng","adverb","/ɪkˈskluː.sɪv.li/","The offer is available exclusively to premium members.","Ưu đãi chỉ dành riêng cho thành viên cao cấp."
"ETS-RC-2","adequate","đủ, tương xứng","adj","/ˈæd.ə.kwət/","The office space is adequate for our needs.","Không gian văn phòng đủ cho nhu cầu của chúng tôi."
"ETS-RC-2","insure","bảo hiểm, bảo đảm","verb","/ɪnˈʃʊr/","You should insure your car against theft.","Bạn nên mua bảo hiểm cho xe của mình chống trộm."
"ETS-RC-2","presence","sự hiện diện","noun","/ˈprez.əns/","Her presence at the meeting was highly appreciated.","Sự có mặt của cô ấy tại cuộc họp được đánh giá cao."
"ETS-RC-2","boost","tăng cường, thúc đẩy","verb","/buːst/","The campaign aims to boost sales during the holiday season.","Chiến dịch nhằm thúc đẩy doanh số trong mùa lễ."
"ETS-RC-2","entrepreneur","doanh nhân, người khởi nghiệp","noun","/ˌɑːn.trə.prəˈnɝː/","The entrepreneur started a tech company at the age of 22.","Doanh nhân này đã khởi nghiệp công ty công nghệ khi mới 22 tuổi."
"ETS-RC-2","webinar","hội thảo trực tuyến","noun","/ˈweb.ə.nɑːr/","The company will host a webinar on digital marketing.","Công ty sẽ tổ chức hội thảo trực tuyến về tiếp thị kỹ thuật số."
"ETS-RC-2","launch","ra mắt, tung ra","verb","/lɔːntʃ/","The company plans to launch a new product next month.","Công ty dự định ra mắt sản phẩm mới vào tháng tới."
"ETS-RC-2","relocate","chuyển địa điểm","verb","/ˌriː.loʊˈkeɪt/","The company will relocate its headquarters to a larger building.","Công ty sẽ chuyển trụ sở sang tòa nhà lớn hơn."
"ETS-RC-2","approximately","xấp xỉ, khoảng chừng","adverb","/əˈprɑːk.sə.mət.li/","The meeting will last approximately two hours.","Cuộc họp sẽ kéo dài khoảng hai giờ."
"ETS-RC-2","workforce","lực lượng lao động","noun","/ˈwɝːk.fɔːrs/","The company is expanding its workforce to meet demand.","Công ty đang mở rộng lực lượng lao động để đáp ứng nhu cầu."
"ETS-RC-2","out of stock","hết hàng","adj","/aʊt əv stɑːk/","The product is currently out of stock and will be restocked soon.","Sản phẩm hiện đã hết hàng và sẽ được nhập lại sớm."
"ETS-RC-2","discontinue","ngừng, chấm dứt","verb","/ˌdɪs.kənˈtɪn.juː/","The company decided to discontinue the old product line.","Công ty quyết định ngừng dòng sản phẩm cũ."
"ETS-RC-2","facilitator","người hỗ trợ, người điều phối","noun","/fəˈsɪl.ə.teɪ.t̬ɚ/","The facilitator guided the discussion to keep it on track.","Người điều phối đã hướng dẫn cuộc thảo luận để giữ đúng hướng."
"ETS-RC-2","credentials","giấy tờ chứng nhận năng lực","noun","/krəˈden.tʃəlz/","Applicants must submit their credentials with the job application.","Ứng viên phải nộp giấy tờ chứng nhận năng lực cùng đơn xin việc."
"ETS-RC-2","adjustment","sự điều chỉnh","noun","/əˈdʒʌst.mənt/","The technician made some adjustments to improve the machine’s performance.","Kỹ thuật viên đã thực hiện một số điều chỉnh để cải thiện hiệu suất của máy."
"ETS-RC-2","optician","người bán kính, chuyên gia đo mắt","noun","/ɑːpˈtɪʃ.ən/","The optician adjusted my glasses for a better fit.","Người bán kính đã chỉnh kính của tôi để vừa hơn."
"ETS-RC-2","publicize","quảng bá, công bố","verb","/ˈpʌb.lə.saɪz/","The company plans to publicize the new product through social media.","Công ty dự định quảng bá sản phẩm mới qua mạng xã hội."
"ETS-RC-2","temporary","tạm thời","adj","/ˈtem.pə.rer.i/","We are looking for a temporary replacement while she is on leave.","Chúng tôi đang tìm người thay thế tạm thời khi cô ấy nghỉ phép."
"ETS-RC-2","vacate","rời bỏ, bỏ trống","verb","/ˈveɪ.keɪt/","Guests must vacate their rooms by 11 a.m.","Khách phải rời phòng trước 11 giờ sáng."
"ETS-RC-2","normal","bình thường","adj","/ˈnɔːr.məl/","Business operations have returned to normal after the holiday.","Hoạt động kinh doanh đã trở lại bình thường sau kỳ nghỉ."
"ETS-RC-2","amenity","tiện nghi","noun","/əˈmen.ə.t̬i/","The hotel offers excellent amenities such as a swimming pool and spa.","Khách sạn cung cấp các tiện nghi tuyệt vời như hồ bơi và spa."
"ETS-RC-2","revision","sự chỉnh sửa","noun","/rɪˈvɪʒ.ən/","The report needs some revisions before it is published.","Báo cáo cần một số chỉnh sửa trước khi được xuất bản."
"ETS-RC-2","wholesale","bán sỉ","noun","/ˈhoʊl.seɪl/","The company specializes in the wholesale of electronic goods.","Công ty chuyên bán sỉ hàng điện tử."
"ETS-RC-2","extension","sự gia hạn, mở rộng","noun","/ɪkˈsten.ʃən/","The deadline extension allowed more time to complete the work.","Việc gia hạn thời hạn cho phép có thêm thời gian để hoàn thành công việc."
"ETS-RC-2","custom-built","chế tạo theo yêu cầu","adj","/ˌkʌs.təm ˈbɪlt/","They ordered a custom-built computer for graphic design.","Họ đặt một máy tính chế tạo theo yêu cầu để thiết kế đồ họa."
"ETS-RC-2","in the event of","trong trường hợp","preposition","/ɪn ðə ɪˈvent əv/","In the event of an emergency, please follow the evacuation plan.","Trong trường hợp khẩn cấp, vui lòng làm theo kế hoạch sơ tán."
"ETS-RC-2","disruption","sự gián đoạn","noun","/dɪsˈrʌp.ʃən/","The strike caused major disruptions to train services.","Cuộc đình công đã gây gián đoạn lớn cho dịch vụ tàu hỏa."
"ETS-RC-2","outpace","vượt qua, vượt trội hơn","verb","/ˌaʊtˈpeɪs/","The company’s growth has outpaced its competitors.","Sự tăng trưởng của công ty đã vượt qua đối thủ."
"ETS-RC-2","raw material","nguyên liệu thô","noun","/ˌrɑː məˈtɪr.i.əl/","The factory imports raw materials from overseas.","Nhà máy nhập nguyên liệu thô từ nước ngoài."
"ETS-RC-2","substantially","đáng kể","adverb","/səbˈstæn.ʃəl.i/","The new policy will substantially improve working conditions.","Chính sách mới sẽ cải thiện đáng kể điều kiện làm việc."
"ETS-RC-2","trigger","gây ra, kích hoạt","verb","/ˈtrɪɡ.ɚ/","The announcement triggered a wave of protests.","Thông báo đã gây ra làn sóng biểu tình."
"ETS-RC-2","stakeholder","bên liên quan","noun","/ˈsteɪkˌhoʊl.dɚ/","Stakeholders are invited to participate in the decision-making process.","Các bên liên quan được mời tham gia vào quá trình ra quyết định."
"ETS-RC-2","implement","triển khai, thực hiện","verb","/ˈɪm.plə.ment/","The company will implement a new training program.","Công ty sẽ triển khai một chương trình đào tạo mới."
"ETS-RC-2","overcome","vượt qua","verb","/ˌoʊ.vɚˈkʌm/","She managed to overcome all the difficulties.","Cô ấy đã xoay sở vượt qua mọi khó khăn."
"ETS-RC-2","relaxation","sự thư giãn","noun","/ˌriː.lækˈseɪ.ʃən/","The resort offers various activities for relaxation.","Khu nghỉ dưỡng cung cấp nhiều hoạt động để thư giãn."
"ETS-RC-2","restriction","sự hạn chế","noun","/rɪˈstrɪk.ʃən/","The restriction on imports has been lifted.","Hạn chế nhập khẩu đã được dỡ bỏ."
"ETS-RC-2","phase","giai đoạn","noun","/feɪz/","The project will be completed in three phases.","Dự án sẽ được hoàn thành trong ba giai đoạn."
"ETS-RC-2","on hold","tạm hoãn","adj","/ɑːn hoʊld/","The project is currently on hold due to budget issues.","Dự án hiện đang tạm hoãn do vấn đề ngân sách."
"ETS-RC-2","outcome","kết quả","noun","/ˈaʊt.kʌm/","We are satisfied with the outcome of the meeting.","Chúng tôi hài lòng với kết quả của cuộc họp."
"ETS-RC-2","consistent","nhất quán, kiên định","adj","/kənˈsɪs.tənt/","The company has shown consistent growth over the past five years.","Công ty đã thể hiện sự tăng trưởng nhất quán trong 5 năm qua."
"ETS-RC-2","swirl","xoáy, cuộn lại","verb","/swɝːl/","The wind swirled leaves around the yard.","Gió làm lá xoáy quanh sân."
"ETS-RC-2","manufacture","sản xuất","verb","/ˌmæn.jəˈfæk.tʃɚ/","The factory manufactures electronic components for export.","Nhà máy sản xuất linh kiện điện tử để xuất khẩu."
"ETS-RC-2","diverse","đa dạng","adj","/daɪˈvɝːs/","The city has a diverse population from many cultural backgrounds.","Thành phố có dân cư đa dạng từ nhiều nền văn hóa."
"ETS-RC-2","candidate","ứng viên","noun","/ˈkæn.dɪ.deɪt/","Each candidate will be interviewed by the hiring panel.","Mỗi ứng viên sẽ được phỏng vấn bởi hội đồng tuyển dụng."
"ETS-RC-2","collaborate","hợp tác","verb","/kəˈlæb.ə.reɪt/","We plan to collaborate with other companies on this project.","Chúng tôi dự định hợp tác với các công ty khác trong dự án này."
"ETS-RC-2","prospective","tiềm năng, có triển vọng","adj","/prəˈspek.tɪv/","The company will hold an event for prospective clients.","Công ty sẽ tổ chức sự kiện cho khách hàng tiềm năng."
"ETS-RC-2","remote","xa xôi; từ xa","adj","/rɪˈmoʊt/","The company has a remote office in a rural area.","Công ty có văn phòng từ xa ở vùng nông thôn."
"ETS-RC-2","draft","bản nháp","noun","/dræft/","The first draft of the proposal is ready for review.","Bản nháp đầu tiên của đề xuất đã sẵn sàng để xem xét."
"ETS-RC-2","description","sự mô tả","noun","/dɪˈskrɪp.ʃən/","The job description outlines the main responsibilities.","Bản mô tả công việc nêu rõ các trách nhiệm chính."
"ETS-RC-2","identical","giống hệt nhau","adj","/aɪˈden.tɪ.kəl/","The two contracts are nearly identical in wording and structure.","Hai bản hợp đồng gần như giống hệt nhau về ngôn từ và cấu trúc."
"ETS-RC-2","brick-and-mortar","cửa hàng thực tế","adj","/ˌbrɪk.ənˈmɔːr.tɚ/","The company operates both online and through brick-and-mortar stores.","Công ty hoạt động cả trực tuyến và qua các cửa hàng thực tế."
"ETS-RC-2","in person","trực tiếp, gặp mặt","adverb","/ɪn ˈpɝː.sən/","Applicants must submit their forms in person at the main office.","Ứng viên phải nộp đơn trực tiếp tại văn phòng chính."
"ETS-RC-2","engagement","sự tham gia hoặc cam kết","noun","/ɪnˈɡeɪdʒ.mənt/","The marketing team’s goal is to increase customer engagement through social media.","Mục tiêu của nhóm marketing là tăng sự tương tác của khách hàng qua mạng xã hội."
"ETS-RC-2","downside","mặt bất lợi, nhược điểm","noun","/ˈdaʊn.saɪd/","The only downside of working from home is the lack of face-to-face interaction.","Nhược điểm duy nhất của làm việc tại nhà là thiếu sự tương tác trực tiếp."
"ETS-RC-3","process","quy trình hoặc bước thực hiện công việc","noun","/ˈprɑː.ses/","The hiring process includes an interview and a background check.","Quy trình tuyển dụng bao gồm một cuộc phỏng vấn và kiểm tra lý lịch."
"ETS-RC-3","process","xử lý theo từng bước","verb","/ˈprɑː.ses/","The bank will process your loan application within five business days.","Ngân hàng sẽ xử lý đơn vay của bạn trong vòng năm ngày làm việc."
"ETS-RC-3","enforce","thực thi, ép buộc luật lệ hoặc quy tắc","verb","/ɪnˈfɔːrs/","The police enforce traffic laws to ensure road safety.","Cảnh sát thực thi luật giao thông để đảm bảo an toàn đường bộ."
"ETS-RC-3","expand","mở rộng","verb","/ɪkˈspænd/","The company plans to expand its operations into Asia.","Công ty dự định mở rộng hoạt động sang châu Á."
"ETS-RC-3","apply","nộp đơn xin hoặc yêu cầu","verb","/əˈplaɪ/","You must apply for a visa before traveling abroad.","Bạn phải nộp đơn xin visa trước khi đi nước ngoài."
"ETS-RC-3","apply","áp dụng","verb","/əˈplaɪ/","These safety rules apply to all employees in the factory.","Các quy tắc an toàn này áp dụng cho tất cả nhân viên trong nhà máy."
"ETS-RC-3","depth","độ sâu","noun","/depθ/","The divers measured the depth of the lake before starting the exploration.","Các thợ lặn đo độ sâu của hồ trước khi bắt đầu khám phá."
"ETS-RC-3","deeply","một cách sâu sắc","adverb","/ˈdiːp.li/","She was deeply moved by the speech about community service.","Cô ấy bị xúc động sâu sắc bởi bài phát biểu về dịch vụ cộng đồng."
"ETS-RC-3","seedling","cây non mới mọc từ hạt","noun","/ˈsiːd.lɪŋ/","Each participant will receive a seedling to plant at home.","Mỗi người tham gia sẽ nhận một cây non để trồng tại nhà."
"ETS-RC-3","gently","một cách nhẹ nhàng","adverb","/ˈdʒent.li/","Please close the door gently to avoid disturbing others.","Vui lòng đóng cửa nhẹ nhàng để tránh làm phiền người khác."
"ETS-RC-3","collect","thu thập hoặc gom lại","verb","/kəˈlekt/","The company will collect feedback from customers after the event.","Công ty sẽ thu thập phản hồi từ khách hàng sau sự kiện."
"ETS-RC-3","operation","quá trình hoạt động hoặc điều hành công việc","noun","/ˌɑː.pəˈreɪ.ʃən/","The company’s new factory is now in full operation.","Nhà máy mới của công ty hiện đang hoạt động hết công suất."
"ETS-RC-3","budget","ngân sách","noun","/ˈbʌdʒ.ɪt/","The marketing budget for this quarter has been approved.","Ngân sách tiếp thị cho quý này đã được phê duyệt."
"ETS-RC-3","warranty","bảo hành","noun","/ˈwɔːr.ən.t̬i/","The laptop comes with a two-year warranty.","Chiếc laptop đi kèm với bảo hành hai năm."
"ETS-RC-3","impressive","gây ấn tượng mạnh","adj","/ɪmˈpres.ɪv/","The company gave an impressive presentation at the trade show.","Công ty đã có một bài thuyết trình ấn tượng tại hội chợ thương mại."
"ETS-RC-3","patronage","sự ủng hộ, bảo trợ từ khách hàng hoặc người có quyền lực","noun","/ˈpeɪ.trə.nɪdʒ/","We appreciate your continued patronage over the years.","Chúng tôi trân trọng sự ủng hộ lâu dài của bạn trong nhiều năm qua."
"ETS-RC-3","sincerely","một cách chân thành","adverb","/sɪnˈsɪr.li/","We sincerely hope you enjoy your stay at our hotel.","Chúng tôi chân thành hy vọng bạn sẽ tận hưởng thời gian ở khách sạn của chúng tôi."
"ETS-RC-3","deservedly","một cách xứng đáng","adverb","/dɪˈzɝː.vɪd.li/","He deservedly received a promotion after years of hard work.","Anh ấy xứng đáng được thăng chức sau nhiều năm làm việc chăm chỉ."
"ETS-RC-3","commonly","thường xuyên","adverb","/ˈkɑː.mən.li/","This type of software is commonly used in accounting firms.","Loại phần mềm này thường được sử dụng trong các công ty kế toán."
"ETS-RC-3","fragile","dễ vỡ, dễ hư hỏng","adj","/ˈfrædʒ.əl/","Please handle the package carefully because it contains fragile items.","Vui lòng xử lý kiện hàng cẩn thận vì bên trong có đồ dễ vỡ."
"ETS-RC-3","store","lưu trữ, cất giữ để sử dụng sau","verb","/stɔːr/","The documents are stored in a secure cabinet.","Các tài liệu được lưu trữ trong tủ an toàn."
"ETS-RC-3","secure","bảo đảm an toàn hoặc cố định chắc chắn","verb","/səˈkjʊr/","We need to secure the equipment before transporting it.","Chúng ta cần cố định thiết bị trước khi vận chuyển."
"ETS-RC-3","secure","an toàn, được bảo vệ","adj","/səˈkjʊr/","All financial transactions are conducted through a secure system.","Tất cả các giao dịch tài chính đều được thực hiện qua hệ thống an toàn."
"ETS-RC-3","until after","cho đến sau","preposition","/ʌnˈtɪl ˈæf.tɚ/","The store will be closed until after the holiday break.","Cửa hàng sẽ đóng cửa cho đến sau kỳ nghỉ lễ."
"ETS-RC-3","hire","thuê mướn, tuyển dụng","verb","/haɪr/","The company plans to hire five new employees this year.","Công ty dự định tuyển năm nhân viên mới trong năm nay."
"ETS-RC-3","gather","tập hợp, gom lại","verb","/ˈɡæð.ɚ/","Employees gathered in the lobby for the safety drill.","Nhân viên tập trung ở sảnh để tham gia diễn tập an toàn."
"ETS-RC-3","politely","một cách lịch sự","adverb","/pəˈlaɪt.li/","He politely asked the guests to sign the visitor book.","Anh ấy lịch sự yêu cầu khách ký vào sổ khách."
"ETS-RC-3","claim","yêu cầu hoặc tuyên bố quyền lợi","verb","/kleɪm/","Customers can claim a refund within 30 days of purchase.","Khách hàng có thể yêu cầu hoàn tiền trong vòng 30 ngày kể từ khi mua hàng."
"ETS-RC-3","currently","hiện tại","adverb","/ˈkɝː.ənt.li/","The company is currently seeking qualified applicants for the sales position.","Công ty hiện đang tìm kiếm ứng viên đủ tiêu chuẩn cho vị trí kinh doanh."
"ETS-RC-3","associate","kết hợp, liên kết","verb","/əˈsoʊ.ʃi.eɪt/","Many people associate summer with vacations and outdoor activities.","Nhiều người liên tưởng mùa hè với kỳ nghỉ và các hoạt động ngoài trời."
"ETS-RC-3","concerned","lo lắng hoặc quan tâm về điều gì đó","adj","/kənˈsɝːnd/","The manager is concerned about the decline in sales.","Người quản lý lo lắng về sự sụt giảm doanh số."
"ETS-RC-3","procedure","quy trình","noun","/prəˈsiː.dʒɚ/","Please follow the correct procedure when applying for a work permit.","Vui lòng làm theo đúng quy trình khi xin giấy phép lao động."
"ETS-RC-3","outline","phác thảo ý chính","verb","/ˈaʊt.laɪn/","The manager outlined the plan for the new marketing campaign.","Người quản lý đã phác thảo kế hoạch cho chiến dịch tiếp thị mới."
"ETS-RC-3","embark on","bắt đầu một công việc mới","verb","/ɪmˈbɑːrk ɑːn/","The company will embark on a major expansion next year.","Công ty sẽ bắt đầu một đợt mở rộng lớn vào năm tới."
"ETS-RC-3","so far","cho đến nay","adverb","/soʊ fɑːr/","So far, sales have increased by 15% compared to last year.","Cho đến nay, doanh số đã tăng 15% so với năm ngoái."
"ETS-RC-3","ambitiously","một cách tham vọng","adverb","/æmˈbɪʃ.əs.li/","The company ambitiously aims to become the market leader within two years.","Công ty tham vọng đặt mục tiêu trở thành dẫn đầu thị trường trong vòng hai năm."
"ETS-RC-3","release","phát hành hoặc giải phóng","verb","/rɪˈliːs/","The company will release the new product next month.","Công ty sẽ phát hành sản phẩm mới vào tháng tới."
"ETS-RC-3","profoundly","một cách sâu sắc","adverb","/prəˈfaʊnd.li/","The speech profoundly influenced the audience’s perspective.","Bài phát biểu đã ảnh hưởng sâu sắc đến quan điểm của khán giả."
"ETS-RC-3","overly","quá mức","adverb","/ˈoʊ.vɚ.li/","The manager is overly concerned about minor details.","Người quản lý quá lo lắng về những chi tiết nhỏ."
"ETS-RC-3","intensely","một cách mãnh liệt","adverb","/ɪnˈten.sli/","The team worked intensely to meet the tight deadline.","Nhóm làm việc cật lực để kịp thời hạn gấp."
"ETS-RC-3","collaboration","sự hợp tác","noun","/kəˌlæb.əˈreɪ.ʃən/","The project was completed successfully through close collaboration between departments.","Dự án đã hoàn thành thành công nhờ sự hợp tác chặt chẽ giữa các phòng ban."
"ETS-RC-3","reentry","sự quay lại hoặc nhập cảnh trở lại","noun","/ˌriːˈen.tri/","The astronaut’s reentry into Earth’s atmosphere was broadcast live.","Việc tàu vũ trụ tái xâm nhập bầu khí quyển Trái Đất được phát trực tiếp."
"ETS-RC-3","duplication","sự trùng lặp","noun","/ˌduː.plɪˈkeɪ.ʃən/","The duplication of records caused confusion in the database.","Việc trùng lặp hồ sơ đã gây nhầm lẫn trong cơ sở dữ liệu."
"ETS-RC-3","turnover","doanh thu hoặc tỷ lệ thay thế nhân viên","noun","/ˈtɝːnˌoʊ.vɚ/","The company reported a significant increase in turnover last year.","Công ty báo cáo mức tăng đáng kể về doanh thu năm ngoái."
"ETS-RC-3","venue","địa điểm tổ chức sự kiện","noun","/ˈven.juː/","The conference venue can accommodate up to 500 participants.","Địa điểm hội nghị có thể chứa tối đa 500 người tham dự."
"ETS-RC-3","renovation","cải tạo, nâng cấp công trình","noun","/ˌren.əˈveɪ.ʃən/","The hotel will close for renovation during the low season.","Khách sạn sẽ đóng cửa để cải tạo trong mùa thấp điểm."
"ETS-RC-3","bidder","người tham gia đấu thầu","noun","/ˈbɪd.ɚ/","The contract will be awarded to the lowest bidder.","Hợp đồng sẽ được trao cho nhà thầu có giá thấp nhất."
"ETS-RC-3","whereas","trong khi mà","conjunction","/werˈæz/","The old system was slow, whereas the new one is much faster.","Hệ thống cũ thì chậm, trong khi hệ thống mới nhanh hơn nhiều."
"ETS-RC-3","alternatively","hoặc là, thay vào đó","adverb","/ɔːlˈtɝː.nə.t̬ɪv.li/","You can take the train; alternatively, you can drive to the venue.","Bạn có thể đi tàu; hoặc là, bạn có thể lái xe đến địa điểm."
"ETS-RC-3","certain","chắc chắn hoặc xác định; một số","adj","/ˈsɝː.tən/","We are certain that the project will finish on time.","Chúng tôi chắc chắn rằng dự án sẽ hoàn thành đúng hạn."
"ETS-RC-3","responsibility","trách nhiệm","noun","/rɪˌspɑːn.səˈbɪl.ə.t̬i/","It is your responsibility to submit the report on time.","Nộp báo cáo đúng hạn là trách nhiệm của bạn."
"ETS-RC-3","relocate","chuyển địa điểm","verb","/ˌriːˈloʊ.keɪt/","The company plans to relocate its headquarters to another city.","Công ty dự định chuyển trụ sở chính sang thành phố khác."
"ETS-RC-3","reportedly","theo như đưa tin","adverb","/rɪˈpɔːr.t̬ɪd.li/","The CEO will reportedly step down at the end of the year.","Theo tin đưa, giám đốc điều hành sẽ từ chức vào cuối năm."
"ETS-RC-3","host","tổ chức hoặc tiếp đón sự kiện, khách mời","verb","/hoʊst/","The city will host the international trade fair next month.","Thành phố sẽ tổ chức hội chợ thương mại quốc tế vào tháng tới."
"ETS-RC-3","authentic","thật, chính gốc, đáng tin cậy","adj","/ɑːˈθen.t̬ɪk/","This restaurant is known for serving authentic Italian cuisine.","Nhà hàng này nổi tiếng với việc phục vụ ẩm thực Ý chính gốc."
"ETS-RC-3","opposite","đối diện hoặc trái ngược","adj","/ˈɑː.pə.zɪt/","The two buildings are on opposite sides of the street.","Hai tòa nhà nằm ở phía đối diện của con đường."
"ETS-RC-3","regional","thuộc về khu vực","adj","/ˈriː.dʒən.əl/","The company is planning to open several regional offices.","Công ty đang lên kế hoạch mở một số văn phòng khu vực."
"ETS-RC-3","surge","tăng đột ngột","noun","/sɝːdʒ/","There was a surge in online sales during the holiday season.","Có sự tăng đột biến doanh số bán hàng trực tuyến trong mùa lễ."
"ETS-RC-3","demand","nhu cầu hoặc yêu cầu mạnh mẽ","noun","/dɪˈmænd/","There is high demand for skilled workers in the tech industry.","Có nhu cầu cao về lao động có tay nghề trong ngành công nghệ."
"ETS-RC-3","senior","cấp cao","adj","/ˈsiː.njɚ/","She was promoted to a senior management position last year.","Cô ấy được thăng chức lên vị trí quản lý cấp cao năm ngoái."
"ETS-RC-3","replace","thay thế","verb","/rɪˈpleɪs/","We need to replace the old printer with a more efficient model.","Chúng ta cần thay thế máy in cũ bằng mẫu hiệu quả hơn."
"ETS-RC-3","strategy","chiến lược","noun","/ˈstræt̬.ə.dʒi/","Our marketing strategy focuses on targeting younger consumers.","Chiến lược tiếp thị của chúng tôi tập trung vào đối tượng khách hàng trẻ."
"ETS-RC-3","practice","thói quen, thông lệ hoặc hành động thực hành","noun","/ˈpræk.tɪs/","It is good practice to back up your files regularly.","Việc sao lưu dữ liệu thường xuyên là một thói quen tốt."
"ETS-RC-3","flexible","linh hoạt, dễ thay đổi hoặc thích ứng","adj","/ˈflek.sə.bəl/","We offer flexible working hours to accommodate employees’ needs.","Chúng tôi cung cấp giờ làm việc linh hoạt để đáp ứng nhu cầu của nhân viên."
"ETS-RC-3","alternate","thay phiên hoặc thay thế","verb","/ˈæl.tɚ.neɪt/","We alternate between two shifts to cover all working hours.","Chúng tôi thay phiên nhau làm hai ca để bao quát toàn bộ giờ làm việc."
"ETS-RC-3","replacement","người hoặc vật thay thế","noun","/rɪˈpleɪs.mənt/","We are looking for a replacement for the retiring manager.","Chúng tôi đang tìm người thay thế cho quản lý sắp nghỉ hưu."
"ETS-RC-3","creation","sự sáng tạo hoặc sản phẩm được tạo ra","noun","/kriˈeɪ.ʃən/","The artist’s latest creation will be displayed at the gallery.","Tác phẩm mới nhất của nghệ sĩ sẽ được trưng bày tại phòng tranh."
"ETS-RC-3","enhance","cải thiện, nâng cao giá trị hoặc chất lượng","verb","/ɪnˈhæns/","The new features will enhance the performance of the software.","Các tính năng mới sẽ cải thiện hiệu suất của phần mềm."
"ETS-RC-3","on one’s behalf","thay mặt ai đó","phrase","/ɑːn wʌnz bɪˈhæf/","She accepted the award on her manager’s behalf.","Cô ấy nhận giải thưởng thay mặt cho quản lý của mình."
"ETS-RC-3","reside","sinh sống, cư trú","verb","/rɪˈzaɪd/","He currently resides in New York City.","Anh ấy hiện đang cư trú tại thành phố New York."
"ETS-RC-3","arrange","sắp xếp, tổ chức","verb","/əˈreɪndʒ/","We will arrange a meeting with the supplier next week.","Chúng tôi sẽ sắp xếp một cuộc họp với nhà cung cấp vào tuần tới."
"ETS-RC-3","distribute","phân phát, phân phối","verb","/dɪˈstrɪb.juːt/","The company will distribute free samples at the trade show.","Công ty sẽ phân phát mẫu miễn phí tại hội chợ thương mại."
"ETS-RC-3","supplemental","bổ sung, thêm vào","adj","/ˌsʌp.ləˈmen.t̬əl/","Employees receive a supplemental bonus for outstanding performance.","Nhân viên nhận thêm tiền thưởng bổ sung cho thành tích xuất sắc."
"ETS-RC-3","recipient","người nhận","noun","/rɪˈsɪp.i.ənt/","The recipient of the award gave a heartfelt speech.","Người nhận giải thưởng đã có một bài phát biểu chân thành."
"ETS-RC-3","perspective","quan điểm hoặc cách nhìn nhận","noun","/pɚˈspek.tɪv/","The seminar helped broaden my perspective on global issues.","Hội thảo đã giúp mở rộng quan điểm của tôi về các vấn đề toàn cầu."
"ETS-RC-3","worthwhile","đáng giá, xứng đáng với công sức bỏ ra","adj","/ˌwɝːθˈwaɪl/","It is worthwhile to invest in employee training programs.","Đáng để đầu tư vào các chương trình đào tạo nhân viên."
"ETS-RC-3","implement","thực hiện hoặc áp dụng kế hoạch, ý tưởng","verb","/ˈɪm.plə.ment/","The company will implement new safety measures next month.","Công ty sẽ thực hiện các biện pháp an toàn mới vào tháng tới."
"ETS-RC-3","productivity","năng suất làm việc","noun","/ˌproʊ.dəkˈtɪv.ə.t̬i/","Technology can greatly improve workplace productivity.","Công nghệ có thể cải thiện đáng kể năng suất làm việc."
"ETS-RC-3","disposable","dùng một lần rồi bỏ","adj","/dɪˈspoʊ.zə.bəl/","The hotel provides disposable slippers for guests.","Khách sạn cung cấp dép đi trong phòng dùng một lần cho khách."
"ETS-RC-3","projected","dự kiến trong tương lai","adj","/prəˈdʒek.tɪd/","The projected sales for next quarter show a steady increase.","Doanh số dự kiến cho quý tới cho thấy sự tăng trưởng ổn định."
"ETS-RC-3","mindful of","lưu tâm đến","adj","/ˈmaɪnd.fəl əv/","Please be mindful of the company’s dress code during meetings.","Vui lòng lưu ý quy định ăn mặc của công ty trong các cuộc họp."
"ETS-RC-3","structure","cấu trúc, cách sắp xếp các phần","noun","/ˈstrʌk.tʃɚ/","The new manager reorganized the company’s structure for efficiency.","Người quản lý mới đã tổ chức lại cấu trúc công ty để tăng hiệu quả."
"ETS-RC-3","correspond with","trao đổi thư từ hoặc phù hợp với","verb","/ˌkɔːr.əˈspɑːnd wɪð/","I correspond with our overseas partners regularly.","Tôi thường xuyên trao đổi thư từ với các đối tác nước ngoài."
"ETS-RC-4","revision","sự sửa đổi hoặc ôn tập","noun","/rɪˈvɪʒ.ən/","The document is under revision before final approval.","Tài liệu đang được chỉnh sửa trước khi phê duyệt cuối cùng."
"ETS-RC-4","division","sự phân chia hoặc bộ phận","noun","/dɪˈvɪʒ.ən/","The company created a new division to handle online sales.","Công ty đã thành lập một bộ phận mới để xử lý việc bán hàng trực tuyến."
"ETS-RC-4","remedy","giải pháp khắc phục","noun","/ˈrem.ə.di/","The best remedy for this problem is better communication.","Giải pháp tốt nhất cho vấn đề này là cải thiện giao tiếp."
"ETS-RC-4","mark","đánh dấu","verb","/mɑːrk/","Please mark the items that need to be reordered.","Vui lòng đánh dấu những mặt hàng cần đặt lại."
"ETS-RC-4","directness","sự thẳng thắn, rõ ràng","noun","/dəˈrekt.nəs/","Her directness in addressing issues earned her colleagues’ respect.","Sự thẳng thắn trong việc giải quyết vấn đề giúp cô ấy được đồng nghiệp tôn trọng."
"ETS-RC-4","logistics","hậu cần","noun","/loʊˈdʒɪs.tɪks/","The logistics for the event were handled by an experienced team.","Khâu hậu cần cho sự kiện được đảm nhiệm bởi một nhóm giàu kinh nghiệm."
"ETS-RC-4","mainly","chủ yếu","adverb","/ˈmeɪn.li/","The meeting will mainly focus on the budget proposal.","Cuộc họp sẽ chủ yếu tập trung vào đề xuất ngân sách."
"ETS-RC-4","respectively","lần lượt theo thứ tự","adverb","/rɪˈspek.tɪv.li/","The three winners received gold, silver, and bronze medals respectively.","Ba người chiến thắng lần lượt nhận huy chương vàng, bạc và đồng."
"ETS-RC-4","noticeably","một cách rõ rệt","adverb","/ˈnoʊ.t̬ɪ.sə.bli/","The new policy has noticeably improved employee satisfaction.","Chính sách mới đã cải thiện rõ rệt sự hài lòng của nhân viên."
"ETS-RC-4","productivity","năng suất","noun","/ˌproʊ.dəkˈtɪv.ə.t̬i/","Technology can significantly boost workplace productivity.","Công nghệ có thể tăng đáng kể năng suất làm việc."
"ETS-RC-4","takeover","sự tiếp quản công ty","noun","/ˈteɪkˌoʊ.vɚ/","The company announced a takeover of its main competitor.","Công ty thông báo tiếp quản đối thủ chính."
"ETS-RC-4","streamline","tinh giản, tối ưu hóa để hiệu quả hơn","verb","/ˈstriːm.laɪn/","The new software will streamline the invoicing process.","Phần mềm mới sẽ tinh giản quy trình lập hóa đơn."
"ETS-RC-4","strict","nghiêm ngặt","adj","/strɪkt/","The school has strict rules regarding student behavior.","Trường có những quy định nghiêm ngặt về hành vi của học sinh."
"ETS-RC-4","numerous","nhiều, số lượng lớn","adj","/ˈnuː.mə.rəs/","The company has received numerous awards for its services.","Công ty đã nhận được nhiều giải thưởng cho dịch vụ của mình."
"ETS-RC-4","advanced","tiên tiến, hiện đại","adj","/ədˈvænst/","The lab is equipped with advanced medical equipment.","Phòng thí nghiệm được trang bị thiết bị y tế tiên tiến."
"ETS-RC-4","crowded","đông đúc","adj","/ˈkraʊ.dɪd/","The train was so crowded that many passengers had to stand.","Chuyến tàu đông đến mức nhiều hành khách phải đứng."
"ETS-RC-4","affect","ảnh hưởng đến","verb","/əˈfekt/","The new policy will affect all employees in the company.","Chính sách mới sẽ ảnh hưởng đến tất cả nhân viên trong công ty."
"ETS-RC-4","secure","đạt được, bảo đảm điều gì đó","verb","/səˈkjʊr/","The company secured a major contract with a foreign client.","Công ty đã đạt được một hợp đồng lớn với khách hàng nước ngoài."
"ETS-RC-4","legislator","nhà lập pháp","noun","/ˈledʒ.ɪ.sleɪ.t̬ɚ/","Legislators voted in favor of the new environmental bill.","Các nhà lập pháp đã bỏ phiếu ủng hộ dự luật môi trường mới."
"ETS-RC-4","potential","tiềm năng","noun","/pəˈten.ʃəl/","The new technology has great potential for growth.","Công nghệ mới có tiềm năng lớn để phát triển."
"ETS-RC-4","slightly","một chút, hơi, không đáng kể","adverb","/ˈslaɪt.li/","The price is slightly higher than last year.","Giá cao hơn một chút so với năm ngoái."
"ETS-RC-4","wholly","hoàn toàn","adverb","/ˈhoʊl.i/","The company is wholly owned by a foreign investor.","Công ty hoàn toàn thuộc sở hữu của một nhà đầu tư nước ngoài."
"ETS-RC-4","gladly","một cách vui vẻ, sẵn lòng","adverb","/ˈɡlæd.li/","I would gladly help you move this weekend.","Tôi rất sẵn lòng giúp bạn chuyển nhà cuối tuần này."
"ETS-RC-4","virtuosic","kỹ năng xuất sắc, bậc thầy","adj","/ˌvɝː.tʃuˈɑː.sɪk/","The pianist gave a virtuosic performance that amazed the audience.","Nghệ sĩ piano đã có màn biểu diễn bậc thầy khiến khán giả kinh ngạc."
"ETS-RC-4","prior","trước, trước khi","adj","/ˈpraɪ.ɚ/","All visitors must obtain prior approval before entering the facility.","Tất cả khách phải có sự chấp thuận trước khi vào cơ sở."
"ETS-RC-4","lean","nghiêng hoặc dựa vào","verb","/liːn/","You can lean the ladder against the wall.","Bạn có thể dựa thang vào tường."
"ETS-RC-4","constantly","liên tục, thường xuyên","adverb","/ˈkɑːn.stənt.li/","He is constantly looking for ways to improve efficiency.","Anh ấy liên tục tìm cách cải thiện hiệu quả."
"ETS-RC-4","periodic","định kỳ","adj","/ˌpɪr.iˈɑː.dɪk/","The company conducts periodic safety inspections.","Công ty tiến hành kiểm tra an toàn định kỳ."
"ETS-RC-4","consent","sự đồng ý","noun","/kənˈsent/","You need parental consent to attend the trip.","Bạn cần sự đồng ý của phụ huynh để tham gia chuyến đi."
"ETS-RC-4","controversy","tranh cãi kéo dài","noun","/ˈkɑːn.trə.vɝː.si/","The new law sparked widespread controversy.","Luật mới đã gây ra tranh cãi rộng rãi."
"ETS-RC-4","cracked","bị nứt hoặc vỡ một phần","adj","/krækt/","The cracked window needs to be replaced immediately.","Cửa sổ bị nứt cần được thay ngay lập tức."
"ETS-RC-4","examine","kiểm tra kỹ lưỡng","verb","/ɪɡˈzæm.ɪn/","The mechanic will examine the engine for any defects.","Thợ máy sẽ kiểm tra động cơ để tìm lỗi."
"ETS-RC-4","dismissed","bị sa thải hoặc loại bỏ","adj","/dɪsˈmɪst/","The dismissed employee filed a complaint against the company.","Nhân viên bị sa thải đã nộp đơn khiếu nại công ty."
"ETS-RC-4","likewise","tương tự, cũng vậy","adverb","/ˈlaɪk.waɪz/","She was impressed by the proposal, and her colleagues felt likewise.","Cô ấy ấn tượng với đề xuất, và đồng nghiệp của cô ấy cũng vậy."
"ETS-RC-4","suddenly","đột ngột","adverb","/ˈsʌd.ən.li/","The meeting was suddenly canceled without explanation.","Cuộc họp đột ngột bị hủy mà không có lời giải thích."
"ETS-RC-4","register","đăng ký","verb","/ˈredʒ.ə.stɚ/","You must register for the workshop by Friday.","Bạn phải đăng ký tham gia hội thảo trước thứ Sáu."
"ETS-RC-4","discard","loại bỏ, vứt bỏ thứ không cần thiết","verb","/dɪˈskɑːrd/","Please discard any outdated documents from the file.","Vui lòng loại bỏ các tài liệu lỗi thời khỏi hồ sơ."
"ETS-RC-4","landfill","bãi chôn lấp rác","noun","/ˈlænd.fɪl/","The city is working to reduce waste sent to landfills.","Thành phố đang nỗ lực giảm lượng rác đưa vào bãi chôn lấp."
"ETS-RC-4","convert","chuyển đổi","verb","/kənˈvɝːt/","The factory was converted into a modern office building.","Nhà máy đã được chuyển đổi thành tòa nhà văn phòng hiện đại."
"ETS-RC-4","strength","sức mạnh hoặc điểm mạnh","noun","/streŋkθ/","Her greatest strength is her ability to solve problems quickly.","Điểm mạnh nhất của cô ấy là khả năng giải quyết vấn đề nhanh chóng."
"ETS-RC-4","appearance","diện mạo hoặc sự xuất hiện","noun","/əˈpɪr.əns/","His appearance at the conference surprised many attendees.","Sự xuất hiện của anh ấy tại hội nghị khiến nhiều người tham dự ngạc nhiên."
"ETS-RC-4","substitute","người hoặc vật thay thế","noun","/ˈsʌb.stɪ.tuːt/","The teacher used a video as a substitute for a lecture.","Giáo viên dùng một video để thay cho bài giảng."
"ETS-RC-4","inquiry","yêu cầu thông tin hoặc điều tra","noun","/ˈɪn.kwɚ.i/","We received an inquiry about our new product line.","Chúng tôi nhận được yêu cầu thông tin về dòng sản phẩm mới."
"ETS-RC-4","petrol","xăng","noun","/ˈpet.rəl/","The price of petrol has risen significantly this month.","Giá xăng đã tăng đáng kể trong tháng này."
"ETS-RC-4","motorway","đường cao tốc","noun","/ˈmoʊ.t̬ɚ.weɪ/","We took the motorway to get to the city faster.","Chúng tôi đi đường cao tốc để đến thành phố nhanh hơn."
"ETS-RC-4","crisps","khoai tây chiên giòn","noun","/krɪsps/","He bought a packet of crisps for the road trip.","Anh ấy mua một gói khoai tây chiên cho chuyến đi đường dài."
"ETS-RC-4","VAT","thuế giá trị gia tăng","noun","/ˌviː.eɪˈtiː/","The price includes 20% VAT.","Giá đã bao gồm 20% thuế giá trị gia tăng."
"ETS-RC-4","transaction","giao dịch","noun","/trænˈzæk.ʃən/","The transaction was completed within minutes.","Giao dịch được hoàn tất trong vài phút."
"ETS-RC-4","tune","điều chỉnh âm thanh hoặc thiết bị","verb","/tuːn/","The mechanic will tune the engine for better performance.","Thợ máy sẽ điều chỉnh động cơ để hoạt động tốt hơn."
"ETS-RC-4","showcase","trưng bày, giới thiệu nổi bật","verb","/ˈʃoʊ.keɪs/","The exhibition will showcase the latest technology trends.","Triển lãm sẽ trưng bày những xu hướng công nghệ mới nhất."
"ETS-RC-4","pricing","chiến lược giá cả","noun","/ˈpraɪ.sɪŋ/","The company is reviewing its pricing to stay competitive.","Công ty đang xem xét lại giá cả để duy trì tính cạnh tranh."
"ETS-RC-4","detour road","đường vòng","noun","/ˈdiː.tʊr roʊd/","We had to take a detour road due to construction.","Chúng tôi phải đi đường vòng vì công trình xây dựng."
"ETS-RC-4","expedited","giao hàng nhanh","adj","/ˈek.spə.daɪ.tɪd/","We offer expedited shipping for an additional fee.","Chúng tôi cung cấp dịch vụ giao hàng nhanh với phí bổ sung."
"ETS-RC-4","due","đến hạn","adj","/duː/","The payment is due by the end of the month.","Khoản thanh toán đến hạn vào cuối tháng."
"ETS-RC-4","aesthetic","thuộc về thẩm mỹ","adj","/esˈθet̬.ɪk/","The building was designed with both functional and aesthetic considerations.","Tòa nhà được thiết kế vừa chức năng vừa thẩm mỹ."
"ETS-RC-4","irrigation","sự tưới tiêu cho đất hoặc cây trồng","noun","/ˌɪr.əˈɡeɪ.ʃən/","The farm depends on an irrigation system for crops.","Trang trại phụ thuộc vào hệ thống tưới tiêu cho cây trồng."
"ETS-RC-4","considerable","đáng kể","adj","/kənˈsɪd.ɚ.ə.bəl/","The project required a considerable amount of time and resources.","Dự án đòi hỏi lượng thời gian và nguồn lực đáng kể."
"ETS-RC-4","RSVP","xin vui lòng hồi đáp","verb","/ˌɑːr.es.viːˈpiː/","Please RSVP by Friday if you plan to attend the event.","Vui lòng hồi đáp trước thứ Sáu nếu bạn định tham dự sự kiện."
"ETS-RC-4","commemorative","dùng để kỷ niệm","adj","/kəˈmem.ə.reɪ.t̬ɪv/","The museum issued a commemorative coin for its anniversary.","Bảo tàng phát hành đồng xu kỷ niệm cho ngày thành lập."
"ETS-RC-4","plaque","tấm bảng tưởng niệm","noun","/plæk/","A bronze plaque was placed at the site of the historic event.","Một tấm bảng đồng được đặt tại địa điểm sự kiện lịch sử."
"ETS-RC-4","lag time","thời gian trễ giữa hai sự kiện","noun","/læɡ taɪm/","There is a lag time between placing the order and receiving it.","Có một khoảng trễ giữa lúc đặt hàng và nhận hàng."
"ETS-RC-4","janitorial service","dịch vụ vệ sinh","noun","/ˌdʒæn.əˈtɔːr.i.əl ˈsɝː.vɪs/","The company hired a janitorial service to clean the office daily.","Công ty thuê dịch vụ vệ sinh để dọn văn phòng hàng ngày."
"ETS-RC-4","custodial","liên quan đến trông coi, bảo quản","adj","/kʌˈstoʊ.di.əl/","He has custodial duties in the museum.","Anh ấy có nhiệm vụ trông coi trong bảo tàng."
"ETS-RC-4","at hand","ngay gần, sẵn sàng sử dụng","adj","/ət hænd/","Keep your notes at hand during the meeting.","Giữ ghi chú của bạn trong tầm tay khi họp."
"ETS-RC-4","stationery","văn phòng phẩm","noun","/ˈsteɪ.ʃə.ner.i/","The office ordered new stationery for all employees.","Văn phòng đã đặt mua văn phòng phẩm mới cho tất cả nhân viên."
"ETS-RC-4","detective","thám tử","noun","/dɪˈtek.tɪv/","The detective is working on a high-profile case.","Thám tử đang điều tra một vụ án nổi tiếng."
"ETS-RC-4","to date","cho đến nay","adv","/tə deɪt/","To date, no decision has been made regarding the project.","Cho đến nay, chưa có quyết định nào được đưa ra về dự án."
"ETS-RC-4","captivate","làm say mê, thu hút mạnh mẽ","verb","/ˈkæp.tə.veɪt/","The speaker captivated the audience with her inspiring story.","Người diễn thuyết đã làm say mê khán giả với câu chuyện truyền cảm hứng của mình."
"ETS-RC-4","suspense","cảm giác hồi hộp chờ đợi điều gì đó xảy ra","noun","/səˈspens/","The suspense in the movie kept the audience glued to their seats.","Sự hồi hộp trong bộ phim khiến khán giả dán mắt vào ghế."
"ETS-RC-4","county","hạt, đơn vị hành chính địa phương","noun","/ˈkaʊn.t̬i/","He works for the county government.","Anh ấy làm việc cho chính quyền hạt."
"ETS-RC-4","grapefruit","quả bưởi hoặc bưởi chùm","noun","/ˈɡreɪp.fruːt/","Grapefruit is a good source of vitamin C.","Bưởi là nguồn cung cấp vitamin C tốt."
"ETS-RC-4","chamber of commerce","phòng thương mại","noun","/ˌtʃeɪm.bɚ əv ˈkɑː.mɝːs/","The local chamber of commerce is hosting a networking event.","Phòng thương mại địa phương đang tổ chức một sự kiện kết nối."
"ETS-RC-4","agritourism","du lịch nông nghiệp","noun","/ˈæɡ.rɪˌtʊr.ɪ.zəm/","Agritourism allows visitors to experience life on a farm.","Du lịch nông nghiệp cho phép du khách trải nghiệm cuộc sống ở trang trại."
"ETS-RC-4","lodging","chỗ ở tạm thời","noun","/ˈlɑː.dʒɪŋ/","The package includes meals and lodging.","Gói dịch vụ bao gồm bữa ăn và chỗ ở."
"ETS-RC-4","cordially","một cách thân mật, lịch sự","adverb","/ˈkɔːr.dʒə.li/","You are cordially invited to attend the opening ceremony.","Bạn được trân trọng mời tham dự lễ khai mạc."
"ETS-RC-4","keen","hăng hái, mong muốn mạnh mẽ","adj","/kiːn/","She is keen to start her new job.","Cô ấy rất háo hức bắt đầu công việc mới."
"ETS-RC-4","pending","đang chờ xử lý","adj","/ˈpen.dɪŋ/","Your application is pending approval.","Đơn của bạn đang chờ phê duyệt."
"ETS-RC-4","Bachelor of Arts","bằng cử nhân văn chương hoặc khoa học xã hội","noun","/ˌbætʃ.əl.ɚ əv ˈɑːrts/","She earned a Bachelor of Arts in psychology.","Cô ấy đã nhận bằng Cử nhân Văn chương ngành tâm lý học."
"ETS-RC-4","cosmetology","ngành thẩm mỹ","noun","/ˌkɑːz.məˈtɑː.lə.dʒi/","She is studying cosmetology at a beauty school.","Cô ấy đang học ngành thẩm mỹ tại một trường dạy làm đẹp."
"ETS-RC-4","outside the city limits","ngoài ranh giới thành phố","adv","/ˌaʊtˈsaɪd ðə ˈsɪt̬.i ˌlɪm.ɪts/","They bought a house outside the city limits to enjoy more space.","Họ mua một ngôi nhà ngoài ranh giới thành phố để có nhiều không gian hơn."
"ETS-RC-5","approve","chấp thuận, đồng ý","verb","/əˈpruːv/","The board will approve the budget at the next meeting.","Ban giám đốc sẽ phê duyệt ngân sách tại cuộc họp tới."
"ETS-RC-5","reach","đạt được hoặc đến nơi nào đó","verb","/riːtʃ/","We hope to reach an agreement by the end of the week.","Chúng tôi hy vọng đạt được thỏa thuận vào cuối tuần."
"ETS-RC-5","corporate","thuộc về doanh nghiệp","adj","/ˈkɔːr.pɚ.ət/","The company is implementing new corporate policies.","Công ty đang thực hiện các chính sách doanh nghiệp mới."
"ETS-RC-5","innovative","mang tính đổi mới, sáng tạo","adj","/ˈɪn.ə.veɪ.tɪv/","The company is known for its innovative products.","Công ty nổi tiếng với các sản phẩm sáng tạo."
"ETS-RC-5","closure","sự đóng cửa hoặc kết thúc","noun","/ˈkloʊ.ʒɚ/","The store announced its permanent closure next month.","Cửa hàng thông báo sẽ đóng cửa vĩnh viễn vào tháng tới."
"ETS-RC-5","method","phương pháp hoặc cách thức","noun","/ˈmeθ.əd/","We need a more efficient method for data analysis.","Chúng ta cần một phương pháp hiệu quả hơn để phân tích dữ liệu."
"ETS-RC-5","final","cuối cùng","adj","/ˈfaɪ.nəl/","The final report will be submitted tomorrow.","Báo cáo cuối cùng sẽ được nộp vào ngày mai."
"ETS-RC-5","circumstance","hoàn cảnh, tình huống","noun","/ˈsɝː.kəm.stæns/","Under no circumstance should you share your password.","Trong bất kỳ hoàn cảnh nào, bạn cũng không nên chia sẻ mật khẩu."
"ETS-RC-5","sale","việc bán hàng hoặc giảm giá","noun","/seɪl/","The store is having a clearance sale this weekend.","Cửa hàng đang có đợt xả hàng giảm giá cuối tuần này."
"ETS-RC-5","further","thêm, xa hơn, mức độ cao hơn","adj","/ˈfɝː.ðɚ/","Further information will be provided upon request.","Thông tin thêm sẽ được cung cấp khi có yêu cầu."
"ETS-RC-5","previous","trước, đã xảy ra trước đây","adj","/ˈpriː.vi.əs/","I met her during my previous visit to the city.","Tôi đã gặp cô ấy trong lần thăm thành phố trước đây."
"ETS-RC-5","average","trung bình","adj","/ˈæv.ɚ.ɪdʒ/","The average temperature this month is higher than usual.","Nhiệt độ trung bình tháng này cao hơn bình thường."
"ETS-RC-5","response","câu trả lời hoặc phản ứng","noun","/rɪˈspɑːns/","We are still waiting for a response from the client.","Chúng tôi vẫn đang chờ phản hồi từ khách hàng."
"ETS-RC-5","required","bắt buộc","adj","/rɪˈkwaɪɚd/","All required documents must be submitted by Friday.","Tất cả các tài liệu bắt buộc phải được nộp trước thứ Sáu."
"ETS-RC-5","outreach","hoạt động tiếp cận cộng đồng","noun","/ˈaʊt.riːtʃ/","The outreach program aims to help underprivileged children.","Chương trình tiếp cận nhằm giúp đỡ trẻ em có hoàn cảnh khó khăn."
"ETS-RC-5","have yet to","vẫn chưa làm gì đó","verb","/hæv jet tuː/","We have yet to receive confirmation of your booking.","Chúng tôi vẫn chưa nhận được xác nhận đặt chỗ của bạn."
"ETS-RC-5","considerable","đáng kể","adj","/kənˈsɪd.ɚ.ə.bəl/","The project required a considerable investment of time.","Dự án đòi hỏi khoản đầu tư thời gian đáng kể."
"ETS-RC-5","considerate","chu đáo, quan tâm đến người khác","adj","/kənˈsɪd.ɚ.ət/","It was very considerate of you to bring flowers.","Bạn thật chu đáo khi mang hoa đến."
"ETS-RC-5","equally","một cách ngang nhau","adverb","/ˈiː.kwə.li/","The prize money will be equally divided among the winners.","Tiền thưởng sẽ được chia đều cho những người chiến thắng."
"ETS-RC-5","permanently","một cách vĩnh viễn","adverb","/ˈpɝː.mə.nənt.li/","The store closed permanently last year.","Cửa hàng đã đóng cửa vĩnh viễn vào năm ngoái."
"ETS-RC-5","promptly","một cách nhanh chóng hoặc đúng giờ","adverb","/ˈprɑːmpt.li/","Please reply promptly to avoid delays.","Vui lòng trả lời nhanh chóng để tránh trì hoãn."
"ETS-RC-5","gradually","dần dần","adverb","/ˈɡrædʒ.u.ə.li/","The company is gradually expanding into new markets.","Công ty đang dần mở rộng sang các thị trường mới."
"ETS-RC-5","suitable","phù hợp","adj","/ˈsuː.t̬ə.bəl/","This movie is not suitable for children under 12.","Bộ phim này không phù hợp cho trẻ em dưới 12 tuổi."
"ETS-RC-5","acquisition","sự mua lại hoặc tiếp nhận","noun","/ˌæk.wəˈzɪʃ.ən/","The company completed the acquisition of its competitor.","Công ty đã hoàn tất việc mua lại đối thủ cạnh tranh."
"ETS-RC-5","offering","sản phẩm hoặc dịch vụ được cung cấp","noun","/ˈɑː.fɚ.ɪŋ/","The company’s latest offering is a smart home device.","Sản phẩm mới nhất của công ty là một thiết bị nhà thông minh."
"ETS-RC-5","differ","khác nhau","verb","/ˈdɪf.ɚ/","Opinions differ on the best solution to the problem.","Ý kiến khác nhau về giải pháp tốt nhất cho vấn đề."
"ETS-RC-5","contain","chứa đựng, bao gồm","verb","/kənˈteɪn/","This box contains all the materials you need.","Chiếc hộp này chứa tất cả các tài liệu bạn cần."
"ETS-RC-5","satisfied","hài lòng, thỏa mãn","adj","/ˈsæt̬.ɪs.faɪd/","Customers were satisfied with the service they received.","Khách hàng hài lòng với dịch vụ mà họ nhận được."
"ETS-RC-5","adjusted","được điều chỉnh cho phù hợp","adj","/əˈdʒʌs.tɪd/","The adjusted schedule will be sent to all employees.","Lịch trình đã điều chỉnh sẽ được gửi đến tất cả nhân viên."
"ETS-RC-5","section","phần, bộ phận","noun","/ˈsek.ʃən/","Please read the first section of the report.","Vui lòng đọc phần đầu tiên của báo cáo."
"ETS-RC-5","deals","các thỏa thuận, giao dịch, ưu đãi","noun","/diːlz/","The company is offering special holiday deals.","Công ty đang cung cấp các ưu đãi đặc biệt cho kỳ nghỉ."
"ETS-RC-5","customs","hải quan","noun","/ˈkʌs.təmz/","You must declare these goods at customs.","Bạn phải khai báo những hàng hóa này tại hải quan."
"ETS-RC-5","pre-owned","đã qua sử dụng","adj","/ˌpriːˈoʊnd/","The dealership sells both new and pre-owned cars.","Đại lý bán cả xe mới và xe đã qua sử dụng."
"ETS-RC-5","nearly","gần như","adverb","/ˈnɪr.li/","The project is nearly finished.","Dự án gần như đã hoàn thành."
"ETS-RC-5","factor","yếu tố","noun","/ˈfæk.tɚ/","Cost is an important factor in the decision.","Chi phí là một yếu tố quan trọng trong quyết định."
"ETS-RC-5","predict","dự đoán","verb","/prɪˈdɪkt/","Experts predict a rise in fuel prices.","Các chuyên gia dự đoán giá nhiên liệu sẽ tăng."
"ETS-RC-5","retain","giữ lại, duy trì","verb","/rɪˈteɪn/","The company aims to retain skilled employees.","Công ty muốn giữ lại những nhân viên có tay nghề."
"ETS-RC-5","prefabricated","lắp ghép sẵn","adj","/ˌpriːˈfæb.rɪ.keɪ.tɪd/","They live in a prefabricated house.","Họ sống trong một ngôi nhà lắp ghép sẵn."
"ETS-RC-5","familiarize oneself with","làm quen với","verb","/fəˈmɪl.jə.raɪz wɪð/","Employees should familiarize themselves with the safety procedures.","Nhân viên nên làm quen với các quy trình an toàn."
"ETS-RC-5","procedure","quy trình hoặc thủ tục","noun","/prəˈsiː.dʒɚ/","The procedure for applying for a visa is straightforward.","Thủ tục xin visa rất đơn giản."
"ETS-RC-5","deposit","khoản tiền đặt cọc hoặc gửi ngân hàng","noun","/dɪˈpɑː.zɪt/","A deposit is required to secure your booking.","Cần một khoản đặt cọc để giữ chỗ của bạn."
"ETS-RC-5","lack","sự thiếu hụt","noun","/læk/","The project was delayed due to a lack of resources.","Dự án bị trì hoãn do thiếu nguồn lực."
"ETS-RC-5","political","liên quan đến chính trị","adj","/pəˈlɪt̬.ɪ.kəl/","The country is facing a major political crisis.","Đất nước đang đối mặt với một cuộc khủng hoảng chính trị lớn."
"ETS-RC-5","term","nhiệm kỳ hoặc thuật ngữ","noun","/tɝːm/","He was elected for a four-year term as president.","Ông ấy được bầu làm chủ tịch với nhiệm kỳ bốn năm."
"ETS-RC-5","acquire","mua hoặc đạt được thứ gì đó","verb","/əˈkwaɪɚ/","The company plans to acquire a smaller competitor.","Công ty dự định mua lại một đối thủ nhỏ hơn."
"ETS-RC-5","meet one’s demand","đáp ứng nhu cầu của ai đó","verb","/miːt wʌnz dɪˈmænd/","We work hard to meet our customers’ demands.","Chúng tôi làm việc chăm chỉ để đáp ứng nhu cầu của khách hàng."
"ETS-RC-5","generously","một cách hào phóng","adverb","/ˈdʒen.ɚ.əs.li/","She generously donated to the charity.","Cô ấy đã hào phóng quyên góp cho tổ chức từ thiện."
"ETS-RC-5","including","bao gồm","preposition","/ɪnˈkluː.dɪŋ/","The price includes tax and service charges.","Giá bao gồm thuế và phí dịch vụ."
"ETS-RC-5","soothing","làm dịu, dễ chịu","adj","/ˈsuː.ðɪŋ/","The spa offers soothing music and aromas.","Spa cung cấp âm nhạc và hương thơm dễ chịu."
"ETS-RC-5","debate","cuộc tranh luận","noun","/dɪˈbeɪt/","There will be a debate on climate policy tomorrow.","Sẽ có một cuộc tranh luận về chính sách khí hậu vào ngày mai."
"ETS-RC-5","closely","sát sao","adverb","/ˈkloʊs.li/","The manager closely monitors the team’s performance.","Quản lý theo dõi sát sao hiệu suất của nhóm."
"ETS-RC-5","tend to","có xu hướng","verb","/tend tuː/","People tend to shop more during holiday seasons.","Mọi người có xu hướng mua sắm nhiều hơn vào dịp lễ."
"ETS-RC-5","proper","đúng đắn, phù hợp","adj","/ˈprɑː.pɚ/","Please wear proper attire for the meeting.","Vui lòng mặc trang phục phù hợp cho cuộc họp."
"ETS-RC-5","under construction","đang xây dựng","adj","/ˈʌn.dɚ kənˈstrʌk.ʃən/","The new bridge is currently under construction.","Cây cầu mới hiện đang được xây dựng."
"ETS-RC-5","appointment","cuộc hẹn hoặc sự bổ nhiệm","noun","/əˈpɔɪnt.mənt/","I have a dental appointment this afternoon.","Tôi có cuộc hẹn nha khoa vào chiều nay."
"ETS-RC-5","manufacturing","quá trình sản xuất hàng hóa","noun","/ˌmæn.jəˈfæk.tʃɚ.ɪŋ/","The company specializes in car manufacturing.","Công ty chuyên sản xuất ô tô."
"ETS-RC-5","if not","nếu không","conjunction","/ɪf nɑːt/","You should call ahead, if not, you may have to wait.","Bạn nên gọi trước, nếu không, bạn có thể phải chờ."
"ETS-RC-5","competitor","đối thủ cạnh tranh","noun","/kəmˈpet̬.ə.t̬ɚ/","Our main competitor just launched a new product.","Đối thủ chính của chúng ta vừa ra mắt sản phẩm mới."
"ETS-RC-5","clockwise","theo chiều kim đồng hồ","adverb","/ˈklɑːk.waɪz/","Turn the screw clockwise to tighten it.","Vặn ốc theo chiều kim đồng hồ để siết chặt."
"ETS-RC-5","fit","vừa vặn, phù hợp","verb","/fɪt/","This shirt doesn’t fit me well.","Chiếc áo này không vừa với tôi."
"ETS-RC-5","clog","làm tắc nghẽn","verb","/klɑːɡ/","Leaves can clog the drain if not removed.","Lá có thể làm tắc cống nếu không được dọn."
"ETS-RC-5","consider","xem xét, cân nhắc","verb","/kənˈsɪd.ɚ/","We need to consider all options before making a decision.","Chúng ta cần xem xét mọi lựa chọn trước khi đưa ra quyết định."
"ETS-RC-5","run","quản lý, điều hành hoặc chạy","verb","/rʌn/","She runs her own business successfully.","Cô ấy điều hành doanh nghiệp của riêng mình thành công."
"ETS-RC-5","tightly","một cách chặt chẽ","adverb","/ˈtaɪt.li/","The lid is screwed on tightly.","Nắp được vặn chặt."
"ETS-RC-5","diminish","giảm bớt, làm suy giảm","verb","/dɪˈmɪn.ɪʃ/","The company's profits have diminished over the past year.","Lợi nhuận của công ty đã giảm trong năm qua."
"ETS-RC-5","outstanding","nổi bật hoặc chưa thanh toán","adj","/ˌaʊtˈstæn.dɪŋ/","She received an award for outstanding performance.","Cô ấy nhận được giải thưởng cho thành tích nổi bật."
"ETS-RC-5","guarantee","sự bảo đảm, bảo hành","noun","/ˌɡer.ənˈtiː/","The product comes with a one-year guarantee.","Sản phẩm đi kèm bảo hành một năm."
"ETS-RC-5","postage","cước phí bưu điện","noun","/ˈpoʊ.stɪdʒ/","The postage for this package is $5.","Cước phí bưu điện cho gói hàng này là 5 đô la."
"ETS-RC-5","appliance","thiết bị gia dụng","noun","/əˈplaɪ.əns/","The store sells kitchen appliances at a discount.","Cửa hàng bán thiết bị nhà bếp giảm giá."
"ETS-RC-5","plus tax","cộng thuế","phrase","/plʌs tæks/","The total price is $50 plus tax.","Tổng giá là 50 đô la cộng thêm thuế."
"ETS-RC-5","labour cost","chi phí lao động","noun","/ˈleɪ.bɚ kɑːst/","Labour costs have increased significantly this year.","Chi phí lao động đã tăng đáng kể trong năm nay."
"ETS-RC-5","established","lâu đời, đã được thành lập","adj","/ɪˈstæb.lɪʃt/","They are an established company with over 50 years in business.","Họ là một công ty lâu đời với hơn 50 năm kinh doanh."
"ETS-RC-5","virtual","ảo hoặc trực tuyến","adj","/ˈvɝː.tʃu.əl/","The company held a virtual meeting with all employees.","Công ty tổ chức cuộc họp trực tuyến với tất cả nhân viên."
"ETS-RC-5","supplement","phần bổ sung","noun","/ˈsʌp.lə.mənt/","The book includes a supplement with additional exercises.","Cuốn sách có phần bổ sung các bài tập thêm."
"ETS-RC-5","go into effect","có hiệu lực","verb","/ɡoʊ ˈɪn.tuː ɪˈfekt/","The new policy will go into effect next month.","Chính sách mới sẽ có hiệu lực vào tháng tới."
"ETS-RC-5","restrictive","hạn chế, giới hạn","adj","/rɪˈstrɪk.tɪv/","The company has restrictive policies on internet use.","Công ty có các chính sách hạn chế việc sử dụng internet."
"ETS-RC-5","reimburse","hoàn tiền hoặc bồi hoàn chi phí","verb","/ˌriː.ɪmˈbɝːs/","The company will reimburse travel expenses for the conference.","Công ty sẽ hoàn lại chi phí đi lại cho hội nghị."
"ETS-RC-5","diverse","đa dạng","adj","/daɪˈvɝːs/","The city is known for its diverse culture.","Thành phố nổi tiếng với nền văn hóa đa dạng."
"ETS-RC-5","address","giải quyết hoặc đề cập","verb","/əˈdres/","The manager addressed the concerns raised by the staff.","Quản lý đã giải quyết các vấn đề nhân viên nêu ra."
"ETS-RC-5","jointly","cùng nhau hoặc chung","adverb","/ˈdʒɔɪnt.li/","The two companies jointly developed the new software.","Hai công ty cùng nhau phát triển phần mềm mới."
"ETS-RC-6","routinely","thường xuyên","adverb","/ruːˈtiːn.li/","The equipment is routinely checked for safety.","Thiết bị được kiểm tra thường xuyên để đảm bảo an toàn."
"ETS-RC-6","openly","một cách công khai","adverb","/ˈoʊ.pən.li/","She spoke openly about the challenges she faced.","Cô ấy nói công khai về những khó khăn mình gặp phải."
"ETS-RC-6","functional","hoạt động tốt, có chức năng","adj","/ˈfʌŋk.ʃən.əl/","The new software is fully functional.","Phần mềm mới hoạt động hoàn chỉnh."
"ETS-RC-6","commercial","thuộc về thương mại","adj","/kəˈmɝː.ʃəl/","The building is used for commercial purposes.","Tòa nhà được sử dụng cho mục đích thương mại."
"ETS-RC-6","publication","sự xuất bản hoặc ấn phẩm","noun","/ˌpʌb.ləˈkeɪ.ʃən/","The latest publication will be available next month.","Ấn phẩm mới nhất sẽ có vào tháng tới."
"ETS-RC-6","search committee","hội đồng tuyển chọn","noun","/sɝːtʃ kəˈmɪt̬.i/","The search committee is reviewing all applications.","Hội đồng tuyển chọn đang xem xét tất cả hồ sơ."
"ETS-RC-6","candidate","ứng viên","noun","/ˈkæn.dɪ.dət/","Each candidate must submit a resume and cover letter.","Mỗi ứng viên phải nộp sơ yếu lý lịch và thư xin việc."
"ETS-RC-6","nominate","đề cử hoặc bổ nhiệm","verb","/ˈnɑː.mə.neɪt/","The board will nominate a new chairperson.","Ban giám đốc sẽ đề cử một chủ tịch mới."
"ETS-RC-6","guarantee","sự bảo đảm, bảo hành","noun","/ˌɡer.ənˈtiː/","The contract includes a money-back guarantee.","Hợp đồng bao gồm bảo đảm hoàn tiền."
"ETS-RC-6","neutral","trung lập, không thiên vị","adj","/ˈnuː.trəl/","The mediator remained neutral throughout the discussion.","Người hòa giải giữ thái độ trung lập suốt cuộc thảo luận."
"ETS-RC-6","room","không gian hoặc cơ hội","noun","/ruːm/","There is room for improvement in our process.","Có chỗ để cải thiện trong quy trình của chúng ta."
"ETS-RC-6","attendee","người tham dự","noun","/ə.tenˈdiː/","Each attendee will receive a copy of the agenda.","Mỗi người tham dự sẽ nhận một bản sao chương trình."
"ETS-RC-6","rear","phía sau","noun","/rɪr/","The parking lot is located at the rear of the building.","Bãi đỗ xe nằm ở phía sau tòa nhà."
"ETS-RC-6","adopt","chấp nhận hoặc áp dụng","verb","/əˈdɑːpt/","The company decided to adopt a new marketing strategy.","Công ty quyết định áp dụng một chiến lược tiếp thị mới."
"ETS-RC-6","reinforce","củng cố, tăng cường","verb","/ˌriː.ɪnˈfɔːrs/","The manager reinforced the importance of punctuality.","Quản lý nhấn mạnh tầm quan trọng của việc đúng giờ."
"ETS-RC-6","warehouse","nhà kho","noun","/ˈwer.haʊs/","The goods are stored in a warehouse before shipment.","Hàng hóa được lưu trữ trong nhà kho trước khi vận chuyển."
"ETS-RC-6","treasurer","thủ quỹ, người quản lý tài chính","noun","/ˈtreʒ.ər.ɚ/","The treasurer presented the annual financial report.","Thủ quỹ đã trình bày báo cáo tài chính hàng năm."
"ETS-RC-6","resign","từ chức","verb","/rɪˈzaɪn/","He decided to resign from his position as manager.","Anh ấy quyết định từ chức khỏi vị trí quản lý."
"ETS-RC-6","housing","nhà ở","noun","/ˈhaʊ.zɪŋ/","The city is working on an affordable housing project.","Thành phố đang thực hiện một dự án nhà ở giá rẻ."
"ETS-RC-6","extended","kéo dài, mở rộng","adj","/ɪkˈsten.dɪd/","The company offers extended warranties on all products.","Công ty cung cấp bảo hành mở rộng cho tất cả sản phẩm."
"ETS-RC-6","good","hàng hóa","noun","/ɡʊd/","The store offers a wide range of imported goods.","Cửa hàng cung cấp nhiều loại hàng nhập khẩu."
"ETS-RC-6","assign","giao hoặc phân công nhiệm vụ","verb","/əˈsaɪn/","The manager will assign tasks to each team member.","Quản lý sẽ phân công nhiệm vụ cho từng thành viên."
"ETS-RC-6","committee","ủy ban","noun","/kəˈmɪt̬.i/","The finance committee will review the budget proposal.","Ủy ban tài chính sẽ xem xét đề xuất ngân sách."
"ETS-RC-6","notification","thông báo","noun","/ˌnoʊ.t̬ə.fəˈkeɪ.ʃən/","You will receive a notification when your order ships.","Bạn sẽ nhận thông báo khi đơn hàng được gửi đi."
"ETS-RC-6","tenant","người thuê nhà","noun","/ˈten.ənt/","The tenant must pay rent by the first of each month.","Người thuê phải trả tiền thuê vào ngày mùng một hàng tháng."
"ETS-RC-6","a selection of","một loạt","noun","/ə səˈlek.ʃən əv/","The store offers a selection of fresh fruits and vegetables.","Cửa hàng cung cấp một loạt trái cây và rau tươi."
"ETS-RC-6","biography","tiểu sử","noun","/baɪˈɑː.ɡrə.fi/","The biography details the life of the famous scientist.","Cuốn tiểu sử kể chi tiết về cuộc đời của nhà khoa học nổi tiếng."
"ETS-RC-6","notice","thông báo hoặc sự chú ý","noun","/ˈnoʊ.t̬ɪs/","Employees must give two weeks' notice before leaving.","Nhân viên phải thông báo trước hai tuần trước khi nghỉ việc."
"ETS-RC-6","undercooked","chưa chín","adj","/ˌʌn.dɚˈkʊkt/","The chicken was undercooked and had to be returned to the kitchen.","Thịt gà chưa chín và phải được trả lại bếp."
"ETS-RC-6","allocate","phân bổ, chỉ định","verb","/ˈæl.ə.keɪt/","The company will allocate funds for staff training.","Công ty sẽ phân bổ ngân sách cho việc đào tạo nhân viên."
"ETS-RC-6","imprint","dấu ấn","noun","/ˈɪm.prɪnt/","The brand's logo left a strong imprint on customers' minds.","Logo thương hiệu để lại dấu ấn mạnh mẽ trong tâm trí khách hàng."
"ETS-RC-6","economize","tiết kiệm","verb","/ɪˈkɑː.nə.maɪz/","We need to economize on energy during the winter.","Chúng ta cần tiết kiệm năng lượng trong mùa đông."
"ETS-RC-6","rationalize","hợp lý hóa","verb","/ˈræʃ.ə.nəl.aɪz/","The company is trying to rationalize its production process.","Công ty đang cố gắng hợp lý hóa quy trình sản xuất."
"ETS-RC-6","tailor","điều chỉnh cho phù hợp","verb","/ˈteɪ.lɚ/","We tailor our services to meet individual customer needs.","Chúng tôi điều chỉnh dịch vụ để đáp ứng nhu cầu từng khách hàng."
"ETS-RC-6","customized","tùy chỉnh theo yêu cầu","adj","/ˈkʌs.tə.maɪzd/","We offer customized solutions for small businesses.","Chúng tôi cung cấp giải pháp tùy chỉnh cho các doanh nghiệp nhỏ."
"ETS-RC-6","overcome","vượt qua","verb","/ˌoʊ.vɚˈkʌm/","The team worked hard to overcome the challenges.","Nhóm đã nỗ lực làm việc để vượt qua những thách thức."
"ETS-RC-6","discourage","làm nản lòng, ngăn cản","verb","/dɪˈskɝː.ɪdʒ/","High costs may discourage small businesses from expanding.","Chi phí cao có thể ngăn cản doanh nghiệp nhỏ mở rộng."
"ETS-RC-6","identity","danh tính","noun","/aɪˈden.t̬ə.t̬i/","You need to show proof of identity to open a bank account.","Bạn cần xuất trình giấy tờ tùy thân để mở tài khoản ngân hàng."
"ETS-RC-6","carrier","hãng vận chuyển hoặc người vận chuyển","noun","/ˈker.i.ɚ/","The package will be delivered by a local carrier.","Bưu kiện sẽ được giao bởi một hãng vận chuyển địa phương."
"ETS-RC-6","refinish","làm mới bề mặt","verb","/ˌriːˈfɪn.ɪʃ/","We decided to refinish the wooden table instead of buying a new one.","Chúng tôi quyết định làm mới lại bàn gỗ thay vì mua bàn mới."
"ETS-RC-6","furnished","được trang bị nội thất","adj","/ˈfɝː.nɪʃt/","The apartment comes fully furnished with modern appliances.","Căn hộ được trang bị đầy đủ nội thất và thiết bị hiện đại."
"ETS-RC-6","subscription","đăng ký dịch vụ hoặc tạp chí","noun","/səbˈskrɪp.ʃən/","I renewed my subscription to the business magazine.","Tôi đã gia hạn đăng ký tạp chí kinh doanh."
"ETS-RC-6","timely","đúng lúc, kịp thời","adj","/ˈtaɪm.li/","The timely delivery of goods is crucial for our business.","Việc giao hàng đúng lúc rất quan trọng đối với doanh nghiệp của chúng tôi."
"ETS-RC-6","placement","sự sắp xếp, bố trí","noun","/ˈpleɪs.mənt/","The placement of the advertisements increased sales.","Việc bố trí quảng cáo đã giúp tăng doanh số."
"ETS-RC-6","reliability","độ tin cậy","noun","/rɪˌlaɪ.əˈbɪl.ə.t̬i/","The reliability of the new system has been proven in tests.","Độ tin cậy của hệ thống mới đã được chứng minh qua các bài kiểm tra."
"ETS-RC-6","in bulk","số lượng lớn","adv","/ɪn bʌlk/","The store offers discounts for items purchased in bulk.","Cửa hàng cung cấp giảm giá cho các mặt hàng mua số lượng lớn."
"ETS-RC-6","initiate","bắt đầu, khởi xướng","verb","/ɪˈnɪʃ.i.eɪt/","The manager decided to initiate a new training program.","Người quản lý quyết định khởi xướng một chương trình đào tạo mới."
"ETS-RC-6","verified","đã được xác minh","adj","/ˈver.ə.faɪd/","Only verified users can access the premium features.","Chỉ những người dùng đã xác minh mới có thể truy cập các tính năng cao cấp."
"ETS-RC-6","landlord","chủ nhà cho thuê","noun","/ˈlænd.lɔːrd/","The landlord is responsible for major repairs in the building.","Chủ nhà chịu trách nhiệm cho các sửa chữa lớn trong tòa nhà."
"ETS-RC-6","verify","xác minh, kiểm chứng","verb","/ˈver.ə.faɪ/","Please verify your email address to complete the registration.","Vui lòng xác minh địa chỉ email của bạn để hoàn tất đăng ký."
"ETS-RC-6","mock","giả lập hoặc chế nhạo","verb","/mɑːk/","The team held a mock interview to prepare for the real one.","Nhóm đã tổ chức một buổi phỏng vấn giả để chuẩn bị cho buổi thật."
"ETS-RC-6","prioritize","ưu tiên","verb","/praɪˈɔːr.ə.taɪz/","We need to prioritize urgent tasks before the meeting.","Chúng ta cần ưu tiên các nhiệm vụ khẩn cấp trước cuộc họp."
"ETS-RC-6","preserve","bảo tồn, giữ gìn","verb","/prɪˈzɝːv/","Efforts are being made to preserve the historic building.","Nỗ lực đang được thực hiện để bảo tồn tòa nhà lịch sử."
"ETS-RC-6","conserve","giữ gìn, tiết kiệm, bảo tồn","verb","/kənˈsɝːv/","We should conserve energy by turning off unused devices.","Chúng ta nên tiết kiệm năng lượng bằng cách tắt các thiết bị không sử dụng."
"ETS-RC-6","estimate","ước tính","verb","/ˈes.tə.meɪt/","The repair work is estimated to take three weeks.","Công việc sửa chữa được ước tính sẽ mất ba tuần."
"ETS-RC-6","bid","đấu thầu hoặc đặt giá","verb","/bɪd/","Several companies are bidding for the construction contract.","Nhiều công ty đang đấu thầu hợp đồng xây dựng."
"ETS-RC-6","steep","dốc hoặc giá cao","adj","/stiːp/","The hotel is on a steep hill overlooking the sea.","Khách sạn nằm trên một ngọn đồi dốc nhìn ra biển."
"ETS-RC-6","homemaker","người nội trợ","noun","/ˈhoʊmˌmeɪ.kɚ/","She chose to be a homemaker to take care of her children.","Cô chọn làm nội trợ để chăm sóc con cái."
"ETS-RC-6","archival","liên quan đến lưu trữ tài liệu","adj","/ɑːrˈkaɪ.vəl/","The library has an archival section for rare manuscripts.","Thư viện có một khu lưu trữ cho các bản thảo quý hiếm."
"ETS-RC-6","business administration","quản trị kinh doanh","noun","/ˈbɪz.nɪs ədˌmɪn.əˈstreɪ.ʃən/","He is studying business administration at the university.","Anh ấy đang học ngành quản trị kinh doanh tại trường đại học."
"ETS-RC-6","flashback","cảnh hồi tưởng","noun","/ˈflæʃ.bæk/","The movie includes a flashback to the hero’s childhood.","Bộ phim có một cảnh hồi tưởng về thời thơ ấu của nhân vật chính."
"ETS-RC-6","trade commissioner","ủy viên thương mại","noun","/treɪd kəˈmɪʃ.ən.ɚ/","The trade commissioner is negotiating new export agreements.","Ủy viên thương mại đang đàm phán các thỏa thuận xuất khẩu mới."
"ETS-RC-6","highs and lows","thăng trầm","noun","/haɪz ənd loʊz/","Every business experiences highs and lows in its growth.","Mọi doanh nghiệp đều trải qua những thăng trầm trong quá trình phát triển."
"ETS-RC-6","memoir","hồi ký","noun","/ˈmem.wɑːr/","He published a memoir about his life as a diplomat.","Ông xuất bản một cuốn hồi ký về cuộc đời làm nhà ngoại giao của mình."
"ETS-RC-6","blissful","hạnh phúc tột cùng","adj","/ˈblɪs.fəl/","They spent a blissful week relaxing on the island.","Họ đã có một tuần hạnh phúc trên đảo để nghỉ ngơi."
"ETS-RC-6","stable","ổn định, không thay đổi đột ngột","adj","/ˈsteɪ.bəl/","The company’s financial position has remained stable for years.","Tình hình tài chính của công ty vẫn ổn định trong nhiều năm."
"ETS-RC-6","grazing","sự chăn thả gia súc ăn cỏ","noun","/ˈɡreɪ.zɪŋ/","The land is used for cattle grazing.","Mảnh đất được dùng để chăn thả gia súc."
"ETS-RC-6","pasture","đồng cỏ chăn nuôi","noun","/ˈpæs.tʃɚ/","The farm has large areas of pasture for the cattle.","Trang trại có những khu đồng cỏ rộng cho gia súc."
"ETS-RC-6","equine","liên quan đến ngựa","adj","/ˈiː.kwaɪn/","The farm specializes in equine care and training.","Trang trại chuyên về chăm sóc và huấn luyện ngựa."
"ETS-RC-6","veterinarian","bác sĩ thú y","noun","/ˌvet.ər.ɪˈner.i.ən/","The veterinarian examined the horse for any signs of illness.","Bác sĩ thú y kiểm tra con ngựa để tìm dấu hiệu bệnh."
"ETS-RC-6","on call","trực sẵn sàng làm việc khi cần","adj","/ˌɑːn ˈkɑːl/","The doctor is on call this weekend for emergencies.","Bác sĩ trực cuối tuần này cho các trường hợp khẩn cấp."
"ETS-RC-6","seedling","cây con mới mọc từ hạt","noun","/ˈsiːd.lɪŋ/","The gardener planted the seedlings in neat rows.","Người làm vườn trồng các cây con thành hàng gọn gàng."
"ETS-RC-6","verification","sự xác minh","noun","/ˌver.ə.fəˈkeɪ.ʃən/","The verification process ensures the accuracy of the report.","Quy trình xác minh đảm bảo tính chính xác của báo cáo."
"ETS-RC-6","incur","gánh chịu, mắc phải (chi phí, khoản nợ, hậu quả)","verb","/ɪnˈkɜːr/","Failure to comply may incur penalties.","Không tuân thủ có thể bị phạt."
"ETS-RC-6","solid","vững chắc, ổn định","adj","/ˈsɒl.ɪd/","He has a solid background in engineering.","Anh ấy có nền tảng vững chắc trong ngành kỹ thuật."
"ETS-RC-6","luthier","người làm hoặc sửa đàn dây","noun","/ˈluː.ti.ər/","A skilled luthier can repair even severely damaged violins.","Một thợ làm đàn lành nghề có thể sửa chữa cả những cây violin hư hỏng nặng."
"ETS-RC-6","scuff","làm trầy, xước nhẹ bề mặt","verb/noun","/skʌf/","He accidentally scuffed his new shoes on the pavement.","Anh ấy vô tình làm trầy đôi giày mới trên vỉa hè."
"ETS-RC-6","dent","vết lõm, làm lõm","noun/verb","/dent/","The car door was dented in the parking lot.","Cửa xe bị móp khi đỗ ở bãi xe."
"ETS-RC-6","floor model","hàng trưng bày trong cửa hàng","noun","/flɔːr ˈmɒd.əl/","We bought the sofa at a discount because it was a floor model.","Chúng tôi mua chiếc ghế sofa giảm giá vì nó là hàng trưng bày."
"ETS-RC-6","reject","từ chối, bác bỏ","verb","/rɪˈdʒekt/","The committee decided to reject the proposal.","Ủy ban quyết định bác bỏ đề xuất."
"ETS-RC-7","at all times","luôn luôn, mọi lúc","adverb","/ət ɔːl taɪmz/","Employees must wear their identification badges at all times while on the premises.","Nhân viên phải đeo thẻ nhận dạng của mình mọi lúc khi ở trong khuôn viên."
"ETS-RC-7","responsible for","chịu trách nhiệm về","preposition","/rɪˈspɑːnsəbl fɔːr/","The manager is responsible for overseeing the daily operations of the store.","Người quản lý chịu trách nhiệm giám sát hoạt động hàng ngày của cửa hàng."
"ETS-RC-7","physician","bác sĩ điều trị","noun","/fɪˈzɪʃn/","Patients must consult a licensed physician before starting any new medication.","Bệnh nhân phải tham khảo ý kiến bác sĩ được cấp phép trước khi bắt đầu bất kỳ loại thuốc mới nào."
"ETS-RC-7","improvement","sự cải thiện, tiến bộ","noun","/ɪmˈpruːvmənt/","There has been a noticeable improvement in customer satisfaction since the new policy was introduced.","Đã có sự cải thiện rõ rệt trong sự hài lòng của khách hàng kể từ khi chính sách mới được áp dụng."
"ETS-RC-7","expert","chuyên gia","noun","/ˈekspɜːrt/","The company hired an IT expert to improve its cybersecurity systems.","Công ty đã thuê một chuyên gia CNTT để cải thiện hệ thống an ninh mạng của mình."
"ETS-RC-7","accept","chấp nhận","verb","/əkˈsept/","The hotel will accept all major credit cards for payment.","Khách sạn sẽ chấp nhận tất cả các loại thẻ tín dụng chính để thanh toán."
"ETS-RC-7","place","đặt, sắp xếp","verb","/pleɪs/","Customers can place orders online through our website.","Khách hàng có thể đặt hàng trực tuyến qua trang web của chúng tôi."
"ETS-RC-7","figure","con số, số liệu","noun","/ˈfɪɡjər/","The sales figure for this quarter exceeded expectations.","Số liệu bán hàng quý này đã vượt quá mong đợi."
"ETS-RC-7","quarterly","hàng quý","adverb","/ˈkwɔːrtərli/","The financial statements are reviewed quarterly by the board of directors.","Báo cáo tài chính được xem xét hàng quý bởi ban giám đốc."
"ETS-RC-7","brighten","làm sáng, làm tươi sáng","verb","/ˈbraɪtn/","Fresh flowers can brighten the appearance of any room.","Hoa tươi có thể làm sáng bừng không gian của bất kỳ căn phòng nào."
"ETS-RC-7","impose","áp đặt","verb","/ɪmˈpoʊz/","The government plans to impose stricter regulations on waste disposal.","Chính phủ dự định áp đặt các quy định nghiêm ngặt hơn về xử lý chất thải."
"ETS-RC-7","room temperature","nhiệt độ phòng","noun","/ruːm ˈtemprətʃər/","This medication should be stored at room temperature, away from direct sunlight.","Thuốc này nên được bảo quản ở nhiệt độ phòng, tránh ánh nắng trực tiếp."
"ETS-RC-7","remotely","từ xa","adverb","/rɪˈmoʊtli/","All customer support staff can work remotely during the renovation period.","Toàn bộ nhân viên hỗ trợ khách hàng có thể làm việc từ xa trong thời gian cải tạo."
"ETS-RC-7","aside from","ngoài ra, ngoại trừ","preposition","/əˈsaɪd frəm/","Aside from minor delays, the construction project is progressing well.","Ngoại trừ một vài sự chậm trễ nhỏ, dự án xây dựng đang tiến triển tốt."
"ETS-RC-7","sharply","mạnh mẽ, rõ rệt, đột ngột","adverb","/ˈʃɑːrpli/","Fuel prices have risen sharply over the past month.","Giá nhiên liệu đã tăng mạnh trong tháng qua."
"ETS-RC-7","voluntarily","một cách tự nguyện","adverb","/ˌvɑːlənˈterəli/","Employees may voluntarily participate in the charity event.","Nhân viên có thể tự nguyện tham gia sự kiện từ thiện."
"ETS-RC-7","extensive","rộng rãi, bao quát","adj","/ɪkˈstensɪv/","The company conducted an extensive review of its safety procedures.","Công ty đã tiến hành một cuộc rà soát toàn diện các quy trình an toàn."
"ETS-RC-7","accurate","chính xác","adj","/ˈækjərət/","The data in this report is accurate and up to date.","Dữ liệu trong báo cáo này là chính xác và được cập nhật."
"ETS-RC-7","intersection","ngã tư, giao lộ","noun","/ˌɪntərˈsekʃn/","The traffic lights at the intersection will be replaced next month.","Đèn giao thông tại ngã tư sẽ được thay thế vào tháng tới."
"ETS-RC-7","pedestrian","người đi bộ","noun","/pəˈdestriən/","The city built a pedestrian bridge to improve safety across the highway.","Thành phố xây dựng một cầu đi bộ để cải thiện an toàn qua đường cao tốc."
"ETS-RC-7","refrain from","kiềm chế, tránh làm điều gì","verb","/rɪˈfreɪn frəm/","Please refrain from using your mobile phone during the meeting.","Vui lòng tránh sử dụng điện thoại di động trong cuộc họp."
"ETS-RC-7","retreat","rút lui","verb","/rɪˈtriːt/","The hikers had to retreat due to bad weather.","Những người đi bộ đường dài phải rút lui do thời tiết xấu."
"ETS-RC-7","hesitate","do dự, ngập ngừng","verb","/ˈhezɪteɪt/","If you need any help, don’t hesitate to ask.","Nếu bạn cần giúp đỡ, đừng ngần ngại hỏi."
"ETS-RC-7","related to","liên quan đến","preposition","/rɪˈleɪtɪd tuː/","All documents related to the case must be submitted by Friday.","Tất cả các tài liệu liên quan đến vụ án phải được nộp trước thứ Sáu."
"ETS-RC-7","initiative","sáng kiến, khả năng chủ động bắt đầu việc gì đó","noun","/ɪˈnɪʃətɪv/","The manager praised her for taking the initiative to improve customer service.","Quản lý khen ngợi cô vì đã chủ động cải thiện dịch vụ khách hàng."
"ETS-RC-7","initiate","bắt đầu, khởi xướng","verb","/ɪˈnɪʃieɪt/","The HR department will initiate a new training program for all staff.","Phòng nhân sự sẽ khởi động một chương trình đào tạo mới cho toàn bộ nhân viên."
"ETS-RC-7","application","đơn xin, đơn đăng ký hoặc sự áp dụng","noun","/ˌæplɪˈkeɪʃən/","All job applications must be submitted before the deadline.","Tất cả đơn xin việc phải được nộp trước hạn chót."
"ETS-RC-7","or else","nếu không thì","adverb","/ɔːr ɛls/","You have to submit the report by 5 p.m., or else you will miss the deadline.","Bạn phải nộp báo cáo trước 5 giờ chiều, nếu không bạn sẽ lỡ hạn."
"ETS-RC-7","in recognition of","để ghi nhận, để tôn vinh","preposition","/ɪn ˌrekəɡˈnɪʃən əv/","The company held a ceremony in recognition of his 20 years of service.","Công ty tổ chức một buổi lễ để ghi nhận 20 năm cống hiến của ông ấy."
"ETS-RC-7","in accordance with","theo đúng, phù hợp với","preposition","/ɪn əˈkɔːrdəns wɪð/","All actions must be taken in accordance with company policy.","Mọi hành động phải được thực hiện theo đúng chính sách của công ty."
"ETS-RC-7","dedication to","sự cống hiến, tận tâm đối với","noun","/ˌdedɪˈkeɪʃən tuː/","Her dedication to improving customer satisfaction is admirable.","Sự cống hiến của cô ấy để cải thiện sự hài lòng của khách hàng thật đáng ngưỡng mộ."
"ETS-RC-7","repetitious","lặp đi lặp lại, nhàm chán","adj","/ˌrepəˈtɪʃəs/","The training became repetitious after several hours.","Buổi đào tạo trở nên lặp lại và nhàm chán sau vài giờ."
"ETS-RC-7","exclusive","độc quyền, dành riêng cho một nhóm nhất định","adj","/ɪkˈskluːsɪv/","The interview was granted to an exclusive group of journalists.","Cuộc phỏng vấn chỉ được dành cho một nhóm nhà báo độc quyền."
"ETS-RC-7","follow-up","cuộc theo dõi","noun","/ˈfɑːloʊ ʌp/","The manager scheduled a follow-up meeting to review the project’s progress.","Quản lý đã lên lịch một cuộc họp tiếp theo để xem xét tiến độ dự án."
"ETS-RC-7","logistics","công tác hậu cần","noun","/ləˈdʒɪstɪks/","We need to discuss the logistics of moving the equipment to the new office.","Chúng ta cần thảo luận về công tác hậu cần để chuyển thiết bị sang văn phòng mới."
"ETS-RC-7","credentials","bằng cấp và chứng chỉ xác nhận năng lực","noun","/krəˈdenʃəlz/","Applicants must submit their credentials before the interview.","Ứng viên phải nộp bằng cấp và chứng chỉ trước buổi phỏng vấn."
"ETS-RC-7","consequently","do đó, vì vậy","adverb","/ˈkɑːnsəkwentli/","The company did not meet its sales targets; consequently, bonuses were reduced.","Công ty không đạt chỉ tiêu doanh số; do đó, tiền thưởng bị giảm."
"ETS-RC-7","authorization","sự cho phép chính thức","noun","/ˌɔːθərəˈzeɪʃən/","Employees need written authorization to access the restricted area.","Nhân viên cần giấy phép bằng văn bản để vào khu vực hạn chế."
"ETS-RC-7","capacity","sức chứa, khả năng, vai trò","noun","/kəˈpæsəti/","The conference hall has a seating capacity of 500 people.","Hội trường hội nghị có sức chứa 500 người."
"ETS-RC-7","merely","chỉ, đơn thuần","adverb","/ˈmɪrli/","He was merely following company policy when he made that decision.","Anh ta chỉ đơn thuần tuân theo chính sách công ty khi đưa ra quyết định đó."
"ETS-RC-7","enclosure","tài liệu đính kèm hoặc khu vực rào lại","noun","/ɪnˈkloʊʒər/","Please find the price list in the enclosure to this letter.","Vui lòng xem bảng giá trong tài liệu đính kèm bức thư này."
"ETS-RC-7","likewise","cũng vậy, tương tự","adverb","/ˈlaɪkwaɪz/","The CEO thanked the staff, and the managers likewise expressed their gratitude.","Giám đốc điều hành cảm ơn nhân viên, và các quản lý cũng vậy."
"ETS-RC-7","underway","đang diễn ra","adj","/ˌʌndərˈweɪ/","The construction of the new bridge is now underway.","Việc xây dựng cây cầu mới hiện đang diễn ra."
"ETS-RC-7","complex","phức tạp; khu phức hợp","adj","/ˈkɑːmpleks/","The new tax regulations are too complex for small businesses to understand easily.","Quy định thuế mới quá phức tạp để các doanh nghiệp nhỏ có thể dễ dàng hiểu được."
"ETS-RC-7","interactive","tương tác","adj","/ˌɪntərˈæktɪv/","The seminar included interactive activities to engage all participants.","Hội thảo bao gồm các hoạt động tương tác để thu hút tất cả người tham gia."
"ETS-RC-7","in agreement with","đồng ý với, thống nhất với","preposition","/ɪn əˈɡriːmənt wɪð/","The decision was made in agreement with all department heads.","Quyết định được đưa ra với sự đồng thuận của tất cả trưởng phòng."
"ETS-RC-7","in particular","đặc biệt là","adverb","/ɪn pərˈtɪkjələr/","I enjoyed the conference, in particular the keynote speech.","Tôi rất thích hội nghị, đặc biệt là bài diễn văn chính."
"ETS-RC-7","planning","lập kế hoạch","noun","/ˈplænɪŋ/","Effective planning is essential for completing the project on time.","Lập kế hoạch hiệu quả là điều cần thiết để hoàn thành dự án đúng hạn."
"ETS-RC-7","room","phòng; chỗ trống","noun","/ruːm/","There is enough room in the conference hall for 200 guests.","Có đủ chỗ trong hội trường để chứa 200 khách."
"ETS-RC-7","routine","thói quen hàng ngày","noun","/ruːˈtiːn/","Checking emails is part of my morning routine.","Kiểm tra email là một phần trong thói quen buổi sáng của tôi."
"ETS-RC-7","use caution","hãy cẩn trọng","verb","/juːz ˈkɔːʃən/","Drivers are advised to use caution when driving in heavy rain.","Người lái xe được khuyên nên cẩn thận khi lái trong mưa lớn."
"ETS-RC-7","malfunction","sự trục trặc, hỏng hóc","noun","/ˌmælˈfʌŋkʃən/","The flight was delayed due to an engine malfunction.","Chuyến bay bị hoãn do động cơ bị trục trặc."
"ETS-RC-7","estimate","bảng báo giá","noun","/ˈestɪmət/","The contractor provided an estimate for the renovation work.","Nhà thầu đã đưa ra bản ước tính chi phí cho công việc cải tạo."
"ETS-RC-7","fulfill","hoàn thành, thực hiện","verb","/fʊlˈfɪl/","Our team worked hard to fulfill the client's requirements.","Nhóm chúng tôi đã làm việc chăm chỉ để đáp ứng yêu cầu của khách hàng."
"ETS-RC-7","in transport","đang được vận chuyển","preposition","/ɪn ˈtrænspɔːrt/","The goods are currently in transport to the distribution center.","Hàng hóa hiện đang được vận chuyển đến trung tâm phân phối."
"ETS-RC-7","frustrated","bực bội, thất vọng vì không đạt được điều mong muốn","adj","/ˈfrʌstreɪtɪd/","He was frustrated by the repeated delays in the project.","Anh ấy bực bội vì dự án bị trì hoãn nhiều lần."
"ETS-RC-7","primary","chính, chủ yếu, quan trọng nhất","adj","/ˈpraɪmeri/","The primary goal of the campaign is to increase brand awareness.","Mục tiêu chính của chiến dịch là nâng cao nhận diện thương hiệu."
"ETS-RC-7","custom-made","được làm theo yêu cầu","adj","/ˌkʌstəm ˈmeɪd/","The tailor specializes in custom-made suits for executives.","Thợ may chuyên làm vest đặt riêng cho các giám đốc."
"ETS-RC-7","exceptionally","một cách đặc biệt, xuất sắc","adverb","/ɪkˈsepʃənəli/","The team performed exceptionally well during the competition.","Nhóm đã thể hiện đặc biệt tốt trong cuộc thi."
"ETS-RC-7","biography","tiểu sử","noun","/baɪˈɑːɡrəfi/","The author is working on a biography of a famous scientist.","Tác giả đang viết tiểu sử của một nhà khoa học nổi tiếng."
"ETS-RC-7","competitive","có tính cạnh tranh","adj","/kəmˈpetətɪv/","The company offers competitive prices to attract more customers.","Công ty cung cấp giá cả cạnh tranh để thu hút nhiều khách hàng hơn."
"ETS-RC-7","instability","sự bất ổn, tình trạng không ổn định","noun","/ˌɪnstəˈbɪləti/","Economic instability has affected the job market.","Sự bất ổn kinh tế đã ảnh hưởng đến thị trường việc làm."
"ETS-RC-7","raw material","nguyên liệu thô","noun","/rɔː məˈtɪriəl/","The factory imports raw materials from several countries.","Nhà máy nhập khẩu nguyên liệu thô từ nhiều quốc gia."
"ETS-RC-7","respectively","theo thứ tự lần lượt","adverb","/rɪˈspektɪvli/","The first and second prizes went to Anna and John, respectively.","Giải nhất và giải nhì lần lượt thuộc về Anna và John."
"ETS-RC-7","processed","đã qua chế biến","adj","/ˈprɑːsest/","Processed food often contains preservatives and additives.","Thực phẩm đã qua chế biến thường chứa chất bảo quản và phụ gia."
"ETS-RC-7","bottom line","kết quả cuối cùng; lợi nhuận ròng","noun","/ˈbɑːtəm laɪn/","The new marketing strategy improved the company’s bottom line.","Chiến lược marketing mới đã cải thiện lợi nhuận ròng của công ty."
"ETS-RC-7","temper","tính khí; sự nóng giận","noun","/ˈtempər/","He has a quick temper and often gets upset over small issues.","Anh ấy nóng tính và thường bực mình vì những chuyện nhỏ."
"ETS-RC-7","volatility","tính biến động","noun","/ˌvɑːləˈtɪləti/","Market volatility makes it hard to predict investment returns.","Sự biến động của thị trường khiến khó dự đoán lợi nhuận đầu tư."
"ETS-RC-7","misleading","gây hiểu lầm","adj","/ˌmɪsˈliːdɪŋ/","The advertisement was banned for being misleading.","Quảng cáo bị cấm vì gây hiểu lầm."
"ETS-RC-7","compatible","tương thích, hợp nhau","adj","/kəmˈpætəbl/","This software is compatible with both Windows and Mac systems.","Phần mềm này tương thích với cả hệ thống Windows và Mac."
"ETS-RC-7","cover","bao gồm, bảo vệ, che phủ","verb","/ˈkʌvər/","The insurance policy will cover damage caused by fire.","Chính sách bảo hiểm sẽ chi trả cho thiệt hại do hỏa hoạn."
"ETS-RC-7","squeeze","ép, vắt; chen chúc qua chỗ đông người","verb","/skwiːz/","She had to squeeze through the crowded hallway.","Cô ấy phải len qua hành lang đông đúc."
"ETS-RC-7","anonymously","một cách ẩn danh","adverb","/əˈnɑːnɪməsli/","The donation was made anonymously to protect the benefactor’s privacy.","Khoản quyên góp được thực hiện ẩn danh để bảo vệ quyền riêng tư của nhà hảo tâm."
"ETS-RC-7","take inventory","kiểm kê hàng hóa","verb","/teɪk ˈɪnvənˌtɔːri/","The store will close early today to take inventory.","Cửa hàng sẽ đóng cửa sớm hôm nay để kiểm kê hàng hóa."
"ETS-RC-7","awareness","nhận thức, ý thức","noun","/əˈwernəs/","The campaign aims to raise public awareness about environmental issues.","Chiến dịch nhằm nâng cao nhận thức cộng đồng về các vấn đề môi trường."
"ETS-RC-7","incredulous","hoài nghi, khó tin","adj","/ɪnˈkredʒələs/","She gave him an incredulous look when he told the story.","Cô ấy nhìn anh với ánh mắt hoài nghi khi anh kể câu chuyện."
"ETS-RC-7","prescription","đơn thuốc","noun","/prɪˈskrɪpʃən/","You need a doctor’s prescription to buy this medicine.","Bạn cần đơn thuốc của bác sĩ để mua loại thuốc này."
"ETS-RC-7","free","miễn phí; tự do","adj","/friː/","The hotel offers free Wi-Fi to all guests.","Khách sạn cung cấp Wi-Fi miễn phí cho tất cả khách."
"ETS-RC-7","variety","sự đa dạng; nhiều loại","noun","/vəˈraɪəti/","The store sells a wide variety of fruits and vegetables.","Cửa hàng bán nhiều loại trái cây và rau củ."
"ETS-RC-7","accommodate","cung cấp chỗ ở; đáp ứng nhu cầu","verb","/əˈkɑːmədeɪt/","The hotel can accommodate up to 300 guests.","Khách sạn có thể chứa tới 300 khách."
"ETS-RC-8","neatly","gọn gàng, ngăn nắp","adverb","/ˈniːtli/","The files are neatly arranged on the shelf.","Các tập hồ sơ được sắp xếp gọn gàng trên kệ."
"ETS-RC-8","highly","rất, cực kỳ (mang ý tích cực)","adverb","/ˈhaɪli/","The new policy was highly effective in reducing costs.","Chính sách mới rất hiệu quả trong việc giảm chi phí."
"ETS-RC-8","convenient","tiện lợi, thuận tiện","adj","/kənˈviːniənt/","The hotel is conveniently located near the airport.","Khách sạn có vị trí thuận tiện gần sân bay."
"ETS-RC-8","access","quyền truy cập","noun","/ˈækses/","Employees have access to the company’s internal network.","Nhân viên có quyền truy cập vào mạng nội bộ của công ty."
"ETS-RC-8","seek","tìm kiếm, cố gắng đạt được","verb","/siːk/","The company is seeking new opportunities for expansion.","Công ty đang tìm kiếm cơ hội mới để mở rộng."
"ETS-RC-8","spread","lan truyền; trải rộng","verb","/spred/","The news about the merger quickly spread through the office.","Tin tức về vụ sáp nhập nhanh chóng lan khắp văn phòng."
"ETS-RC-8","garment","quần áo","noun","/ˈɡɑːrmənt/","The store sells both casual and formal garments.","Cửa hàng bán cả quần áo thường ngày và trang phục trang trọng."
"ETS-RC-8","portion","phần, khẩu phần","noun","/ˈpɔːrʃən/","Each portion of the meal is carefully prepared.","Mỗi phần ăn được chuẩn bị cẩn thận."
"ETS-RC-8","concise","ngắn gọn, súc tích","adj","/kənˈsaɪs/","The report should be clear and concise.","Báo cáo cần rõ ràng và súc tích."
"ETS-RC-8","precious","quý giá, quý báu","adj","/ˈpreʃəs/","Time is precious, so use it wisely.","Thời gian là quý giá, hãy sử dụng nó khôn ngoan."
"ETS-RC-8","typically","thông thường","adverb","/ˈtɪpɪkli/","The train typically arrives on time.","Tàu thường đến đúng giờ."
"ETS-RC-8","boost","tăng cường, thúc đẩy","verb","/buːst/","The new marketing strategy is expected to boost sales.","Chiến lược marketing mới dự kiến sẽ thúc đẩy doanh số."
"ETS-RC-8","sweat","mồ hôi","noun","/swet/","After running for an hour, he was covered in sweat.","Sau khi chạy một giờ, anh ấy ướt đẫm mồ hôi."
"ETS-RC-8","profit","lợi nhuận","noun","/ˈprɑːfɪt/","The company reported a significant increase in profit this quarter.","Công ty báo cáo lợi nhuận tăng đáng kể trong quý này."
"ETS-RC-8","author","tác giả","noun","/ˈɔːθər/","The author of the novel will attend the book signing event.","Tác giả của cuốn tiểu thuyết sẽ tham dự buổi ký sách."
"ETS-RC-8","dense","dày đặc, rậm rạp, đông đúc","adj","/dens/","The forest is so dense that little sunlight reaches the ground.","Khu rừng rậm đến mức ít ánh sáng chiếu xuống mặt đất."
"ETS-RC-8","absent","vắng mặt","adj","/ˈæbsənt/","Several employees were absent from the meeting.","Một số nhân viên vắng mặt trong cuộc họp."
"ETS-RC-8","nearly","gần như","adverb","/ˈnɪrli/","The project is nearly finished.","Dự án gần như hoàn thành."
"ETS-RC-8","generally","nói chung","adverb","/ˈdʒenrəli/","The product is generally well-received by customers.","Sản phẩm thường được khách hàng đón nhận tốt."
"ETS-RC-8","admission","sự cho vào; tiền vào cửa; sự thừa nhận","noun","/ədˈmɪʃən/","Admission to the museum is free on Sundays.","Vào cửa bảo tàng miễn phí vào Chủ nhật."
"ETS-RC-8","formula","công thức, phương pháp","noun","/ˈfɔːrmjələ/","The company developed a new formula for eco-friendly paint.","Công ty đã phát triển một công thức mới cho loại sơn thân thiện môi trường."
"ETS-RC-8","compound","hợp chất; sự kết hợp","noun","/ˈkɑːmpaʊnd/","Water is a chemical compound made of hydrogen and oxygen.","Nước là một hợp chất hóa học gồm hydro và oxy."
"ETS-RC-8","pharmaceutical","thuộc về dược phẩm","adj","/ˌfɑːrməˈsuːtɪkl/","The company specializes in pharmaceutical products.","Công ty chuyên về các sản phẩm dược phẩm."
"ETS-RC-8","accounting","ngành kế toán","noun","/əˈkaʊntɪŋ/","She works in the accounting department of a large firm.","Cô ấy làm việc ở phòng kế toán của một công ty lớn."
"ETS-RC-8","assistance","sự giúp đỡ, hỗ trợ","noun","/əˈsɪstəns/","Thank you for your assistance during the event.","Cảm ơn sự hỗ trợ của bạn trong suốt sự kiện."
"ETS-RC-8","administrative","thuộc về hành chính, quản trị","adj","/ədˈmɪnɪstreɪtɪv/","She handles administrative tasks for the department.","Cô ấy phụ trách các công việc hành chính cho bộ phận."
"ETS-RC-8","similarly","tương tự","adverb","/ˈsɪmələrli/","The first store reduced its prices; similarly, the second store offered discounts.","Cửa hàng thứ nhất giảm giá; tương tự, cửa hàng thứ hai cũng giảm giá."
"ETS-RC-8","competent","có năng lực","adj","/ˈkɑːmpɪtənt/","She is highly competent in managing large projects.","Cô ấy rất có năng lực trong việc quản lý các dự án lớn."
"ETS-RC-8","accountant","nhân viên kế toán","noun","/əˈkaʊntənt/","The accountant prepared the company’s annual financial report.","Nhân viên kế toán đã chuẩn bị báo cáo tài chính hàng năm của công ty."
"ETS-RC-8","debt","khoản nợ","noun","/det/","The company is working hard to pay off its debt.","Công ty đang nỗ lực trả hết khoản nợ."
"ETS-RC-8","business","doanh nghiệp, công việc kinh doanh","noun","/ˈbɪznəs/","She started her own business selling handmade jewelry.","Cô ấy bắt đầu kinh doanh bán đồ trang sức thủ công."
"ETS-RC-8","investment","khoản đầu tư","noun","/ɪnˈvestmənt/","Real estate is considered a safe investment.","Bất động sản được coi là khoản đầu tư an toàn."
"ETS-RC-8","relocation","sự di dời, chuyển địa điểm","noun","/ˌriːloʊˈkeɪʃən/","The company is planning the relocation of its headquarters.","Công ty đang lên kế hoạch di dời trụ sở chính."
"ETS-RC-8","commitment","sự cam kết, tận tâm","noun","/kəˈmɪtmənt/","Our company has a strong commitment to customer satisfaction.","Công ty chúng tôi có cam kết mạnh mẽ về sự hài lòng của khách hàng."
"ETS-RC-8","stakeholder","bên liên quan","noun","/ˈsteɪkˌhoʊldər/","Stakeholders were invited to the annual general meeting.","Các bên liên quan được mời tham dự cuộc họp thường niên."
"ETS-RC-8","inspection","sự kiểm tra","noun","/ɪnˈspekʃən/","The building passed the safety inspection.","Tòa nhà đã vượt qua cuộc kiểm tra an toàn."
"ETS-RC-8","voluntary","tự nguyện","adj","/ˈvɑːlənteri/","Participation in the program is completely voluntary.","Việc tham gia chương trình hoàn toàn tự nguyện."
"ETS-RC-8","primary","chính, chủ yếu","adj","/ˈpraɪmeri/","The primary goal of the campaign is to increase brand awareness.","Mục tiêu chính của chiến dịch là nâng cao nhận diện thương hiệu."
"ETS-RC-8","occasional","thỉnh thoảng, không thường xuyên","adj","/əˈkeɪʒənl/","We have occasional meetings to review progress.","Chúng tôi có các cuộc họp thỉnh thoảng để xem xét tiến độ."
"ETS-RC-8","strategic","thuộc chiến lược","adj","/strəˈtiːdʒɪk/","We need a strategic plan to expand into new markets.","Chúng ta cần một kế hoạch chiến lược để mở rộng sang thị trường mới."
"ETS-RC-8","supplement","phần bổ sung","noun","/ˈsʌplɪmənt/","The book includes a supplement with additional exercises.","Cuốn sách bao gồm phần bổ sung với các bài tập thêm."
"ETS-RC-8","discontinued","ngừng sản xuất","adj","/ˌdɪskənˈtɪnjud/","The discontinued model is no longer available in stores.","Mẫu đã ngừng sản xuất không còn bán tại các cửa hàng."
"ETS-RC-8","special offer","ưu đãi đặc biệt","noun","/ˈspeʃl ˈɔːfər/","The store is running a special offer on electronics this week.","Cửa hàng đang có ưu đãi đặc biệt cho đồ điện tử tuần này."
"ETS-RC-8","spacious","rộng rãi, thoáng đãng","adj","/ˈspeɪʃəs/","The apartment is bright and spacious with large windows.","Căn hộ sáng sủa và rộng rãi với những cửa sổ lớn."
"ETS-RC-8","overlook","bỏ qua hoặc không nhận thấy; có tầm nhìn ra","verb","/ˌoʊvərˈlʊk/","The manager promised not to overlook the team’s achievements.","Quản lý hứa sẽ không bỏ qua thành tích của nhóm."
"ETS-RC-8","retreat","nơi nghỉ dưỡng hoặc rút lui","noun","/rɪˈtriːt/","They went on a weekend retreat in the mountains.","Họ đã đi nghỉ dưỡng cuối tuần trên núi."
"ETS-RC-8","gemstone","đá quý","noun","/ˈdʒemstoʊn/","The ring is set with a rare gemstone.","Chiếc nhẫn được gắn một viên đá quý hiếm."
"ETS-RC-8","give away","tặng miễn phí; tiết lộ bí mật","verb","/ˌɡɪv əˈweɪ/","The store will give away free samples to customers.","Cửa hàng sẽ tặng mẫu miễn phí cho khách hàng."
"ETS-RC-8","enhancement","sự cải thiện, nâng cao","noun","/ɪnˈhæns.mənt/","The software update includes several performance enhancements.","Bản cập nhật phần mềm bao gồm một số cải thiện hiệu suất."
"ETS-RC-8","utility rate","giá dịch vụ tiện ích","noun","/juːˈtɪləti reɪt/","The city announced an increase in utility rates starting next month.","Thành phố thông báo tăng giá dịch vụ tiện ích bắt đầu từ tháng tới."
"ETS-RC-8","advisory board","hội đồng cố vấn","noun","/ədˈvaɪzəri bɔːrd/","The advisory board meets quarterly to review company strategy.","Hội đồng cố vấn họp hàng quý để xem xét chiến lược công ty."
"ETS-RC-8","leasing","việc cho thuê tài sản","noun","/ˈliːsɪŋ/","The company specializes in car leasing services.","Công ty chuyên về dịch vụ cho thuê ô tô."
"ETS-RC-8","adjournment","sự hoãn lại, tạm ngừng cuộc họp, phiên tòa","noun","/əˈdʒɜːrn.mənt/","The meeting was called to an early adjournment due to bad weather.","Cuộc họp bị hoãn sớm do thời tiết xấu."
"ETS-RC-8","prerequisite","điều kiện tiên quyết","noun","/ˌpriːˈrek.wɪ.zɪt/","A degree in engineering is a prerequisite for this position.","Bằng kỹ sư là điều kiện tiên quyết cho vị trí này."
"ETS-RC-8","mandatory","bắt buộc","adj","/ˈmændətɔːri/","Wearing safety helmets is mandatory on the construction site.","Đeo mũ bảo hộ là bắt buộc tại công trường xây dựng."
"ETS-RC-8","safety equipment","thiết bị an toàn","noun","/ˈseɪfti ɪˌkwɪpmənt/","All workers must use the provided safety equipment.","Tất cả công nhân phải sử dụng thiết bị an toàn được cung cấp."
"ETS-RC-8","personnel","nhân sự, cán bộ","noun","/ˌpɜːrsəˈnel/","All company personnel must attend the training session.","Tất cả nhân viên công ty phải tham dự buổi đào tạo."
"ETS-RC-8","stabilize","làm ổn định","verb","/ˈsteɪbəlaɪz/","The government introduced measures to stabilize the economy.","Chính phủ đưa ra các biện pháp để ổn định nền kinh tế."
"ETS-RC-8","address","giải quyết hoặc phát biểu về vấn đề nào đó","verb","/əˈdres/","The manager addressed the concerns raised by employees.","Quản lý đã giải quyết những mối lo ngại của nhân viên."
"ETS-RC-8","durable","bền, lâu dài","adj","/ˈdʊrəbl/","The company produces durable furniture that lasts for decades.","Công ty sản xuất đồ nội thất bền có thể dùng hàng thập kỷ."
"ETS-RC-8","wholesale","bán sỉ, bán buôn","noun","/ˈhoʊlseɪl/","The store offers discounts for wholesale purchases.","Cửa hàng cung cấp giảm giá cho các đơn mua sỉ."
"ETS-RC-8","presale","bán trước","noun","/ˈpriːseɪl/","Tickets are available for presale starting Monday.","Vé sẽ được bán trước bắt đầu từ thứ Hai."
"ETS-RC-8","insulation","vật liệu cách nhiệt hoặc cách âm","noun","/ˌɪnsəˈleɪʃən/","Proper insulation can reduce heating costs in winter.","Cách nhiệt đúng cách có thể giảm chi phí sưởi ấm vào mùa đông."
"ETS-RC-8","heritage","di sản","noun","/ˈherɪtɪdʒ/","The city is proud of its rich cultural heritage.","Thành phố tự hào về di sản văn hóa phong phú của mình."
"ETS-RC-8","sole","duy nhất, độc quyền","adj","/soʊl/","He is the sole owner of the company.","Anh ấy là chủ sở hữu duy nhất của công ty."
"ETS-RC-8","expertly","một cách thành thạo","adverb","/ˈekspɜːrtli/","The chef expertly prepared the meal in under 30 minutes.","Đầu bếp đã chuẩn bị bữa ăn một cách điêu luyện trong chưa đầy 30 phút."
"ETS-RC-8","nugget","miếng nhỏ quý giá; thông tin quý","noun","/ˈnʌɡɪt/","He found a gold nugget while mining.","Anh ấy tìm thấy một miếng vàng nhỏ khi khai thác mỏ."
"ETS-RC-8","notably","đáng chú ý, đặc biệt là","adverb","/ˈnoʊtəbli/","The plan was successful, notably in reducing costs.","Kế hoạch đã thành công, đặc biệt là trong việc giảm chi phí."
"ETS-RC-8","expansion","sự mở rộng, phát triển","noun","/ɪkˈspænʃən/","The company is planning an expansion into the Asian market.","Công ty đang lên kế hoạch mở rộng sang thị trường châu Á."
"ETS-RC-8","complimentary","miễn phí; khen ngợi","adj","/ˌkɑːmplɪˈmentəri/","All guests receive a complimentary breakfast.","Tất cả khách đều được ăn sáng miễn phí."
"ETS-RC-8","identification","giấy tờ tùy thân","noun","/aɪˌdentɪfɪˈkeɪʃən/","You need proper identification to enter the building.","Bạn cần giấy tờ tùy thân hợp lệ để vào tòa nhà."
"ETS-RC-8","designated","được chỉ định","adj","/ˈdezɪɡneɪtɪd/","This area is designated for employee parking only.","Khu vực này được chỉ định chỉ dành cho đỗ xe nhân viên."
"ETS-RC-8","spontaneous","tự phát, bộc phát, tự nhiên","adj","/spɑːnˈteɪniəs/","The crowd broke into spontaneous applause.","Đám đông bỗng nhiên vỗ tay."
"ETS-RC-8","public relations","quan hệ công chúng","noun","/ˌpʌblɪk rɪˈleɪʃənz/","She works in the company’s public relations department.","Cô ấy làm việc trong phòng quan hệ công chúng của công ty."
"ETS-RC-8","as follows","như sau","adverb","/æz ˈfɑːloʊz/","The agenda for the meeting is as follows.","Chương trình cuộc họp như sau."
"ETS-RC-8","on file","được lưu hồ sơ","adverb","/ɑːn faɪl/","We have your application on file.","Chúng tôi đã lưu hồ sơ đăng ký của bạn."
"ETS-RC-8","new hire","nhân viên mới tuyển","noun","/nuː ˈhaɪər/","The manager introduced the new hire to the team.","Quản lý giới thiệu nhân viên mới cho nhóm."
"ETS-RC-8","sustainable","bền vững","adj","/səˈsteɪnəbl/","We are committed to using sustainable energy sources.","Chúng tôi cam kết sử dụng các nguồn năng lượng bền vững."
"ETS-RC-8","onboarding","quy trình hội nhập nhân viên mới","noun","/ˈɑːnbɔːrdɪŋ/","The HR department is improving the onboarding process.","Phòng nhân sự đang cải thiện quy trình hội nhập cho nhân viên mới."
"ETS-RC-8","infrastructure","cơ sở hạ tầng","noun","/ˈɪnfrəstrʌktʃər/","The city is investing heavily in transportation infrastructure.","Thành phố đang đầu tư mạnh vào cơ sở hạ tầng giao thông."
"ETS-RC-9","negotiate","đàm phán, thương lượng","verb","/nɪˈɡoʊʃieɪt/","The two companies are negotiating a new contract.","Hai công ty đang đàm phán hợp đồng mới."
"ETS-RC-9","dispute","tranh chấp, bất đồng","noun","/dɪˈspjuːt/","The dispute between the two companies was resolved in court.","Tranh chấp giữa hai công ty đã được giải quyết tại tòa án."
"ETS-RC-9","logistical","thuộc về hậu cần","adj","/ləˈdʒɪstɪkl/","The team faced logistical challenges in delivering goods overseas.","Nhóm gặp khó khăn về hậu cần trong việc giao hàng ra nước ngoài."
"ETS-RC-9","award","giải thưởng","noun","/əˈwɔːrd/","She received an award for her outstanding performance.","Cô ấy nhận giải thưởng cho thành tích xuất sắc của mình."
"ETS-RC-9","remaining","còn lại","adj","/rɪˈmeɪnɪŋ/","Please complete the remaining tasks by Friday.","Vui lòng hoàn thành các nhiệm vụ còn lại trước thứ Sáu."
"ETS-RC-9","remainder","phần còn lại","noun","/rɪˈmeɪndər/","She spent the remainder of the day reading.","Cô ấy dành phần còn lại của ngày để đọc sách."
"ETS-RC-9","outcome","kết quả, hậu quả","noun","/ˈaʊtˌkʌm/","The outcome of the project exceeded expectations.","Kết quả của dự án đã vượt quá mong đợi."
"ETS-RC-9","grade","điểm số; cấp, hạng","noun","/ɡreɪd/","He received a high grade in the final exam.","Anh ấy đạt điểm cao trong kỳ thi cuối kỳ."
"ETS-RC-9","isolated","bị cô lập, ở nơi xa xôi","adj","/ˈaɪsəleɪtɪd/","The village is in an isolated area far from the city.","Ngôi làng nằm ở vùng hẻo lánh, xa thành phố."
"ETS-RC-9","primarily","chủ yếu","adverb","/praɪˈmerəli/","The program is designed primarily for beginners.","Chương trình được thiết kế chủ yếu cho người mới bắt đầu."
"ETS-RC-9","obviously","rõ ràng, hiển nhiên","adverb","/ˈɑːbviəsli/","He was obviously pleased with the results.","Anh ấy rõ ràng rất hài lòng với kết quả."
"ETS-RC-9","skillfully","một cách khéo léo, thành thạo","adverb","/ˈskɪlfəli/","The lawyer skillfully defended his client.","Luật sư đã bào chữa cho thân chủ một cách khéo léo."
"ETS-RC-9","status","tình trạng, địa vị","noun","/ˈsteɪtəs/","The company is reviewing the status of the project.","Công ty đang xem xét tình trạng của dự án."
"ETS-RC-9","theory","lý thuyết","noun","/ˈθɪri/","The course covers both theory and practical skills.","Khóa học bao gồm cả lý thuyết và kỹ năng thực hành."
"ETS-RC-9","accountable for","chịu trách nhiệm về","adj","/əˈkaʊntəbl fɔːr/","Managers are accountable for their team's performance.","Các nhà quản lý chịu trách nhiệm về hiệu suất của nhóm."
"ETS-RC-9","initial","ban đầu, đầu tiên","adj","/ɪˈnɪʃl/","The initial phase of the project was completed on time.","Giai đoạn đầu tiên của dự án đã hoàn thành đúng hạn."
"ETS-RC-9","flock to","đổ xô đến","verb","/flɑːk tuː/","Tourists flock to the city during the festival.","Khách du lịch đổ xô đến thành phố trong lễ hội."
"ETS-RC-9","distinct","riêng biệt, dễ nhận biết","adj","/dɪˈstɪŋkt/","The two products are distinct in design and function.","Hai sản phẩm khác biệt về thiết kế và chức năng."
"ETS-RC-9","stage","giai đoạn hoặc sân khấu","noun","/steɪdʒ/","The project is in its final stage.","Dự án đang ở giai đoạn cuối."
"ETS-RC-9","enthusiastically","một cách hăng hái, nhiệt tình","adverb","/ɪnˌθuːziˈæstɪkli/","The team enthusiastically supported the new proposal.","Nhóm nhiệt tình ủng hộ đề xuất mới."
"ETS-RC-9","residential","thuộc khu dân cư, để ở","adj","/ˌrezɪˈdenʃl/","The area is mainly residential with a few small shops.","Khu vực chủ yếu là khu dân cư với một vài cửa hàng nhỏ."
"ETS-RC-9","revolutionize","cách mạng hóa","verb","/ˌrevəˈluːʃənaɪz/","The new technology will revolutionize the way we communicate.","Công nghệ mới sẽ cách mạng hóa cách chúng ta giao tiếp."
"ETS-RC-9","exercise","tập thể dục; thực hiện nhiệm vụ","verb","/ˈeksərsaɪz/","You should exercise regularly to stay healthy.","Bạn nên tập thể dục thường xuyên để giữ sức khỏe."
"ETS-RC-9","memorable","đáng nhớ","adj","/ˈmemərəbl/","It was a truly memorable experience.","Đó là một trải nghiệm thật sự đáng nhớ."
"ETS-RC-9","seamlessly","mượt mà, liền mạch","adverb","/ˈsiːmləsli/","The new software integrates seamlessly with existing systems.","Phần mềm mới tích hợp mượt mà với các hệ thống hiện tại."
"ETS-RC-9","collectively","một cách tập thể","adverb","/kəˈlektɪvli/","The team collectively decided to postpone the launch.","Nhóm đã cùng nhau quyết định hoãn việc ra mắt."
"ETS-RC-9","factually","dựa trên sự thật","adverb","/ˈfæk.tʃu.əli/","The report is factually correct and well-documented.","Báo cáo đúng sự thật và được ghi chép đầy đủ."
"ETS-RC-9","critic","nhà phê bình","noun","/ˈkrɪtɪk/","The critic praised the film for its originality.","Nhà phê bình khen ngợi bộ phim vì tính sáng tạo."
"ETS-RC-9","take advantage of","tận dụng, lợi dụng","verb","/teɪk ədˈvæntɪdʒ ʌv/","You should take advantage of the discount before it ends.","Bạn nên tận dụng giảm giá trước khi kết thúc."
"ETS-RC-9","priority","sự ưu tiên","noun","/praɪˈɔːrəti/","Safety is our top priority.","An toàn là ưu tiên hàng đầu của chúng tôi."
"ETS-RC-9","immediately","ngay lập tức","adverb","/ɪˈmiːdiətli/","Please report to the manager immediately.","Vui lòng báo cáo cho quản lý ngay lập tức."
"ETS-RC-9","even so","mặc dù vậy","adverb","/ˈiːvən soʊ/","The job is difficult; even so, she enjoys it.","Công việc khó khăn; mặc dù vậy, cô ấy vẫn thích nó."
"ETS-RC-9","seamstress","thợ may nữ","noun","/ˈsiːmstrəs/","The seamstress repaired the torn dress.","Người thợ may nữ đã sửa chiếc váy bị rách."
"ETS-RC-9","on leave","đang nghỉ phép","adverb","/ɑːn liːv/","He is on leave until next Monday.","Anh ấy đang nghỉ phép đến thứ Hai tuần tới."
"ETS-RC-9","opt for","chọn lựa, quyết định chọn","verb","/ɑːpt fɔːr/","Many people opt for healthy eating nowadays.","Ngày nay nhiều người chọn ăn uống lành mạnh."
"ETS-RC-9","strive","cố gắng, phấn đấu","verb","/straɪv/","We strive to provide excellent customer service.","Chúng tôi phấn đấu cung cấp dịch vụ khách hàng xuất sắc."
"ETS-RC-9","absence","sự vắng mặt","noun","/ˈæbsəns/","Her absence from the meeting was noted by the manager.","Sự vắng mặt của cô ấy trong cuộc họp đã được quản lý ghi nhận."
"ETS-RC-9","objective","mục tiêu","noun","/əbˈdʒektɪv/","Our main objective is to improve customer satisfaction.","Mục tiêu chính của chúng tôi là cải thiện sự hài lòng của khách hàng."
"ETS-RC-9","capacity","sức chứa; khả năng","noun","/kəˈpæsəti/","The stadium has a seating capacity of 50,000.","Sân vận động có sức chứa 50.000 chỗ ngồi."
"ETS-RC-9","in turn","lần lượt; do đó","adverb","/ɪn tɜːrn/","Each team member will speak in turn.","Mỗi thành viên trong nhóm sẽ phát biểu lần lượt."
"ETS-RC-9","power plant","nhà máy điện","noun","/ˈpaʊər plænt/","The city built a new power plant to meet energy demand.","Thành phố xây dựng một nhà máy điện mới để đáp ứng nhu cầu năng lượng."
"ETS-RC-9","renewable","có thể tái tạo","adj","/rɪˈnuːəbl/","Solar energy is a renewable resource.","Năng lượng mặt trời là một nguồn tài nguyên tái tạo."
"ETS-RC-9","block","ngăn chặn","verb","/blɑːk/","The police blocked the road for safety reasons.","Cảnh sát chặn đường vì lý do an toàn."
"ETS-RC-9","certified","được chứng nhận","adj","/ˈsɜːrtɪfaɪd/","He is a certified public accountant.","Anh ấy là kế toán viên công chứng."
"ETS-RC-9","a sequence of","một chuỗi, một loạt","noun","/ə ˈsiːkwəns əv/","The project involves a sequence of steps to be completed.","Dự án bao gồm một chuỗi các bước cần hoàn thành."
"ETS-RC-9","bustling","nhộn nhịp, tấp nập","adj","/ˈbʌslɪŋ/","The market was bustling with shoppers.","Khu chợ tấp nập người mua sắm."
"ETS-RC-9","vulnerable","dễ bị tổn thương","adj","/ˈvʌlnərəbl/","Children are more vulnerable to certain illnesses.","Trẻ em dễ bị mắc một số bệnh hơn."
"ETS-RC-9","potential","tiềm năng","adj","/pəˈtenʃl/","The company is looking for potential markets abroad.","Công ty đang tìm kiếm các thị trường tiềm năng ở nước ngoài."
"ETS-RC-9","freight","hàng hóa vận chuyển","noun","/freɪt/","The freight will arrive at the port tomorrow morning.","Hàng hóa sẽ đến cảng vào sáng mai."
"ETS-RC-9","spare","dự phòng, để dành","adj","/sper/","We keep spare parts in the storage room.","Chúng tôi giữ các bộ phận dự phòng trong kho."
"ETS-RC-9","administrative","thuộc về hành chính, quản lý","adj","/ədˈmɪnɪstreɪtɪv/","She works in an administrative role at the university.","Cô ấy làm công việc hành chính tại trường đại học."
"ETS-RC-9","vocational","liên quan đến dạy nghề","adj","/voʊˈkeɪʃənl/","He enrolled in a vocational training program.","Anh ấy đã đăng ký một chương trình đào tạo nghề."
"ETS-RC-9","fabricate","chế tạo hoặc bịa đặt","verb","/ˈfæbrɪkeɪt/","The company fabricates parts for the automotive industry.","Công ty chế tạo các bộ phận cho ngành công nghiệp ô tô."
"ETS-RC-9","precision","sự chính xác","noun","/prɪˈsɪʒn/","The machine operates with high precision.","Máy hoạt động với độ chính xác cao."
"ETS-RC-9","independently","một cách độc lập","adverb","/ˌɪndɪˈpendəntli/","She works independently without supervision.","Cô ấy làm việc độc lập mà không cần giám sát."
"ETS-RC-9","reference","tài liệu tham khảo","noun","/ˈrefrəns/","Please include references at the end of your report.","Vui lòng đính kèm tài liệu tham khảo ở cuối báo cáo."
"ETS-RC-9","erect","dựng lên, xây dựng","verb","/ɪˈrekt/","They plan to erect a new office building downtown.","Họ dự định xây một tòa nhà văn phòng mới ở trung tâm thành phố."
"ETS-RC-9","locate","xác định vị trí","verb","/loʊˈkeɪt/","We need to locate the source of the problem.","Chúng ta cần xác định nguồn gốc vấn đề."
"ETS-RC-9","exceed","vượt quá","verb","/ɪkˈsiːd/","The final cost should not exceed the budget.","Chi phí cuối cùng không được vượt quá ngân sách."
"ETS-RC-9","be subject to","chịu, phải chịu","verb","/bi ˈsʌbdʒɪkt tuː/","All shipments are subject to customs inspection.","Tất cả lô hàng đều phải chịu kiểm tra hải quan."
"ETS-RC-9","commendable","đáng khen ngợi","adj","/kəˈmendəbl/","Her commitment to the project is commendable.","Sự tận tâm của cô ấy với dự án là đáng khen ngợi."
"ETS-RC-9","fleet","đội tàu","noun","/fliːt/","The shipping company operates a fleet of 20 vessels.","Công ty vận tải biển vận hành một đội tàu gồm 20 chiếc."
"ETS-RC-9","component","thành phần, bộ phận","noun","/kəmˈpoʊnənt/","Each component of the system must be tested.","Mỗi thành phần của hệ thống phải được kiểm tra."
"ETS-RC-9","comprehensive","toàn diện, đầy đủ","adj","/ˌkɑːmprɪˈhensɪv/","We conducted a comprehensive review of the policy.","Chúng tôi đã tiến hành một đánh giá toàn diện về chính sách."
"ETS-RC-9","overhaul","kiểm tra và tu sửa toàn bộ","verb","/ˈoʊvərhɔːl/","The company plans to overhaul its IT system.","Công ty dự định tu sửa toàn bộ hệ thống CNTT."
"ETS-RC-9","surpass","vượt qua, trội hơn","verb","/sərˈpæs/","This year's sales surpassed all expectations.","Doanh số năm nay vượt qua mọi mong đợi."
"ETS-RC-9","restriction","sự hạn chế","noun","/rɪˈstrɪkʃn/","There are parking restrictions in this area.","Có hạn chế đỗ xe trong khu vực này."
"ETS-RC-9","arise","nảy sinh, xuất hiện","verb","/əˈraɪz/","Problems may arise if we don't plan carefully.","Vấn đề có thể nảy sinh nếu chúng ta không lên kế hoạch cẩn thận."
"ETS-RC-9","mural","bức tranh tường","noun","/ˈmjʊrəl/","The artist painted a colorful mural on the school wall.","Người họa sĩ vẽ một bức tranh tường đầy màu sắc trên tường trường học."
"ETS-RC-9","unusual","khác thường, đặc biệt","adj","/ʌnˈjuːʒuəl/","It's unusual to see snow in this region.","Thật bất thường khi thấy tuyết ở khu vực này."
"ETS-RC-9","quaint","cổ kính và hấp dẫn","adj","/kweɪnt/","The village is full of quaint old houses.","Ngôi làng có nhiều ngôi nhà cổ lạ mắt."
"ETS-RC-9","socialize with","giao lưu với bạn bè","verb","/ˈsoʊʃəlaɪz wɪð/","Employees are encouraged to socialize with colleagues outside work.","Nhân viên được khuyến khích giao lưu với đồng nghiệp ngoài giờ làm."
"ETS-RC-9","it so happens that","thật tình cờ là","phrase","/ɪt soʊ ˈhæpənz ðæt/","It so happens that I know the person you mentioned.","Thật tình cờ là tôi biết người mà bạn nhắc đến."
"ETS-RC-9","resources","tài nguyên, nguồn lực","noun","/ˈriːsɔːrsɪz/","The country is rich in natural resources.","Đất nước này giàu tài nguyên thiên nhiên."
"ETS-RC-9","due","đến hạn","adj","/duː/","The payment is due next Monday.","Khoản thanh toán đến hạn vào thứ Hai tới."
"ETS-RC-9","temporarily","tạm thời","adverb","/ˈtempərerɪli/","The store is temporarily closed for renovation.","Cửa hàng tạm thời đóng để cải tạo."
"ETS-RC-9","sediment","trầm tích, cặn bã","noun","/ˈsedɪmənt/","There was a layer of sediment at the bottom of the bottle.","Có một lớp cặn ở đáy chai."
"ETS-RC-9","faucet","vòi nước","noun","/ˈfɔːsɪt/","Turn off the faucet when not in use.","Tắt vòi nước khi không sử dụng."
"ETS-RC-9","assure","đảm bảo","verb","/əˈʃʊr/","I assure you that everything will be fine.","Tôi đảm bảo với bạn rằng mọi thứ sẽ ổn."
"ETS-RC-9","leaking","bị rò rỉ","adj","/ˈliːkɪŋ/","The roof is leaking after the heavy rain.","Mái nhà bị dột sau cơn mưa lớn."
"ETS-RC-10","strictly","một cách nghiêm ngặt","adverb","/ˈstrɪktli/","Smoking is strictly prohibited in the building.","Hút thuốc bị nghiêm cấm hoàn toàn trong tòa nhà."
"ETS-RC-10","prohibit","cấm, ngăn cấm","verb","/prəˈhɪbɪt/","The law prohibits smoking in public places.","Luật cấm hút thuốc ở nơi công cộng."
"ETS-RC-10","prescription","đơn thuốc","noun","/prɪˈskrɪpʃn/","The doctor gave me a prescription for antibiotics.","Bác sĩ kê cho tôi đơn thuốc kháng sinh."
"ETS-RC-10","scenic","có cảnh đẹp","adj","/ˈsiːnɪk/","We took a scenic route along the coast.","Chúng tôi đi theo con đường ven biển có cảnh đẹp."
"ETS-RC-10","turn in","nộp cho người có thẩm quyền","verb","/tɜrn ɪn/","Employees must turn in their ID badges when leaving the company.","Nhân viên phải nộp thẻ ID khi rời công ty."
"ETS-RC-10","inventory","hàng tồn kho, kiểm kê hàng hóa","noun","/ˈɪn.vənˌtɔːr.i/","The store is closed today for its annual inventory.","Cửa hàng hôm nay đóng cửa để kiểm kê hàng năm."
"ETS-RC-10","high-end","cao cấp, chất lượng cao","adj","/ˌhaɪˈend/","The company specializes in high-end kitchen appliances.","Công ty chuyên về các thiết bị nhà bếp cao cấp."
"ETS-RC-10","excess","sự dư thừa","noun","/ˈek.ses/","The warehouse is trying to sell off excess inventory.","Kho đang cố gắng bán hết hàng tồn kho dư thừa."
"ETS-RC-10","advocate","người ủng hộ, bênh vực ý tưởng hoặc chính sách","noun","/ˈæd.və.kət/","She is a strong advocate for renewable energy policies.","Cô ấy là người ủng hộ mạnh mẽ cho các chính sách năng lượng tái tạo."
"ETS-RC-10","advocate","ủng hộ, khuyến khích công khai","verb","/ˈæd.və.keɪt/","The organization advocates for equal pay for all employees.","Tổ chức này ủng hộ trả lương công bằng cho tất cả nhân viên."
"ETS-RC-10","reform","cải cách","noun","/rɪˈfɔːrm/","The government introduced major tax reforms last year.","Chính phủ đã đưa ra những cải cách lớn về thuế năm ngoái."
"ETS-RC-10","reform","cải cách, thay đổi để tốt hơn","verb","/rɪˈfɔːrm/","The company reformed its training process to improve efficiency.","Công ty đã cải cách quy trình đào tạo để nâng cao hiệu quả."
"ETS-RC-10","break ground","khởi công","verb","/breɪk ɡraʊnd/","The company will break ground on its new headquarters next month.","Công ty sẽ khởi công trụ sở mới vào tháng tới."
"ETS-RC-10","briefly","một cách ngắn gọn","adverb","/ˈbriːf.li/","The manager briefly explained the changes to the policy.","Người quản lý giải thích ngắn gọn về những thay đổi trong chính sách."
"ETS-RC-10","abundantly","một cách dồi dào, phong phú","adverb","/əˈbʌn.dənt.li/","The garden is abundantly filled with colorful flowers.","Khu vườn tràn ngập những bông hoa đầy màu sắc."
"ETS-RC-10","momentarily","trong giây lát, ngay lập tức","adverb","/ˌmoʊ.mənˈter.əl.i/","The technician will be with you momentarily.","Kỹ thuật viên sẽ đến với bạn ngay lập tức."
"ETS-RC-10","protocol","quy tắc, thủ tục chính thức","noun","/ˈproʊ.t̬ə.kɑːl/","The new security protocol requires employees to wear ID badges at all times.","Quy tắc bảo mật mới yêu cầu nhân viên luôn đeo thẻ ID."
"ETS-RC-10","chaotic","hỗn loạn, lộn xộn","adj","/keɪˈɑː.t̬ɪk/","The situation became chaotic after the sudden announcement.","Tình hình trở nên hỗn loạn sau thông báo đột ngột."
"ETS-RC-10","benefits package","gói quyền lợi cho nhân viên","noun","/ˈbenɪfɪts ˌpækɪdʒ/","The company offers a competitive benefits package to attract top talent.","Công ty cung cấp gói quyền lợi cạnh tranh để thu hút nhân tài."
"ETS-RC-10","adapt to","thích nghi với","verb","/əˈdæpt tuː/","Employees must adapt to new technologies to remain competitive.","Nhân viên phải thích nghi với công nghệ mới để duy trì khả năng cạnh tranh."
"ETS-RC-10","solicit","kêu gọi, yêu cầu hoặc tìm kiếm hỗ trợ","verb","/səˈlɪs.ɪt/","The charity is soliciting donations to help disaster victims.","Tổ chức từ thiện đang kêu gọi quyên góp để giúp đỡ nạn nhân thiên tai."
"ETS-RC-10","festivity","lễ hội","noun","/fesˈtɪv.ə.t̬i/","The streets were filled with music and festivity during the New Year celebration.","Các con phố tràn ngập âm nhạc và lễ hội trong dịp Tết."
"ETS-RC-10","imposing","ấn tượng, uy nghi, gây cảm giác mạnh mẽ","adj","/ɪmˈpoʊ.zɪŋ/","The city hall is an imposing building with tall columns.","Tòa thị chính là một tòa nhà ấn tượng với những cột cao."
"ETS-RC-10","abandoned","bị bỏ hoang, bị bỏ rơi","adj","/əˈbæn.dənd/","The abandoned warehouse will be converted into an art gallery.","Nhà kho bị bỏ hoang sẽ được chuyển thành phòng trưng bày nghệ thuật."
"ETS-RC-10","subsequently","sau đó","adverb","/ˈsʌb.sɪ.kwənt.li/","The project was delayed and subsequently canceled.","Dự án bị trì hoãn và sau đó bị hủy."
"ETS-RC-10","restore","khôi phục trạng thái ban đầu","verb","/rɪˈstɔːr/","The team worked to restore the old theater to its former glory.","Nhóm đã làm việc để khôi phục nhà hát cũ về vẻ huy hoàng ban đầu."
"ETS-RC-10","conversely","ngược lại","adverb","/ˈkɑːn.vɜːrs.li/","The south of the country is hot and dry; conversely, the north is cool and wet.","Phía nam của đất nước nóng và khô; ngược lại, phía bắc mát mẻ và ẩm ướt."
"ETS-RC-10","alert","cảnh giác, chú ý","adj","/əˈlɜːrt/","Drivers must remain alert while driving in bad weather.","Tài xế phải luôn cảnh giác khi lái xe trong thời tiết xấu."
"ETS-RC-10","corrupted","bị hỏng hoặc tha hóa","adj","/kəˈrʌp.tɪd/","The file was corrupted and could not be opened.","Tệp đã bị hỏng và không thể mở được."
"ETS-RC-10","dependable","đáng tin cậy","adj","/dɪˈpen.də.bəl/","We are looking for a dependable employee who can work under pressure.","Chúng tôi đang tìm một nhân viên đáng tin cậy có thể làm việc dưới áp lực."
"ETS-RC-10","transformer","máy biến áp","noun","/trænsˈfɔːr.mɚ/","The power company replaced an old transformer to improve efficiency.","Công ty điện đã thay máy biến áp cũ để cải thiện hiệu suất."
"ETS-RC-10","outage","mất điện hoặc ngừng hoạt động dịch vụ","noun","/ˈaʊ.t̬ɪdʒ/","The factory had to stop production due to a power outage.","Nhà máy phải dừng sản xuất do mất điện."
"ETS-RC-10","minimize","giảm thiểu","verb","/ˈmɪn.ə.maɪz/","We must take action to minimize the risks of accidents.","Chúng ta phải hành động để giảm thiểu nguy cơ tai nạn."
"ETS-RC-10","invention","phát minh, sáng chế","noun","/ɪnˈven.ʃən/","The telephone is one of the most important inventions in history.","Điện thoại là một trong những phát minh quan trọng nhất trong lịch sử."
"ETS-RC-10","deletion","sự xóa bỏ","noun","/dɪˈliː.ʃən/","The deletion of old files freed up space on the server.","Việc xóa các tệp cũ đã giải phóng dung lượng trên máy chủ."
"ETS-RC-10","diagnostic","liên quan đến chẩn đoán","adj","/ˌdaɪ.əɡˈnɑː.stɪk/","The mechanic ran a diagnostic test on the car engine.","Thợ sửa xe đã chạy kiểm tra chẩn đoán động cơ ô tô."
"ETS-RC-10","pharmaceuticals","dược phẩm","noun","/ˌfɑːr.məˈsuː.t̬ɪ.kəlz/","The company specializes in the production of high-quality pharmaceuticals.","Công ty chuyên sản xuất dược phẩm chất lượng cao."
"ETS-RC-10","trespass","xâm nhập trái phép","verb","/ˈtres.pæs/","The sign warned people not to trespass on private property.","Biển cảnh báo mọi người không được xâm nhập vào tài sản riêng."
"ETS-RC-10","clog","làm tắc nghẽn, chặn lại","verb","/klɑːɡ/","Leaves can clog the drain and cause flooding.","Lá cây có thể làm tắc cống và gây ngập lụt."
"ETS-RC-10","custodian","người trông coi tài sản, tòa nhà","noun","/kʌsˈtoʊ.di.ən/","The custodian locked the building after everyone left.","Người trông coi khóa tòa nhà sau khi mọi người rời đi."
"ETS-RC-10","inviting","hấp dẫn, lôi cuốn","adj","/ɪnˈvaɪ.t̬ɪŋ/","The restaurant has an inviting atmosphere with warm lighting.","Nhà hàng có không khí hấp dẫn với ánh sáng ấm áp."
"ETS-RC-10","flourish","phát triển mạnh mẽ","verb","/ˈflɝː.ɪʃ/","The company continues to flourish despite the economic downturn.","Công ty tiếp tục phát triển mạnh mẽ bất chấp suy thoái kinh tế."
"ETS-RC-10","demanding","đòi hỏi nhiều nỗ lực, thời gian hoặc kỹ năng","adj","/dɪˈmæn.dɪŋ/","The demanding project required long hours and constant attention.","Dự án đòi hỏi nhiều yêu cầu cần làm việc nhiều giờ và chú ý liên tục."
"ETS-RC-10","rotation","sự xoay vòng, luân chuyển","noun","/roʊˈteɪ.ʃən/","The company uses job rotation to train employees in different skills.","Công ty áp dụng luân chuyển công việc để đào tạo nhân viên nhiều kỹ năng khác nhau."
"ETS-RC-10","value-added tax","thuế giá trị gia tăng (VAT)","noun","/ˌvæl.juː ˈæd.ɪd ˌtæks/","All prices include a 10% value-added tax.","Tất cả giá đều bao gồm 10% thuế giá trị gia tăng."
"ETS-RC-10","automotive","liên quan đến ô tô","adj","/ˌɑː.t̬əˈmoʊ.t̬ɪv/","She works for an automotive parts manufacturer.","Cô ấy làm việc cho một nhà sản xuất phụ tùng ô tô."
"ETS-RC-10","make a name","tạo dựng danh tiếng","verb","/meɪk ə neɪm/","She made a name for herself in the fashion industry.","Cô ấy đã tạo dựng tên tuổi trong ngành thời trang."
"ETS-RC-10","forthcoming","sắp diễn ra; sẵn sàng cung cấp thông tin","adj","/ˌfɔːrθˈkʌm.ɪŋ/","The company will announce its forthcoming product launch next week.","Công ty sẽ công bố việc ra mắt sản phẩm sắp tới vào tuần sau."
"ETS-RC-10","automated","được tự động hóa","adj","/ˈɑː.t̬ə.meɪ.t̬ɪd/","The company invested in automated machinery to improve productivity.","Công ty đã đầu tư vào máy móc tự động hóa để nâng cao năng suất."
"ETS-RC-10","in particular","đặc biệt là","adverb","/ɪn pɚˈtɪk.jə.lɚ/","I enjoy outdoor activities, in particular hiking and cycling.","Tôi thích các hoạt động ngoài trời, đặc biệt là leo núi và đạp xe."
"ETS-RC-10","recruiting","tuyển dụng nhân sự","noun","/rɪˈkruː.tɪŋ/","The company is expanding and actively recruiting new employees.","Công ty đang mở rộng và tích cực tuyển dụng nhân viên mới."
"ETS-RC-10","slate","danh sách ứng cử viên hoặc lịch trình đã lên kế hoạch","noun","/sleɪt/","The committee announced a slate of candidates for the board election.","Ủy ban công bố danh sách ứng cử viên cho cuộc bầu cử hội đồng."
"ETS-RC-10","demolish","phá hủy, dỡ bỏ công trình","verb","/dɪˈmɑː.lɪʃ/","The city plans to demolish the old stadium to build a shopping mall.","Thành phố dự định phá dỡ sân vận động cũ để xây trung tâm mua sắm."
"ETS-RC-10","given that","xét đến việc","conjunction","/ˈɡɪv.ən ðæt/","Given that it is raining, the event will be held indoors.","Xét đến việc trời đang mưa, sự kiện sẽ được tổ chức trong nhà."
"ETS-RC-10","outdated","lỗi thời, không còn phù hợp","adj","/ˌaʊtˈdeɪ.t̬ɪd/","The company replaced its outdated equipment with modern machines.","Công ty đã thay thế thiết bị lỗi thời bằng máy móc hiện đại."
"ETS-RC-10","increasingly","ngày càng","adverb","/ɪnˈkriː.sɪŋ.li/","The company is becoming increasingly competitive in the market.","Công ty ngày càng cạnh tranh hơn trên thị trường."
"ETS-RC-10","preservation","sự bảo tồn, giữ gìn","noun","/ˌprez.ɚˈveɪ.ʃən/","The organization is dedicated to the preservation of historic buildings.","Tổ chức này dành tâm huyết cho việc bảo tồn các tòa nhà lịch sử."
"ETS-RC-10","decline","giảm sút hoặc từ chối","verb","/dɪˈklaɪn/","Sales declined sharply in the last quarter.","Doanh số giảm mạnh trong quý vừa qua."
"ETS-RC-10","absent","vắng mặt","adj","/ˈæb.sənt/","He was absent from the meeting due to illness.","Anh ấy vắng mặt trong cuộc họp vì bị ốm."
"ETS-RC-10","opt to","chọn làm gì","verb","/ɑːpt tuː/","Many employees opt to work from home to save commuting time.","Nhiều nhân viên chọn làm việc tại nhà để tiết kiệm thời gian đi lại."
"ETS-RC-10","subcontract","giao khoán công việc cho bên khác","verb","/ˈsʌb.kɑːn.trækt/","The company decided to subcontract the cleaning services to a local firm.","Công ty quyết định khoán dịch vụ vệ sinh cho một công ty địa phương."
"ETS-RC-10","refinance","tái cấp vốn","verb","/ˌriːˈfaɪ.næns/","They decided to refinance their mortgage to get a lower interest rate.","Họ quyết định tái cấp vốn khoản vay thế chấp để có lãi suất thấp hơn."
"ETS-RC-10","velocity","tốc độ, vận tốc","noun","/vəˈlɑː.sə.t̬i/","The velocity of the car was measured by a radar gun.","Vận tốc của chiếc xe được đo bằng súng radar."
"ETS-RC-10","novice","người mới bắt đầu, chưa có kinh nghiệm","noun","/ˈnɑː.vɪs/","She is a novice in the field of marketing.","Cô ấy là người mới trong lĩnh vực tiếp thị."
"ETS-RC-10","nestle","nằm gọn, tựa sát vào","verb","/ˈnes.əl/","The cottage nestles in a quiet valley.","Ngôi nhà nhỏ nằm gọn trong thung lũng yên tĩnh."
"ETS-RC-10","persuade","thuyết phục","verb","/pɚˈsweɪd/","We persuaded him to join our team.","Chúng tôi đã thuyết phục anh ấy tham gia nhóm."
"ETS-RC-10","toiletries","đồ dùng vệ sinh cá nhân","noun","/ˈtɔɪ.lə.triz/","The hotel provides free toiletries in every room.","Khách sạn cung cấp đồ dùng vệ sinh cá nhân miễn phí trong mỗi phòng."
"ETS-RC-10","flock","tụ tập, đổ xô đến","verb","/flɑːk/","Tourists flock to the city every summer.","Khách du lịch đổ xô đến thành phố mỗi mùa hè."
"ETS-RC-10","momentum","động lực, đà tiến","noun","/moʊˈmen.t̬əm/","The campaign is gaining momentum as more people join.","Chiến dịch đang có thêm động lực khi nhiều người tham gia."
"ETS-RC-10","superb","tuyệt vời, xuất sắc","adj","/suːˈpɜːrb/","The chef prepared a superb meal for the guests.","Đầu bếp chuẩn bị một bữa ăn tuyệt vời cho khách."
"ETS-RC-10","artificial","nhân tạo, không tự nhiên","adj","/ˌɑːr.t̬əˈfɪʃ.əl/","The store sells artificial flowers that look real.","Cửa hàng bán hoa nhân tạo trông như thật."
"ETS-RC-10","mutually","một cách lẫn nhau","adverb","/ˈmjuː.tʃu.ə.li/","The agreement was mutually beneficial to both companies.","Thỏa thuận có lợi cho cả hai công ty."
"ETS-RC-10","registered mail","thư bảo đảm","noun","/ˈredʒ.ə.stɚd meɪl/","Please send the documents by registered mail to ensure delivery.","Vui lòng gửi tài liệu bằng thư bảo đảm để đảm bảo giao hàng."
"ETS-RC-10","removal","sự loại bỏ hoặc di chuyển","noun","/rɪˈmuː.vəl/","The removal of the old furniture took all day.","Việc dỡ bỏ đồ nội thất cũ mất cả ngày."
"ETS-RC-10","by contrast","trái lại","adverb","/baɪ ˈkɑːn.træst/","The north of the country is mountainous; by contrast, the south is flat.","Phía bắc đất nước có núi; trái lại, phía nam bằng phẳng."
"ETS-RC-10","a number of","một số lượng","determiner","/ə ˈnʌm.bɚ əv/","A number of employees attended the training session.","Một số nhân viên đã tham gia buổi đào tạo."
"ETS-RC-10","personally","về mặt cá nhân","adverb","/ˈpɝː.sən.əl.i/","I personally think the new design is better.","Về cá nhân tôi nghĩ rằng thiết kế mới tốt hơn."
"ETS-RC-10","merchant","người buôn bán","noun","/ˈmɝː.tʃənt/","The merchant sold spices and fabrics in the market.","Người thương nhân bán gia vị và vải ở chợ."
"ETS-RC-10","in terms of","xét về mặt, liên quan đến","preposition","/ɪn tɝːmz əv/","In terms of sales, this year has been our best.","Xét về doanh số, năm nay là tốt nhất của chúng ta."
"ETS-RC-10","preach","giảng đạo, thuyết giảng, khuyên răn","verb","/priːtʃ/","The priest preached to the congregation about kindness.","Linh mục giảng cho giáo dân về lòng tốt."
"ETS-RC-10","summit","hội nghị thượng đỉnh","noun","/ˈsʌm.ɪt/","World leaders will attend the climate change summit next month.","Các nhà lãnh đạo thế giới sẽ tham dự hội nghị thượng đỉnh về biến đổi khí hậu vào tháng tới."
"ETS-RC-10","voucher","phiếu giảm giá","noun","/ˈvaʊ.tʃɚ/","You can use this voucher to get a discount on your next purchase.","Bạn có thể dùng phiếu này để được giảm giá cho lần mua tiếp theo."
