"Category","Album","Word","Meaning","PartOfSpeech","Pronunciation","Example_English","Example_Vietnamese"
"Listening_Topics","Su-co-ky-thuat-LC","report","báo cáo","verb","/rɪˈpɔːrt/","Customers are encouraged to report any technical problems immediately.","Khách hàng được khuyến khích báo cáo ngay bất kỳ sự cố kỹ thuật nào."
"Listening_Topics","Su-co-ky-thuat-LC","problem","vấn đề khó khăn","noun","/ˈprɑː.bləm/","There seems to be a problem with the printer connection.","Có vẻ như có sự cố với kết nối máy in."
"Listening_Topics","Su-co-ky-thuat-LC","call","gọi điện","verb","/kɔːl/","I'm calling because my computer won't start.","Tôi gọi vì máy tính của tôi không khởi động được."
"Listening_Topics","Su-co-ky-thuat-LC","technical","liên quan đến kỹ thuật","adj","/ˈtek.nɪ.kəl/","The meeting was delayed due to technical difficulties.","Cuộc họp bị trì hoãn do sự cố kỹ thuật."
"Listening_Topics","Su-co-ky-thuat-LC","support","sự hỗ trợ, giúp đỡ kỹ thuật","noun","/səˈpɔːrt/","Contact technical support if the problem continues.","Liên hệ bộ phận hỗ trợ kỹ thuật nếu sự cố vẫn tiếp diễn."
"Listening_Topics","Su-co-ky-thuat-LC","copier","máy photocopy","noun","/ˈkɑː.pi.ɚ/","The copier is jammed and not producing any copies.","Máy photocopy bị kẹt và không in ra bản sao nào."
"Listening_Topics","Su-co-ky-thuat-LC","photocopier","máy photocopy","noun","/ˈfoʊ.t̬oʊˌkɑː.pi.ɚ/","The photocopier is out of toner again.","Máy photocopy lại hết mực rồi."
"Listening_Topics","Su-co-ky-thuat-LC","projector","máy chiếu","noun","/prəˈdʒek.tɚ/","There’s a problem with the projector—it won’t turn on.","Có sự cố với máy chiếu – nó không khởi động được."
"Listening_Topics","Su-co-ky-thuat-LC","printer","máy in","noun","/ˈprɪn.tɚ/","The printer isn't responding and shows an error message.","Máy in không phản hồi và hiển thị thông báo lỗi."
"Listening_Topics","Su-co-ky-thuat-LC","technical support department","bộ phận hỗ trợ kỹ thuật","noun","/ˈtek.nɪ.kəl səˈpɔːrt dɪˌpɑːrt.mənt/","Please contact the technical support department for assistance.","Vui lòng liên hệ bộ phận hỗ trợ kỹ thuật để được hỗ trợ."
"Listening_Topics","Su-co-ky-thuat-LC","maintenance department","bộ phận bảo trì","noun","/ˈmeɪn.tən.əns dɪˌpɑːrt.mənt/","The maintenance department will inspect the HVAC system tomorrow.","Bộ phận bảo trì sẽ kiểm tra hệ thống điều hòa vào ngày mai."
"Listening_Topics","Su-co-ky-thuat-LC","repair","sửa chữa","verb","/rɪˈper/","They are working to repair the broken projector.","Họ đang sửa máy chiếu bị hỏng."
"Listening_Topics","Su-co-ky-thuat-LC","repair","sửa chữa","noun","/rɪˈper/","The printer is out of service and needs repair.","Máy in đang bị hỏng và cần sửa chữa."
"Listening_Topics","Su-co-ky-thuat-LC","fix","sửa chữa","verb","/fɪks/","The technician is coming to fix the printer this afternoon.","Kỹ thuật viên sẽ đến sửa máy in vào chiều nay."
"Listening_Topics","Su-co-ky-thuat-LC","stationery","đồ dùng văn phòng","noun","/ˈsteɪ.ʃə.ner.i/","We’re running low on stationery and need to order more.","Chúng tôi sắp hết đồ dùng văn phòng và cần đặt thêm."
"Listening_Topics","Su-co-ky-thuat-LC","paper tray","khay giấy máy in","phrase","/ˈpeɪ.pɚ treɪ/","The printer is jammed because the paper tray is overloaded.","Máy in bị kẹt vì khay giấy bị nhét quá nhiều."
"Listening_Topics","Su-co-ky-thuat-LC","printer paper","giấy in","phrase","/ˈprɪn.tɚ ˈpeɪ.pɚ/","We can’t print the report because we’re out of printer paper.","Chúng tôi không thể in báo cáo vì đã hết giấy in."
"Listening_Topics","Su-co-ky-thuat-LC","out of order","bị hỏng, không hoạt động","phrase","/ˌaʊt əv ˈɔːr.dɚ/","The copier is out of order and needs repair.","Máy photocopy bị hỏng và cần được sửa chữa."
"Listening_Topics","Su-co-ky-thuat-LC","have trouble with","gặp khó khăn với","phrase","/hæv ˈtrʌ.bəl wɪð/","We’re having trouble with the wireless connection.","Chúng tôi đang gặp sự cố với kết nối không dây."
"Listening_Topics","Su-co-ky-thuat-LC","have a problem with","gặp sự cố với","phrase","/hæv ə ˈprɑː.bləm wɪð/","I have a problem with the printer—it keeps jamming.","Tôi gặp sự cố với máy in – nó liên tục bị kẹt giấy."
"Listening_Topics","Su-co-ky-thuat-LC","make a copy","sao chép tài liệu","verb","/meɪk ə ˈkɑː.pi/","I need to make a copy of this contract before the meeting.","Tôi cần sao chép hợp đồng này trước cuộc họp."
"Listening_Topics","Su-co-ky-thuat-LC","work properly","hoạt động bình thường","phrase","/wɝːk ˈprɑː.pɚ.li/","The scanner isn't working properly—it skips pages.","Máy quét không hoạt động bình thường – nó bỏ sót trang."
"Listening_Topics","Su-co-ky-thuat-LC","work smoothly","hoạt động trơn tru","phrase","/wɝːk ˈsmuːð.li/","The system is expected to work smoothly after the update.","Hệ thống dự kiến sẽ hoạt động trơn tru sau khi cập nhật."
"Listening_Topics","Su-co-ky-thuat-LC","we are going to run out of paper soon","chúng ta sắp hết giấy","sentence","/wi ɑːr ˈɡoʊ.ɪŋ tuː rʌn aʊt əv ˈpeɪ.pɚ suːn/","We are going to run out of paper soon if we keep printing.","Chúng ta sẽ sớm hết giấy nếu tiếp tục in như vậy."
"Listening_Topics","Su-co-ky-thuat-LC","break down","hỏng hóc, ngừng hoạt động","phrase","/breɪk daʊn/","The copier broke down during an important task.","Máy photocopy bị hỏng trong lúc đang làm việc quan trọng."
"Listening_Topics","Su-co-ky-thuat-LC","battery","pin năng lượng","noun","/ˈbæt̬.ɚ.i/","The battery is low and needs to be recharged.","Pin yếu và cần được sạc lại."
"Listening_Topics","Su-co-ky-thuat-LC","socket","ổ cắm điện","noun","/ˈsɑː.kɪt/","Make sure the charger is plugged into the socket properly.","Hãy chắc chắn rằng bộ sạc được cắm đúng vào ổ cắm."
"Listening_Topics","Su-co-ky-thuat-LC","cable","dây dẫn điện hoặc tín hiệu giữa các thiết bị","noun","/ˈkeɪ.bəl/","The internet cable was unplugged accidentally.","Dây mạng đã bị rút ra một cách vô tình."
"Listening_Topics","Su-co-ky-thuat-LC","button","nút bấm trên thiết bị","noun","/ˈbʌt̬.ən/","The power button isn’t responding when I press it.","Nút nguồn không phản hồi khi tôi nhấn."
"Listening_Topics","Su-co-ky-thuat-LC","press","nhấn vào bề mặt hoặc nút để kích hoạt","verb","/pres/","You need to press the green button to start copying.","Bạn cần nhấn nút màu xanh để bắt đầu sao chép."
"Listening_Topics","Su-co-ky-thuat-LC","turn off","tắt thiết bị","verb","/tɝːn ɔːf/","Please turn off the projector after the meeting.","Vui lòng tắt máy chiếu sau cuộc họp."
"Listening_Topics","Su-co-ky-thuat-LC","turn on","bật lên","verb","/tɝːn ɑːn/","Please turn on the projector before the presentation begins.","Vui lòng bật máy chiếu trước khi buổi thuyết trình bắt đầu."
"Listening_Topics","Su-co-ky-thuat-LC","set up","cài đặt hoặc chuẩn bị sẵn sàng sử dụng","verb","/set ʌp/","The technician came to set up the new printer.","Kỹ thuật viên đã đến để cài đặt máy in mới."
"Listening_Topics","Su-co-ky-thuat-LC","error","lỗi","noun","/ˈer.ɚ/","The screen shows an error when we try to print.","Màn hình hiển thị lỗi khi chúng tôi cố in."
"Listening_Topics","Su-co-ky-thuat-LC","display monitor","màn hình hiển thị","phrase","/dɪˈspleɪ ˈmɑː.nə.tɚ/","The display monitor isn’t showing anything.","Màn hình hiển thị không hiển thị gì cả."
"Listening_Topics","Su-co-ky-thuat-LC","malfunction","bị lỗi, không hoạt động đúng cách","verb","/ˌmælˈfʌŋk.ʃən/","The projector malfunctioned during the presentation.","Máy chiếu bị lỗi trong buổi thuyết trình."
"Listening_Topics","Su-co-ky-thuat-LC","malfunction","thiết bị hoạt động sai","noun","/ˌmælˈfʌŋk.ʃən/","We had to cancel the session due to equipment malfunction.","Chúng tôi phải hủy buổi họp vì thiết bị bị lỗi."
"Listening_Topics","Phuong-tien-cong-cong-LC","train station","nhà ga tàu hỏa","noun","/treɪn ˈsteɪ.ʃən/","We arrived at the train station just in time to catch the 8 a.m. train.","Chúng tôi đến nhà ga vừa kịp để bắt chuyến tàu 8 giờ sáng."
"Listening_Topics","Phuong-tien-cong-cong-LC","express train","tàu tốc hành","noun","/ɪkˈspres treɪn/","The express train takes only 45 minutes to reach the airport.","Tàu tốc hành chỉ mất 45 phút để đến sân bay."
"Listening_Topics","Phuong-tien-cong-cong-LC","platform","sân ga","noun","/ˈplæt.fɔːrm/","Please wait on platform 2 for the next train to Chicago.","Vui lòng chờ tại sân ga số 2 cho chuyến tàu tiếp theo đi Chicago."
"Listening_Topics","Phuong-tien-cong-cong-LC","depart","rời đi","verb","/dɪˈpɑːrt/","The bus will depart from Gate 3 at exactly 10 a.m.","Xe buýt sẽ rời khỏi Cổng 3 vào đúng 10 giờ sáng."
"Listening_Topics","Phuong-tien-cong-cong-LC","arrive","đến nơi","verb","/əˈraɪv/","The subway is expected to arrive in five minutes.","Tàu điện ngầm dự kiến sẽ đến trong năm phút nữa."
"Listening_Topics","Phuong-tien-cong-cong-LC","conductor","người soát vé trên xe buýt, tàu","noun","/kənˈdʌk.tɚ/","The conductor checked our tickets before we boarded the train.","Người soát vé đã kiểm tra vé trước khi chúng tôi lên tàu."
"Listening_Topics","Phuong-tien-cong-cong-LC","final destination","điểm đến cuối cùng","noun","/ˈfaɪ.nəl ˌdes.təˈneɪ.ʃən/","The final destination of this train is Central Station.","Điểm đến cuối cùng của chuyến tàu này là Ga Trung tâm."
"Listening_Topics","Phuong-tien-cong-cong-LC","take the train","đi tàu","verb","/teɪk ðə treɪn/","Many commuters take the train to work every morning.","Nhiều người đi làm bằng tàu mỗi sáng."
"Listening_Topics","Phuong-tien-cong-cong-LC","catch a train","kịp chuyến tàu","verb","/kætʃ ə treɪn/","Hurry up if you want to catch the next train.","Nhanh lên nếu bạn muốn kịp chuyến tàu tiếp theo."
"Listening_Topics","Phuong-tien-cong-cong-LC","get off the train","xuống tàu","verb","/ɡet ɔːf ðə treɪn/","You should get off the train at the next station.","Bạn nên xuống tàu ở ga kế tiếp."
"Listening_Topics","Phuong-tien-cong-cong-LC","get off the bus","xuống xe buýt","verb","/ɡet ɔːf ðə bʌs/","I usually get off the bus two blocks before the office.","Tôi thường xuống xe buýt cách văn phòng hai dãy nhà."
"Listening_Topics","Phuong-tien-cong-cong-LC","leave from","khởi hành từ","verb","/liːv frəm/","The train will leave from platform 6 at 9:30 a.m.","Tàu sẽ khởi hành từ sân ga số 6 lúc 9:30 sáng."
"Listening_Topics","Phuong-tien-cong-cong-LC","commute","đi lại giữa nhà và nơi làm việc/trường học","verb","/kəˈmjuːt/","Many employees commute to the city by train every day.","Nhiều nhân viên đi làm ở thành phố bằng tàu mỗi ngày."
"Listening_Topics","Phuong-tien-cong-cong-LC","traffic jam","kẹt xe","noun","/ˈtræf.ɪk ˌdʒæm/","We were late because of a traffic jam on Main Street.","Chúng tôi đến muộn vì kẹt xe ở đường Main."
"Listening_Topics","Phuong-tien-cong-cong-LC","bus stop","trạm xe buýt","noun","/bʌs stɑːp/","She waited at the bus stop for nearly twenty minutes.","Cô ấy chờ tại trạm xe buýt gần hai mươi phút."
"Listening_Topics","Phuong-tien-cong-cong-LC","driver","người lái xe","noun","/ˈdraɪ.vɚ/","The bus driver announced the next stop clearly.","Tài xế xe buýt đã thông báo rõ ràng trạm dừng tiếp theo."
"Listening_Topics","Phuong-tien-cong-cong-LC","season ticket","vé tháng hoặc vé dài hạn đi lại không giới hạn","noun","/ˈsiː.zən ˌtɪk.ɪt/","She bought a season ticket to save money on her daily commute.","Cô ấy mua vé tháng để tiết kiệm chi phí đi lại hằng ngày."
"Listening_Topics","Phuong-tien-cong-cong-LC","cab","taxi","noun","/kæb/","We took a cab to the train station because it was raining.","Chúng tôi đi taxi đến nhà ga vì trời đang mưa."
"Listening_Topics","Phuong-tien-cong-cong-LC","ferry","phà chở người và xe qua sông hoặc biển","noun","/ˈfer.i/","The ferry to the island departs every hour.","Phà ra đảo khởi hành mỗi giờ."
"Listening_Topics","Khach-san-LC","reserve","đặt trước","verb","/rɪˈzɝːv/","I'd like to reserve a double room for two nights.","Tôi muốn đặt một phòng đôi cho hai đêm."
"Listening_Topics","Khach-san-LC","book","đặt trước dịch vụ","verb","/bʊk/","She booked a hotel near the convention center.","Cô ấy đã đặt khách sạn gần trung tâm hội nghị."
"Listening_Topics","Khach-san-LC","amenities","tiện nghi","noun","/əˈmen.ə.t̬iz/","The hotel offers modern amenities including a spa and fitness center.","Khách sạn cung cấp tiện nghi hiện đại gồm spa và trung tâm thể hình."
"Listening_Topics","Khach-san-LC","complimentary breakfast","bữa sáng miễn phí","noun","/ˌkɑːm.pləˈmen.t̬ɚ.i ˈbrek.fəst/","This hotel includes complimentary breakfast for all guests.","Khách sạn này bao gồm bữa sáng miễn phí cho tất cả khách."
"Listening_Topics","Khach-san-LC","check in","làm thủ tục nhận phòng","verb","/tʃek ɪn/","Guests can check in anytime after 2 p.m.","Khách có thể nhận phòng bất cứ lúc nào sau 2 giờ chiều."
"Listening_Topics","Khach-san-LC","check out","trả phòng","verb","/tʃek aʊt/","Please check out before 11 a.m. on your departure day.","Vui lòng trả phòng trước 11 giờ sáng vào ngày bạn rời đi."
"Listening_Topics","Khach-san-LC","deposit","tiền đặt cọc","noun","/dɪˈpɑː.zɪt/","The hotel requires a $100 deposit at check-in.","Khách sạn yêu cầu đặt cọc 100 đô khi nhận phòng."
"Listening_Topics","Khach-san-LC","front desk","quầy lễ tân","noun","/frʌnt desk/","You can ask for extra towels at the front desk.","Bạn có thể yêu cầu thêm khăn tại quầy lễ tân."
"Listening_Topics","Khach-san-LC","reception","quầy lễ tân","noun","/rɪˈsep.ʃən/","Please leave your key at the reception when checking out.","Vui lòng để lại chìa khóa tại quầy lễ tân khi trả phòng."
"Listening_Topics","Khach-san-LC","confirmation code","mã xác nhận","noun","/ˌkɑːn.fɚˈmeɪ.ʃən koʊd/","Please provide your confirmation code at check-in.","Vui lòng cung cấp mã xác nhận khi nhận phòng."
"Listening_Topics","Khach-san-LC","confirmation number","số xác nhận đặt phòng","noun","/ˌkɑːn.fɚˈmeɪ.ʃən ˈnʌm.bɚ/","Your confirmation number is printed on the booking receipt.","Số xác nhận của bạn được in trên biên nhận đặt phòng."
"Listening_Topics","Khach-san-LC","available","còn trống, có thể sử dụng","adj","/əˈveɪ.lə.bəl/","We only have one room available for tonight.","Chúng tôi chỉ còn một phòng trống cho đêm nay."
"Listening_Topics","Khach-san-LC","vacancy","phòng trống","noun","/ˈveɪ.kən.si/","The hotel has no vacancy during the holiday season.","Khách sạn không còn phòng trống trong mùa lễ."
"Listening_Topics","Khach-san-LC","vacant","trống, chưa sử dụng","adj","/ˈveɪ.kənt/","The only vacant room was on the top floor.","Phòng trống duy nhất là ở tầng cao nhất."
"Listening_Topics","Khach-san-LC","double bed","giường đôi","noun","/ˈdʌ.bəl bed/","We requested a room with a double bed.","Chúng tôi đã yêu cầu phòng có giường đôi."
"Listening_Topics","Khach-san-LC","king-size bed","giường cỡ lớn","noun","/ˈkɪŋ.saɪz bed/","The suite includes a king-size bed and a private balcony.","Phòng suite bao gồm giường cỡ lớn và ban công riêng."
"Listening_Topics","Khach-san-LC","housekeeping","bộ phận dọn phòng","noun","/ˈhaʊsˌkiː.pɪŋ/","Please contact housekeeping if you need extra towels.","Vui lòng liên hệ bộ phận dọn phòng nếu bạn cần thêm khăn tắm."
"Listening_Topics","Khach-san-LC","extend the reservation","kéo dài thời gian đặt phòng","verb","/ɪkˈstend ðə ˌrez.ɚˈveɪ.ʃən/","We’d like to extend the reservation for one more night.","Chúng tôi muốn kéo dài thời gian đặt phòng thêm một đêm."
"Listening_Topics","Khach-san-LC","noisy room","phòng ồn ào","noun","/ˈnɔɪ.zi ruːm/","We asked to move because our room was too noisy.","Chúng tôi yêu cầu đổi phòng vì phòng quá ồn."
"Listening_Topics","Khach-san-LC","quiet room","phòng yên tĩnh","noun","/ˈkwaɪ.ət ruːm/","I’d prefer a quiet room away from the street.","Tôi muốn một phòng yên tĩnh, tránh xa đường phố."
"Listening_Topics","Khach-san-LC","towel","khăn lau người","noun","/ˈtaʊ.əl/","Please call housekeeping if you need extra towels.","Vui lòng gọi bộ phận dọn phòng nếu bạn cần thêm khăn tắm."
"Listening_Topics","Khach-san-LC","room key","chìa khóa phòng khách sạn","noun","/ruːm kiː/","Don’t forget to return your room key at check-out.","Đừng quên trả lại chìa khóa phòng khi trả phòng."
"Listening_Topics","Khach-san-LC","sauna","phòng xông hơi thư giãn","noun","/ˈsɑː.nə/","The hotel offers a free sauna for all guests.","Khách sạn có phòng xông hơi miễn phí cho tất cả khách."
"Listening_Topics","Khach-san-LC","indoor pool","hồ bơi trong nhà","noun","/ˈɪn.dɔːr puːl/","Our indoor pool is open from 6 a.m. to 10 p.m. daily.","Hồ bơi trong nhà của chúng tôi mở cửa từ 6 giờ sáng đến 10 giờ tối hàng ngày."
"Listening_Topics","Khach-san-LC","call back","gọi lại","verb","/kɑːl bæk/","I’ll call you back after I check with the manager.","Tôi sẽ gọi lại cho bạn sau khi kiểm tra với quản lý."
"Listening_Topics","Khach-san-LC","confirm","xác nhận","verb","/kənˈfɝːm/","I’d like to confirm my reservation for next week.","Tôi muốn xác nhận đặt phòng cho tuần tới."
"Listening_Topics","Khach-san-LC","cancel","hủy bỏ","verb","/ˈkæn.səl/","You may cancel your reservation up to 24 hours in advance.","Bạn có thể hủy đặt phòng trước 24 giờ."
"Listening_Topics","Khach-san-LC","stay an additional night","ở thêm một đêm","verb","/steɪ ən əˈdɪʃ.ən.əl naɪt/","We’d like to stay an additional night if a room is available.","Chúng tôi muốn ở thêm một đêm nếu còn phòng."
"Listening_Topics","Khach-san-LC","make a reservation","đặt chỗ trước","verb","/meɪk ə ˌrez.ɚˈveɪ.ʃən/","I’d like to make a reservation for a double room.","Tôi muốn đặt một phòng đôi."
"Listening_Topics","Khach-san-LC","confirm a reservation","xác nhận đặt phòng","verb","/kənˈfɝːm ə ˌrez.ɚˈveɪ.ʃən/","I called to confirm my reservation for this weekend.","Tôi đã gọi để xác nhận đặt phòng cuối tuần này."
"Listening_Topics","Khach-san-LC","appointment","cuộc hẹn chính thức","noun","/əˈpɔɪnt.mənt/","I have an appointment for a massage at 3 p.m.","Tôi có hẹn massage lúc 3 giờ chiều."
"Listening_Topics","Khach-san-LC","reschedule","sắp xếp lại lịch hẹn","verb","/ˌriːˈskedʒ.uːl/","I’d like to reschedule my spa appointment to tomorrow.","Tôi muốn dời cuộc hẹn spa sang ngày mai."
"Listening_Topics","Khach-san-LC","change the sheets","thay ga trải giường","verb","/tʃeɪndʒ ðə ʃiːts/","Could you please change the sheets in our room?","Bạn có thể thay ga trải giường trong phòng chúng tôi không?"
"Listening_Topics","Khach-san-LC","private room","phòng riêng","noun","/ˈpraɪ.vət ruːm/","We reserved a private room for our meeting.","Chúng tôi đã đặt một phòng riêng cho cuộc họp."
"Listening_Topics","Khach-san-LC","banquet hall","phòng tiệc lớn","noun","/ˈbæŋ.kwɪt hɑːl/","The banquet hall can accommodate up to 200 guests.","Phòng tiệc có thể chứa tới 200 khách."
"Listening_Topics","Khach-san-LC","business trip","chuyến công tác","noun","/ˈbɪz.nəs trɪp/","He stayed at this hotel during his business trip.","Anh ấy đã ở khách sạn này trong chuyến công tác."
"Listening_Topics","Khach-san-LC","lodging","chỗ ở tạm thời","noun","/ˈlɑː.dʒɪŋ/","The company covers all lodging during your trip.","Công ty chi trả toàn bộ chỗ ở trong chuyến đi của bạn."
"Listening_Topics","Khach-san-LC","at the same rate","với cùng mức giá","phrase","/æt ðə seɪm reɪt/","Can we extend our stay at the same rate?","Chúng tôi có thể gia hạn lưu trú với cùng mức giá không?"
"Listening_Topics","Hang-hang-khong-LC","flight","chuyến bay","noun","/flaɪt/","Our flight to Tokyo departs at 10 a.m.","Chuyến bay đến Tokyo của chúng tôi khởi hành lúc 10 giờ sáng."
"Listening_Topics","Hang-hang-khong-LC","connecting flight","chuyến bay nối tiếp","noun","/kəˈnek.tɪŋ flaɪt/","We missed our connecting flight because the first flight was delayed.","Chúng tôi lỡ chuyến bay nối tiếp vì chuyến đầu bị trễ."
"Listening_Topics","Hang-hang-khong-LC","direct flight","chuyến bay thẳng","noun","/dəˈrekt flaɪt/","I prefer taking a direct flight to avoid layovers.","Tôi thích bay thẳng để tránh phải dừng chân."
"Listening_Topics","Hang-hang-khong-LC","baggage","hành lý","noun","/ˈbæɡ.ɪdʒ/","You can check in two pieces of baggage free of charge.","Bạn có thể ký gửi hai kiện hành lý miễn phí."
"Listening_Topics","Hang-hang-khong-LC","luggage","hành lý","noun","/ˈlʌɡ.ɪdʒ/","Her luggage was delayed and arrived the next day.","Hành lý của cô ấy bị trễ và đến vào ngày hôm sau."
"Listening_Topics","Hang-hang-khong-LC","weather conditions","tình hình thời tiết","noun","/ˈweð.ɚ kənˈdɪ.ʃənz/","The flight was delayed due to poor weather conditions.","Chuyến bay bị hoãn do điều kiện thời tiết xấu."
"Listening_Topics","Hang-hang-khong-LC","departure","sự khởi hành","noun","/dɪˈpɑːr.tʃɚ/","The departure time has been changed to 3:30 p.m.","Thời gian khởi hành đã được đổi thành 3:30 chiều."
"Listening_Topics","Hang-hang-khong-LC","one-way ticket","vé một chiều","noun","/ˌwʌn.weɪ ˈtɪk.ɪt/","She bought a one-way ticket to Paris.","Cô ấy đã mua vé một chiều đến Paris."
"Listening_Topics","Hang-hang-khong-LC","first class","hạng nhất","noun","/ˌfɝːst ˈklæs/","They were upgraded to first class for free.","Họ được nâng cấp lên hạng nhất miễn phí."
"Listening_Topics","Hang-hang-khong-LC","economy class","hạng ghế phổ thông","noun","/ɪˈkɑː.nə.mi klæs/","We booked two seats in economy class to save money.","Chúng tôi đã đặt hai ghế hạng phổ thông để tiết kiệm chi phí."
"Listening_Topics","Hang-hang-khong-LC","business class","hạng thương gia","noun","/ˈbɪz.nəs klæs/","Business class passengers board before economy.","Hành khách hạng thương gia lên máy bay trước hạng phổ thông."
"Listening_Topics","Hang-hang-khong-LC","carry-on baggage","hành lý xách tay","noun","/ˈker.i ɑːn ˈbæɡ.ɪdʒ/","Only one piece of carry-on baggage is allowed per passenger.","Mỗi hành khách chỉ được mang một kiện hành lý xách tay."
"Listening_Topics","Hang-hang-khong-LC","gate","cổng ra máy bay","noun","/ɡeɪt/","Your flight will depart from gate 12B.","Chuyến bay của bạn sẽ khởi hành từ cổng 12B."
"Listening_Topics","Hang-hang-khong-LC","flight attendant","tiếp viên hàng không","noun","/ˈflaɪt əˌten.dənt/","The flight attendant helped me find space for my carry-on.","Tiếp viên đã giúp tôi tìm chỗ để hành lý xách tay."
"Listening_Topics","Hang-hang-khong-LC","boarding pass","thẻ lên máy bay","noun","/ˈbɔːr.dɪŋ pæs/","You must present your boarding pass at the gate.","Bạn phải xuất trình thẻ lên máy bay tại cổng."
"Listening_Topics","Hang-hang-khong-LC","baggage carousel","băng chuyền hành lý","noun","/ˈbæɡ.ɪdʒ ˌker.əˈsel/","Passengers are waiting by the baggage carousel.","Hành khách đang chờ bên băng chuyền hành lý."
"Listening_Topics","Hang-hang-khong-LC","stopover","chặng dừng giữa chuyến bay","noun","/ˈstɑːpˌoʊ.vɚ/","We had a short stopover in Dubai before flying to Rome.","Chúng tôi có một chặng dừng ngắn tại Dubai trước khi bay đến Rome."
"Listening_Topics","Hang-hang-khong-LC","cabin","khoang hành khách trên máy bay","noun","/ˈkæb.ɪn/","Please remain seated until the cabin lights are on.","Vui lòng ngồi yên cho đến khi đèn khoang sáng."
"Listening_Topics","Hang-hang-khong-LC","be bound for","đi đến, hướng tới một điểm đến cụ thể","verb","/baʊnd fɔːr/","This flight is bound for Los Angeles with a stop in Denver.","Chuyến bay này đi đến Los Angeles và dừng tại Denver."
"Listening_Topics","Hang-hang-khong-LC","on board","trên tàu, máy bay hoặc phương tiện giao thông khác","adv","/ɑːn bɔːrd/","Welcome on board and thank you for choosing our airline.","Chào mừng quý khách lên máy bay và cảm ơn đã chọn hãng hàng không của chúng tôi."
"Listening_Topics","Hang-hang-khong-LC","take an earlier flight","đi chuyến bay sớm hơn","verb","/teɪk æn ˈɜːr.li.ɚ flaɪt/","I’d like to take an earlier flight if there’s one available.","Tôi muốn đi chuyến bay sớm hơn nếu có."
"Listening_Topics","Hang-hang-khong-LC","fly to","bay đến","verb","/flaɪ tuː/","I’m flying to Singapore next Monday for a business meeting.","Tôi sẽ bay đến Singapore vào thứ Hai tới để họp công việc."
"Listening_Topics","Hang-hang-khong-LC","check in","làm thủ tục lên máy bay","verb","/tʃek ɪn/","You should check in at least two hours before departure.","Bạn nên làm thủ tục ít nhất hai giờ trước giờ bay."
"Listening_Topics","Hang-hang-khong-LC","miss a flight","lỡ chuyến bay","verb","/mɪs ə flaɪt/","I missed my flight because of a traffic jam.","Tôi bị lỡ chuyến bay vì kẹt xe."
"Listening_Topics","Hang-hang-khong-LC","book a flight from A to B","đặt vé máy bay từ A đến B","verb","/bʊk ə flaɪt frəm eɪ tuː biː/","I booked a flight from Hanoi to Da Nang for next Friday.","Tôi đã đặt vé bay từ Hà Nội đến Đà Nẵng cho thứ Sáu tới."
"Listening_Topics","Hang-hang-khong-LC","assign seats","chỉ định chỗ ngồi","verb","/əˈsaɪn siːts/","The airline will assign seats at the check-in counter.","Hãng hàng không sẽ chỉ định chỗ ngồi tại quầy làm thủ tục."
"Listening_Topics","Hang-hang-khong-LC","the flight has been canceled","chuyến bay đã bị hủy","sentence","/ðə flaɪt hæz bɪn ˈkæn.səld/","The flight has been canceled due to severe weather.","Chuyến bay đã bị hủy do thời tiết xấu nghiêm trọng."
"Listening_Topics","Hang-hang-khong-LC","storm","cơn bão lớn với mưa gió mạnh","noun","/stɔːrm/","The storm delayed all outbound flights.","Cơn bão đã làm trì hoãn tất cả chuyến bay đi."
"Listening_Topics","Nhan-su-LC-1","position","vị trí công việc","noun","/pəˈzɪʃ.ən/","She applied for a marketing position at the head office.","Cô ấy đã nộp đơn cho vị trí tiếp thị tại trụ sở chính."
"Listening_Topics","Nhan-su-LC-1","director","giám đốc","noun","/dəˈrek.tɚ/","The finance director will present the annual report tomorrow.","Giám đốc tài chính sẽ trình bày báo cáo thường niên vào ngày mai."
"Listening_Topics","Nhan-su-LC-1","manager","người quản lý","noun","/ˈmæn.ə.dʒɚ/","The store manager is responsible for supervising all employees.","Quản lý cửa hàng chịu trách nhiệm giám sát tất cả nhân viên."
"Listening_Topics","Nhan-su-LC-1","supervisor","người giám sát","noun","/ˈsuː.pɚ.vaɪ.zɚ/","The supervisor closely monitored the new employees’ performance.","Người giám sát theo dõi sát sao hiệu suất của các nhân viên mới."
"Listening_Topics","Nhan-su-LC-1","assistant","trợ lý","noun","/əˈsɪs.tənt/","The assistant helped prepare documents for the meeting.","Trợ lý đã giúp chuẩn bị tài liệu cho cuộc họp."
"Listening_Topics","Nhan-su-LC-1","staff","nhân viên","noun","/stæf/","All staff must attend the safety training next week.","Tất cả nhân viên phải tham gia buổi đào tạo an toàn vào tuần tới."
"Listening_Topics","Nhan-su-LC-1","colleague","đồng nghiệp","noun","/ˈkɑː.liːɡ/","She discussed the new policy with her colleagues in the meeting.","Cô ấy đã thảo luận chính sách mới với các đồng nghiệp trong cuộc họp."
"Listening_Topics","Nhan-su-LC-1","coworker","người làm cùng","noun","/ˈkoʊˌwɝː.kɚ/","I share an office space with three other coworkers.","Tôi chia sẻ không gian văn phòng với ba đồng nghiệp khác."
"Listening_Topics","Nhan-su-LC-1","headquarters","trụ sở chính","noun","/ˈhedˌkwɔːr.t̬ɚz/","The company's headquarters are located in New York City.","Trụ sở chính của công ty đặt tại thành phố New York."
"Listening_Topics","Nhan-su-LC-1","department","phòng ban","noun","/dɪˈpɑːrt.mənt/","She was recently promoted to head of the sales department.","Cô ấy mới được thăng chức làm trưởng phòng kinh doanh."
"Listening_Topics","Nhan-su-LC-1","division","bộ phận trong công ty","noun","/dɪˈvɪʒ.ən/","Our company has a separate division for international sales.","Công ty chúng tôi có một bộ phận riêng cho mảng kinh doanh quốc tế."
"Listening_Topics","Nhan-su-LC-1","office","văn phòng","noun","/ˈɑː.fɪs/","The regional office will oversee the new project.","Văn phòng khu vực sẽ giám sát dự án mới."
"Listening_Topics","Nhan-su-LC-1","executive","người điều hành cấp cao","noun","/ɪɡˈzek.jə.t̬ɪv/","The executive approved the final budget proposal.","Giám đốc điều hành đã phê duyệt đề xuất ngân sách cuối cùng."
"Listening_Topics","Nhan-su-LC-1","oversee","giám sát","verb","/ˌoʊ.vɚˈsiː/","The HR manager will oversee the recruitment process.","Quản lý nhân sự sẽ giám sát quy trình tuyển dụng."
"Listening_Topics","Nhan-su-LC-1","work on","làm việc để cải thiện hoặc hoàn thành điều gì đó","verb","/wɝːk ɑːn/","The design team is working on a new product prototype.","Nhóm thiết kế đang làm việc trên nguyên mẫu sản phẩm mới."
"Listening_Topics","Nhan-su-LC-1","help","giúp đỡ","verb","/help/","He helped his manager with the quarterly budget review.","Anh ấy đã giúp quản lý của mình xem xét ngân sách hàng quý."
"Listening_Topics","Nhan-su-LC-1","come up with","nghĩ ra, đề xuất ý tưởng hoặc kế hoạch","verb","/kʌm ʌp wɪð/","She came up with a new idea to improve productivity.","Cô ấy đã nghĩ ra một ý tưởng mới để nâng cao năng suất."
"Listening_Topics","Nhan-su-LC-1","put together","chuẩn bị, sắp xếp hoặc tổ chức cái gì đó","verb","/ˌpʊt təˈɡeð.ɚ/","The team put together a detailed proposal for the client.","Nhóm đã chuẩn bị một đề xuất chi tiết cho khách hàng."
"Listening_Topics","Nhan-su-LC-1","take care of","lo liệu, chăm sóc, chịu trách nhiệm về việc gì đó","verb","/teɪk ker əv/","The receptionist will take care of your travel arrangements.","Lễ tân sẽ lo liệu việc sắp xếp chuyến đi cho bạn."
"Listening_Topics","Nhan-su-LC-1","deal with","xử lý, giải quyết vấn đề hoặc tình huống","verb","/diːl wɪð/","Our HR team deals with all employee complaints.","Đội ngũ nhân sự của chúng tôi xử lý mọi khiếu nại của nhân viên."
"Listening_Topics","Nhan-su-LC-1","handle","giải quyết, xử lý tình huống hoặc công việc","verb","/ˈhæn.dəl/","The assistant will handle all incoming calls this afternoon.","Trợ lý sẽ xử lý tất cả cuộc gọi đến vào chiều nay."
"Listening_Topics","Nhan-su-LC-1","check with somebody","hỏi ý kiến ai đó","verb","/tʃek wɪð ˈsʌm.bə.di/","Please check with your supervisor before making any changes.","Vui lòng kiểm tra lại với người giám sát trước khi thực hiện thay đổi."
"Listening_Topics","Nhan-su-LC-1","in charge of","chịu trách nhiệm về","preposition","/ɪn tʃɑːrdʒ ʌv/","She is in charge of scheduling interviews this week.","Cô ấy phụ trách sắp xếp các buổi phỏng vấn trong tuần này."
"Listening_Topics","Nhan-su-LC-1","responsible for","chịu trách nhiệm về","verb","/bi rɪˈspɑːn.sə.bəl fɔːr/","The manager is responsible for approving all leave requests.","Quản lý chịu trách nhiệm phê duyệt tất cả các yêu cầu nghỉ phép."
"Listening_Topics","Nhan-su-LC-1","retire","nghỉ hưu","verb","/rɪˈtaɪr/","Mr. Lee will retire after 30 years with the company.","Ông Lee sẽ nghỉ hưu sau 30 năm làm việc tại công ty."
"Listening_Topics","Nhan-su-LC-1","retirement","nghỉ hưu","noun","/rɪˈtaɪr.mənt/","He announced his retirement during the staff meeting.","Anh ấy thông báo việc nghỉ hưu trong cuộc họp nhân viên."
"Listening_Topics","Nhan-su-LC-1","resign","từ chức","verb","/rɪˈzaɪn/","She decided to resign from her position due to personal reasons.","Cô ấy quyết định từ chức vì lý do cá nhân."
"Listening_Topics","Nhan-su-LC-1","resignation","đơn từ chức","noun","/ˌrez.ɪɡˈneɪ.ʃən/","Her resignation was accepted by the board yesterday.","Đơn từ chức của cô ấy đã được hội đồng chấp thuận vào hôm qua."
"Listening_Topics","Nhan-su-LC-1","transfer","chuyển nhượng, điều chuyển","verb","/ˈtræns.fɝː/","She was transferred to the Singapore branch last quarter.","Cô ấy đã được điều chuyển đến chi nhánh Singapore vào quý trước."
"Listening_Topics","Nhan-su-LC-1","replace","thay thế","verb","/rɪˈpleɪs/","We need to replace the team leader who just resigned.","Chúng tôi cần thay thế trưởng nhóm vừa từ chức."
"Listening_Topics","Nhan-su-LC-1","hard work","sự chăm chỉ","noun","/hɑːrd wɝːk/","Her hard work earned her a promotion last month.","Sự chăm chỉ của cô ấy đã giúp cô được thăng chức tháng trước."
"Listening_Topics","Nhan-su-LC-1","dedication","sự tận tâm, cống hiến hết mình","noun","/ˌded.əˈkeɪ.ʃən/","Her dedication to the team is truly admirable.","Sự tận tâm của cô ấy với nhóm thật sự đáng ngưỡng mộ."
"Listening_Topics","Nhan-su-LC-1","appreciate","đánh giá cao, cảm kích","verb","/əˈpriː.ʃi.eɪt/","We truly appreciate your contributions to the project.","Chúng tôi thật sự đánh giá cao những đóng góp của bạn cho dự án."
"Listening_Topics","Nhan-su-LC-1","leave the company","rời công ty, nghỉ việc","verb","/liːv ðə ˈkʌm.pə.ni/","She decided to leave the company to pursue other opportunities.","Cô ấy quyết định rời công ty để theo đuổi những cơ hội khác."
"Listening_Topics","Nhan-su-LC-1","move to","chuyển đến","verb","/muːv tuː/","She will move to the New York office next month.","Cô ấy sẽ chuyển đến văn phòng New York vào tháng tới."
"Listening_Topics","Nhan-su-LC-1","transfer to","điều chuyển đến nơi khác","verb","/ˈtræns.fɚ tuː/","She was transferred to the HR department last quarter.","Cô ấy đã được điều chuyển đến phòng nhân sự vào quý trước."
"Listening_Topics","Nhan-su-LC-1","hold the party","tổ chức tiệc","verb","/hoʊld ðə ˈpɑːr.ti/","The company will hold the party to celebrate the retirement.","Công ty sẽ tổ chức tiệc để chúc mừng lễ nghỉ hưu."
"Listening_Topics","Nhan-su-LC-1","go into retirement","bắt đầu nghỉ hưu","verb","/ɡoʊ ˈɪn.tuː rɪˈtaɪər.mənt/","He will go into retirement at the end of this year.","Ông ấy sẽ nghỉ hưu vào cuối năm nay."
"Listening_Topics","Nhan-su-LC-1","request a transfer to","yêu cầu chuyển sang vị trí khác","verb","/rɪˈkwest ə ˈtræns.fɚ tuː/","She requested a transfer to the London branch.","Cô ấy đã yêu cầu chuyển đến chi nhánh London."
"Listening_Topics","Nha-hang-LC","eat out","ăn ngoài","verb","/iːt aʊt/","We usually eat out on weekends to try new restaurants.","Chúng tôi thường ăn ngoài vào cuối tuần để thử các nhà hàng mới."
"Listening_Topics","Nha-hang-LC","dessert","món tráng miệng","noun","/dɪˈzɝːt/","The waiter brought our dessert right after clearing the plates.","Phục vụ mang món tráng miệng sau khi dọn đĩa."
"Listening_Topics","Nha-hang-LC","cuisine","ẩm thực","noun","/kwɪˈziːn/","The hotel restaurant specializes in French cuisine.","Nhà hàng khách sạn chuyên phục vụ ẩm thực Pháp."
"Listening_Topics","Nha-hang-LC","bill","hóa đơn thanh toán","noun","/bɪl/","Could we get the bill, please?","Chúng tôi có thể nhận hóa đơn được không?"
"Listening_Topics","Nha-hang-LC","appetizer","món khai vị","noun","/ˈæp.ə.taɪ.zɚ/","We ordered a salad as an appetizer.","Chúng tôi gọi một món salad làm món khai vị."
"Listening_Topics","Nha-hang-LC","waiter","nhân viên phục vụ bàn nam","noun","/ˈweɪ.t̬ɚ/","The waiter recommended the chef’s special for today.","Phục vụ bàn gợi ý món đặc biệt trong ngày của bếp trưởng."
"Listening_Topics","Nha-hang-LC","vegetarian","người ăn chay","noun","/ˌvedʒ.əˈter.i.ən/","The restaurant offers several vegetarian options.","Nhà hàng cung cấp nhiều lựa chọn món chay."
"Listening_Topics","Nha-hang-LC","menu","thực đơn món ăn và đồ uống","noun","/ˈmen.juː/","Can we see the menu, please?","Cho chúng tôi xem thực đơn được không?"
"Listening_Topics","Nha-hang-LC","meal","bữa ăn","noun","/mɪəl/","The meal was served within 15 minutes.","Bữa ăn được phục vụ trong vòng 15 phút."
"Listening_Topics","Nha-hang-LC","dish","món ăn","noun","/dɪʃ/","The chef’s special dish is grilled salmon with vegetables.","Món đặc biệt của đầu bếp là cá hồi nướng với rau củ."
"Listening_Topics","Nha-hang-LC","serve","phục vụ","verb","/sɝːv/","The restaurant serves breakfast from 7 a.m. to 10 a.m.","Nhà hàng phục vụ bữa sáng từ 7 giờ đến 10 giờ sáng."
"Listening_Topics","Nha-hang-LC","prefer","thích hơn, ưu tiên hơn","verb","/prɪˈfɝː/","I prefer seafood over red meat.","Tôi thích hải sản hơn thịt đỏ."
"Listening_Topics","Nha-hang-LC","dining room","phòng ăn","noun","/ˈdaɪ.nɪŋ ˌruːm/","The dining room was full of guests during dinner service.","Phòng ăn chật kín khách trong giờ phục vụ bữa tối."
"Listening_Topics","Nha-hang-LC","ingredient","nguyên liệu nấu ăn","noun","/ɪnˈɡriː.di.ənt/","Fresh ingredients are essential for a delicious dish.","Nguyên liệu tươi là yếu tố cần thiết cho một món ăn ngon."
"Listening_Topics","Nha-hang-LC","vegetarian meal","bữa ăn chay","noun","/ˌvedʒ.əˈter.i.ən miːl/","He ordered a vegetarian meal with tofu and vegetables.","Anh ấy gọi một bữa chay gồm đậu phụ và rau củ."
"Listening_Topics","Nha-hang-LC","patio area","khu vực sân hiên ngoài trời","noun","/ˈpæt.i.oʊ ˈer.i.ə/","We requested a table in the patio area to enjoy the weather.","Chúng tôi yêu cầu một bàn ở khu vực sân hiên để tận hưởng thời tiết."
"Listening_Topics","Nha-hang-LC","take an order","ghi nhận đơn hàng","verb","/teɪk ən ˈɔːr.dɚ/","The waiter came over to take our order quickly.","Phục vụ đến ghi món của chúng tôi rất nhanh."
"Listening_Topics","Nha-hang-LC","serve the food","phục vụ đồ ăn","verb","/sɝːv ðə fuːd/","They served the food hot and fresh.","Họ phục vụ đồ ăn nóng và tươi ngon."
"Listening_Topics","Nha-hang-LC","book a table","đặt bàn tại nhà hàng","verb","/bʊk ə ˈteɪ.bəl/","I’d like to book a table for two at 7 p.m.","Tôi muốn đặt bàn cho hai người lúc 7 giờ tối."
"Listening_Topics","Nha-hang-LC","reserve a table","giữ chỗ bàn","verb","/rɪˈzɝːv ə ˈteɪ.bəl/","She reserved a table by the window for dinner.","Cô ấy đã giữ chỗ bàn gần cửa sổ cho bữa tối."
"Listening_Topics","Nha-hang-LC","make a reservation","đặt chỗ trước","verb","/meɪk ə ˌrez.ɚˈveɪ.ʃən/","You can make a reservation by calling the restaurant directly.","Bạn có thể đặt chỗ bằng cách gọi trực tiếp cho nhà hàng."
"Listening_Topics","Nha-hang-LC","place an order","đặt món","verb","/pleɪs ən ˈɔːr.dɚ/","The server came to our table to place the order.","Nhân viên phục vụ đến bàn chúng tôi để ghi món."
"Listening_Topics","Tai-cua-hang-LC","clerk","nhân viên cửa hàng","noun","/klɝːk/","The clerk helped the customer find the right size.","Nhân viên đã giúp khách hàng tìm đúng kích cỡ."
"Listening_Topics","Tai-cua-hang-LC","vendor","người bán hàng","noun","/ˈven.dɚ/","I bought fresh fruit from a vendor at the market.","Tôi đã mua trái cây tươi từ một người bán tại chợ."
"Listening_Topics","Tai-cua-hang-LC","customer","khách hàng","noun","/ˈkʌs.tə.mɚ/","The customer asked the clerk about the return policy.","Khách hàng hỏi nhân viên về chính sách đổi trả."
"Listening_Topics","Tai-cua-hang-LC","shopper","người mua sắm","noun","/ˈʃɑː.pɚ/","Shoppers crowded the store during the weekend sale.","Người mua sắm chen chúc tại cửa hàng trong đợt giảm giá cuối tuần."
"Listening_Topics","Tai-cua-hang-LC","item","mặt hàng","noun","/ˈaɪ.t̬əm/","This item is currently out of stock.","Mặt hàng này hiện đang hết hàng."
"Listening_Topics","Tai-cua-hang-LC","merchandise","hàng hóa","noun","/ˈmɝː.tʃən.daɪs/","All merchandise must be scanned at checkout.","Tất cả hàng hóa phải được quét mã tại quầy thanh toán."
"Listening_Topics","Tai-cua-hang-LC","special offer","ưu đãi đặc biệt","noun","/ˈspeʃ.əl ˈɑː.fɚ/","The store is running a special offer on all electronics.","Cửa hàng đang có ưu đãi đặc biệt cho tất cả thiết bị điện tử."
"Listening_Topics","Tai-cua-hang-LC","expensive","đắt tiền","adj","/ɪkˈspen.sɪv/","That coat is too expensive for my budget.","Chiếc áo khoác đó quá đắt so với ngân sách của tôi."
"Listening_Topics","Tai-cua-hang-LC","reasonable","hợp lý","adj","/ˈriː.zən.ə.bəl/","The prices in this store are very reasonable.","Giá cả ở cửa hàng này rất hợp lý."
"Listening_Topics","Tai-cua-hang-LC","display case","tủ kính trưng bày","noun","/dɪˈspleɪ keɪs/","The jewelry is kept in a locked display case.","Trang sức được giữ trong tủ kính trưng bày có khóa."
"Listening_Topics","Tai-cua-hang-LC","rearrange","sắp xếp lại","verb","/ˌriː.əˈreɪndʒ/","The staff is rearranging the shelves for the new season.","Nhân viên đang sắp xếp lại các kệ hàng cho mùa mới."
"Listening_Topics","Tai-cua-hang-LC","purchase","mua hàng","verb","/ˈpɝː.tʃəs/","Customers can purchase items online or in-store.","Khách hàng có thể mua hàng trực tuyến hoặc tại cửa hàng."
"Listening_Topics","Tai-cua-hang-LC","backroom","kho phía sau","noun","/ˈbæk.ruːm/","The extra stock is stored in the backroom.","Hàng tồn kho được cất giữ trong kho phía sau."
"Listening_Topics","Tai-cua-hang-LC","showroom","phòng trưng bày sản phẩm","noun","/ˈʃoʊ.ruːm/","Customers can test the products in our showroom.","Khách hàng có thể thử sản phẩm trong phòng trưng bày của chúng tôi."
"Listening_Topics","Tai-cua-hang-LC","in stock","có sẵn hàng","adj","/ɪn stɑːk/","This model is currently in stock and ready to ship.","Mẫu này hiện có sẵn và sẵn sàng để giao hàng."
"Listening_Topics","Tai-cua-hang-LC","out of stock","hết hàng","adj","/aʊt əv stɑːk/","The item you requested is currently out of stock.","Mặt hàng bạn yêu cầu hiện đã hết hàng."
"Listening_Topics","Tai-cua-hang-LC","on display","được trưng bày","adj","/ɑːn dɪˈspleɪ/","The new collection is now on display near the entrance.","Bộ sưu tập mới hiện đang trưng bày gần lối vào."
"Listening_Topics","Tai-cua-hang-LC","in sale","đang giảm giá","adj","/ɪn seɪl/","Many items in the store are currently in sale.","Nhiều mặt hàng trong cửa hàng hiện đang được giảm giá."
"Listening_Topics","Tai-cua-hang-LC","a variety of","nhiều loại khác nhau","noun","/ə vəˈraɪ.ə.t̬i əv/","This store offers a variety of snacks and beverages.","Cửa hàng này cung cấp nhiều loại đồ ăn vặt và thức uống."
"Listening_Topics","Tai-cua-hang-LC","be sold out","đã bán hết hàng","verb","/soʊld aʊt/","The new smartphone model was sold out within hours.","Mẫu điện thoại mới đã bán hết chỉ trong vài giờ."
"Listening_Topics","Tai-cua-hang-LC","try on","thử mặc","verb","/traɪ ɑːn/","You can try on the jacket in the fitting room.","Bạn có thể thử áo khoác trong phòng thử đồ."
"Listening_Topics","Tai-cua-hang-LC","get a discount","nhận giảm giá","verb","/ɡet ə ˈdɪs.kaʊnt/","You can get a discount if you buy two items.","Bạn có thể được giảm giá nếu mua hai món."
"Listening_Topics","Tai-cua-hang-LC","offer a discount","giảm giá","verb","/ˈɔː.fɚ ə ˈdɪs.kaʊnt/","This store is offering a discount on all electronics.","Cửa hàng này đang giảm giá cho tất cả đồ điện tử."
"Listening_Topics","Tai-cua-hang-LC","make a purchase","mua hàng","verb","/meɪk ə ˈpɝː.tʃəs/","Customers who make a purchase over $50 get a free gift.","Khách mua hàng trên 50 đô sẽ nhận được quà tặng."
"Listening_Topics","Tai-cua-hang-LC","restock the shelves","bổ sung hàng lên kệ","verb","/ˌriːˈstɑːk ðə ʃelvz/","The staff is restocking the shelves with new items.","Nhân viên đang bổ sung hàng mới lên kệ."
"Listening_Topics","Tai-cua-hang-LC","set aside","để riêng cho ai đó","verb","/set əˈsaɪd/","We can set aside the item for you until tomorrow.","Chúng tôi có thể giữ riêng món hàng cho bạn đến ngày mai."
"Listening_Topics","Tai-cua-hang-LC","provide delivery service","cung cấp dịch vụ giao hàng","verb","/prəˈvaɪd dɪˈlɪv.ɚ.i ˈsɝː.vɪs/","The store provides delivery service for all online orders.","Cửa hàng cung cấp dịch vụ giao hàng cho tất cả đơn hàng trực tuyến."
"Listening_Topics","Giao-hang-LC","arrive","đến nơi","verb","/əˈraɪv/","The package is expected to arrive by tomorrow afternoon.","Gói hàng dự kiến sẽ đến vào chiều mai."
"Listening_Topics","Giao-hang-LC","deliver","giao hàng","verb","/dɪˈlɪv.ɚ/","We deliver orders to all locations within the city.","Chúng tôi giao hàng đến tất cả khu vực trong thành phố."
"Listening_Topics","Giao-hang-LC","delivery","sự giao hàng","noun","/dɪˈlɪv.ɚ.i/","Delivery usually takes 3 to 5 business days.","Việc giao hàng thường mất từ 3 đến 5 ngày làm việc."
"Listening_Topics","Giao-hang-LC","delivery truck","xe tải giao hàng","noun","/dɪˈlɪv.ɚ.i trʌk/","The delivery truck arrived at the warehouse early this morning.","Xe tải giao hàng đã đến kho từ sớm hôm nay."
"Listening_Topics","Giao-hang-LC","ship","gửi hàng","verb","/ʃɪp/","We ship orders within 24 hours of purchase.","Chúng tôi gửi đơn hàng trong vòng 24 giờ sau khi mua."
"Listening_Topics","Giao-hang-LC","shipping","vận chuyển hàng hóa","noun","/ˈʃɪp.ɪŋ/","Shipping is free for orders over $100.","Miễn phí vận chuyển cho đơn hàng trên 100 đô."
"Listening_Topics","Giao-hang-LC","shipment","lô hàng vận chuyển","noun","/ˈʃɪp.mənt/","The shipment is scheduled to arrive next Monday.","Lô hàng dự kiến sẽ đến vào thứ Hai tới."
"Listening_Topics","Giao-hang-LC","merchandise","hàng hóa","noun","/ˈmɝː.tʃən.daɪs/","All returned merchandise must be in original condition.","Tất cả hàng trả lại phải còn nguyên trạng."
"Listening_Topics","Giao-hang-LC","good","hàng hóa","noun","/ɡʊd/","All goods must be inspected before shipping.","Tất cả hàng hóa phải được kiểm tra trước khi giao."
"Listening_Topics","Giao-hang-LC","urgent","khẩn cấp, cần xử lý ngay","adj","/ˈɝː.dʒənt/","This is an urgent delivery that must arrive today.","Đây là đơn giao hàng khẩn phải đến trong ngày."
"Listening_Topics","Giao-hang-LC","receive","nhận hàng hoặc tài liệu được giao","verb","/rɪˈsiːv/","Customers will receive a confirmation email after placing an order.","Khách hàng sẽ nhận được email xác nhận sau khi đặt hàng."
"Listening_Topics","Giao-hang-LC","carry","vận chuyển, chuyên chở hoặc cung cấp hàng hóa","verb","/ˈker.i/","We carry a wide range of imported products.","Chúng tôi có nhiều loại hàng nhập khẩu."
"Listening_Topics","Giao-hang-LC","expedite","thúc đẩy, tăng tốc quá trình","verb","/ˈek.spə.daɪt/","We will expedite the shipping to ensure on-time delivery.","Chúng tôi sẽ đẩy nhanh việc vận chuyển để đảm bảo giao hàng đúng hạn."
"Listening_Topics","Giao-hang-LC","at additional rate","với mức phí bổ sung","preposition","/ət əˈdɪʃ.ən.əl reɪt/","Express shipping is available at an additional rate.","Dịch vụ giao hàng nhanh có sẵn với mức phí bổ sung."
"Listening_Topics","Giao-hang-LC","in 3 working days","trong 3 ngày làm việc","preposition","/ɪn θriː ˈwɝː.kɪŋ deɪz/","Your order will be delivered in 3 working days.","Đơn hàng của bạn sẽ được giao trong vòng 3 ngày làm việc."
"Listening_Topics","Giao-hang-LC","be scheduled to","được lên lịch để làm gì đó","verb","/bi ˈskedʒ.uːld tuː/","The package is scheduled to arrive on Friday.","Gói hàng được lên lịch sẽ đến vào thứ Sáu."
"Listening_Topics","Giao-hang-LC","check on","kiểm tra tình trạng","verb","/tʃek ɑːn/","I’ll check on the shipment status and get back to you.","Tôi sẽ kiểm tra tình trạng lô hàng và phản hồi bạn."
"Listening_Topics","Giao-hang-LC","make a phone call","gọi điện thoại","verb","/meɪk ə foʊn kɑːl/","She made a phone call to confirm the delivery time.","Cô ấy đã gọi điện để xác nhận thời gian giao hàng."
"Listening_Topics","Giao-hang-LC","cost extra","tốn thêm phí","verb","/kɑːst ˈek.strə/","Same-day delivery may cost extra.","Giao hàng trong ngày có thể tính thêm phí."
"Listening_Topics","Giao-hang-LC","guarantee delivery within","cam kết giao hàng trong thời gian nhất định","verb","/ˌɡer.ənˈtiː dɪˈlɪv.ɚ.i wɪˈðɪn/","We guarantee delivery within three business days.","Chúng tôi cam kết giao hàng trong vòng ba ngày làm việc."
"Listening_Topics","Giao-hang-LC","deliver it for free","giao hàng miễn phí","verb","/dɪˈlɪv.ɚ ɪt fɚ friː/","If the order exceeds $50, we’ll deliver it for free.","Nếu đơn hàng vượt quá 50 đô, chúng tôi sẽ giao miễn phí."
"Listening_Topics","Giao-hang-LC","place a rush order","đặt hàng gấp","verb","/pleɪs ə rʌʃ ˈɔːr.dɚ/","We had to place a rush order to meet the deadline.","Chúng tôi phải đặt hàng gấp để kịp hạn."
"Listening_Topics","Giao-hang-LC","I'm calling about","tôi gọi để hỏi về","verb","/aɪm ˈkɑː.lɪŋ əˈbaʊt/","Hi, I'm calling about my recent order.","Chào bạn, tôi gọi để hỏi về đơn hàng gần đây của mình."
"Listening_Topics","Trien-lam-LC","museum","bảo tàng","noun","/mjuˈziː.əm/","The museum features exhibits on ancient civilizations.","Bảo tàng có các triển lãm về các nền văn minh cổ đại."
"Listening_Topics","Trien-lam-LC","gallery","phòng trưng bày nghệ thuật","noun","/ˈɡæl.ɚ.i/","The gallery is hosting an exhibition of modern art.","Phòng tranh đang tổ chức triển lãm nghệ thuật hiện đại."
"Listening_Topics","Trien-lam-LC","admission","vé vào cửa","noun","/ədˈmɪʃ.ən/","Admission to the art exhibition is free for students.","Sinh viên được vào xem triển lãm nghệ thuật miễn phí."
"Listening_Topics","Trien-lam-LC","exhibit","trưng bày","verb","/ɪɡˈzɪb.ɪt/","The museum will exhibit rare ancient artifacts next month.","Bảo tàng sẽ trưng bày các cổ vật hiếm vào tháng tới."
"Listening_Topics","Trien-lam-LC","exhibition","triển lãm","noun","/ˌek.səˈbɪʃ.ən/","The photography exhibition attracted hundreds of visitors.","Triển lãm nhiếp ảnh đã thu hút hàng trăm khách tham quan."
"Listening_Topics","Trien-lam-LC","display","sự trưng bày","noun","/dɪˈspleɪ/","The new product display is located near the entrance.","Khu trưng bày sản phẩm mới nằm gần lối vào."
"Listening_Topics","Trien-lam-LC","artwork","tác phẩm nghệ thuật","noun","/ˈɑːrt.wɝːk/","The gallery features artwork from local and international artists.","Phòng tranh trưng bày tác phẩm nghệ thuật của các nghệ sĩ trong và ngoài nước."
"Listening_Topics","Trien-lam-LC","painting","bức tranh vẽ bằng sơn","noun","/ˈpeɪn.tɪŋ/","One of the most famous paintings is displayed in the main hall.","Một trong những bức tranh nổi tiếng nhất được trưng bày ở sảnh chính."
"Listening_Topics","Trien-lam-LC","sculpture","tác phẩm điêu khắc","noun","/ˈskʌlp.tʃɚ/","The museum has a large collection of ancient sculptures.","Bảo tàng có bộ sưu tập lớn các tác phẩm điêu khắc cổ."
"Listening_Topics","Trien-lam-LC","museum director","giám đốc bảo tàng","noun","/mjuˈziː.əm dəˈrek.tɚ/","The museum director welcomed guests at the opening ceremony.","Giám đốc bảo tàng đã chào đón khách trong lễ khai mạc."
"Listening_Topics","Trien-lam-LC","reproduction","bản sao","noun","/ˌriː.prəˈdʌk.ʃən/","The painting on display is a high-quality reproduction.","Bức tranh đang trưng bày là bản sao chất lượng cao."
"Listening_Topics","Trien-lam-LC","on view","được trưng bày để xem","adj","/ɑːn vjuː/","Several rare paintings are currently on view in the west gallery.","Nhiều bức tranh quý hiếm hiện đang được trưng bày tại khu phía tây của phòng tranh."
"Listening_Topics","Trien-lam-LC","ahead of time","trước thời hạn","adv","/əˈhed əv taɪm/","Tickets must be purchased ahead of time to attend the exhibition.","Vé phải được mua trước để tham dự triển lãm."
"Listening_Topics","Trien-lam-LC","be interested in","quan tâm đến","verb","/bi ˈɪn.trɪ.stɪd ɪn/","Many tourists are interested in historical exhibitions.","Nhiều du khách quan tâm đến các triển lãm lịch sử."
"Listening_Topics","Trien-lam-LC","be closed on Mondays","đóng cửa vào thứ Hai","verb","/bi kloʊzd ɑːn ˈmʌn.deɪz/","The museum is closed on Mondays for maintenance.","Bảo tàng đóng cửa vào thứ Hai để bảo trì."
"Listening_Topics","Trien-lam-LC","go through","xem xét kỹ lưỡng, trải nghiệm chi tiết","verb","/ɡoʊ θruː/","Visitors are encouraged to go through each section of the museum.","Khách tham quan được khuyến khích đi qua từng khu của bảo tàng."
"Listening_Topics","Trien-lam-LC","explore the exhibit","khám phá triển lãm","verb","/ɪkˈsplɔːr ði ɪɡˈzɪb.ɪt/","Guests will have two hours to explore the exhibit.","Khách tham quan sẽ có hai giờ để khám phá triển lãm."
"Listening_Topics","Trien-lam-LC","look forward to Ving","mong chờ điều gì sắp xảy ra","verb","/lʊk ˈfɔːr.wɚd tuː/","We look forward to welcoming you to our special exhibition.","Chúng tôi mong được chào đón bạn đến triển lãm đặc biệt."
"Listening_Topics","Trien-lam-LC","let me give you a floor plan","để tôi đưa bạn sơ đồ mặt bằng","verb","/let mi ɡɪv juː ə flɔːr plæn/","Let me give you a floor plan so you can easily navigate the exhibit.","Để tôi đưa bạn sơ đồ mặt bằng để bạn dễ dàng tham quan triển lãm."
"Listening_Topics","Bat-dong-san-LC","property","bất động sản, tài sản sở hữu","noun","/ˈprɑː.pɚ.t̬i/","They are looking for a property near the city center.","Họ đang tìm bất động sản gần trung tâm thành phố."
"Listening_Topics","Bat-dong-san-LC","real estate agent","đại lý bất động sản","noun","/ˈrɪəl ɪˌsteɪt ˈeɪ.dʒənt/","The real estate agent showed us three apartments yesterday.","Đại lý bất động sản đã dẫn chúng tôi đi xem ba căn hộ hôm qua."
"Listening_Topics","Bat-dong-san-LC","rent","thuê hoặc cho thuê","verb","/rent/","We plan to rent a two-bedroom apartment downtown.","Chúng tôi dự định thuê một căn hộ hai phòng ngủ ở trung tâm."
"Listening_Topics","Bat-dong-san-LC","deposit","tiền đặt cọc","noun","/dɪˈpɑː.zɪt/","You need to pay a deposit to reserve the apartment.","Bạn cần trả tiền đặt cọc để giữ căn hộ."
"Listening_Topics","Bat-dong-san-LC","deposit","đặt cọc","verb","/dɪˈpɑː.zɪt/","Tenants are required to deposit one month's rent in advance.","Người thuê phải đặt cọc tiền thuê một tháng trước."
"Listening_Topics","Bat-dong-san-LC","tenant","người thuê nhà","noun","/ˈten.ənt/","The tenant must notify the landlord before moving out.","Người thuê phải thông báo với chủ nhà trước khi chuyển đi."
"Listening_Topics","Bat-dong-san-LC","landlord","chủ nhà cho thuê","noun","/ˈlænd.lɔːrd/","The landlord will inspect the apartment before refunding the deposit.","Chủ nhà sẽ kiểm tra căn hộ trước khi hoàn tiền đặt cọc."
"Listening_Topics","Bat-dong-san-LC","lease","hợp đồng cho thuê","noun","/liːs/","The lease must be signed before the move-in date.","Hợp đồng thuê phải được ký trước ngày chuyển vào."
"Listening_Topics","Bat-dong-san-LC","lease","cho thuê","verb","/liːs/","They decided to lease the apartment for two years.","Họ quyết định thuê căn hộ trong hai năm."
"Listening_Topics","Bat-dong-san-LC","furnished","được trang bị nội thất đầy đủ","adj","/ˈfɝː.nɪʃt/","The apartment comes fully furnished with modern furniture.","Căn hộ được trang bị đầy đủ nội thất hiện đại."
"Listening_Topics","Bat-dong-san-LC","utilities","dịch vụ tiện ích","noun","/juːˈtɪl.ə.t̬iz/","Rent does not include utilities such as water and electricity.","Tiền thuê không bao gồm các tiện ích như nước và điện."
"Listening_Topics","Bat-dong-san-LC","close","gần","adj","/kloʊs/","The apartment is close to the airport and public transport.","Căn hộ gần sân bay và phương tiện công cộng."
"Listening_Topics","Bat-dong-san-LC","sale","rao bán","noun","/seɪl/","The property is currently for sale at a competitive price.","Bất động sản hiện đang được rao bán với mức giá cạnh tranh."
"Listening_Topics","Bat-dong-san-LC","apartment","căn hộ","noun","/əˈpɑːrt.mənt/","The apartment is fully furnished and ready for immediate move-in.","Căn hộ được trang bị đầy đủ nội thất và sẵn sàng chuyển vào ngay."
"Listening_Topics","Bat-dong-san-LC","floor","tầng trong tòa nhà","noun","/flɔːr/","The apartment is on the first floor, near the entrance.","Căn hộ nằm ở tầng một, gần lối vào."
"Listening_Topics","Bat-dong-san-LC","conveniently located","nằm ở vị trí thuận tiện","adj","/kənˈviː.ni.ənt.li ˈloʊ.keɪ.t̬ɪd/","The building is conveniently located near public transportation.","Tòa nhà nằm ở vị trí thuận tiện gần phương tiện giao thông công cộng."
"Listening_Topics","Bat-dong-san-LC","location","vị trí hoặc địa điểm","noun","/loʊˈkeɪ.ʃən/","The apartment is in a good location, close to schools and shops.","Căn hộ nằm ở vị trí tốt, gần trường học và cửa hàng."
"Listening_Topics","Bat-dong-san-LC","office space","diện tích văn phòng","noun","/ˈɑː.fɪs speɪs/","They are looking for affordable office space downtown.","Họ đang tìm diện tích văn phòng giá hợp lý ở trung tâm."
"Listening_Topics","Bat-dong-san-LC","move in","chuyển đến sống mới","verb","/muːv ɪn/","The tenants are scheduled to move in on the first of next month.","Người thuê dự kiến sẽ chuyển vào vào ngày mùng một tháng tới."
"Listening_Topics","Bat-dong-san-LC","move out","rời khỏi nơi ở hoặc làm việc","verb","/muːv aʊt/","The tenants must move out by the end of the lease.","Người thuê phải rời đi trước khi hợp đồng kết thúc."
"Listening_Topics","Bat-dong-san-LC","housing","chỗ ở","noun","/ˈhaʊ.zɪŋ/","She may need housing after her lease expires next month.","Cô ấy có thể cần chỗ ở sau khi hợp đồng thuê hết hạn vào tháng tới."
"Listening_Topics","Don-dat-hang-LC","order","đơn đặt hàng","noun","/ˈɔːr.dɚ/","We received your order and will ship it tomorrow.","Chúng tôi đã nhận được đơn đặt hàng của bạn và sẽ gửi đi vào ngày mai."
"Listening_Topics","Don-dat-hang-LC","order","đặt hàng","verb","/ˈɔːr.dɚ/","Customers can order products online or by phone.","Khách hàng có thể đặt hàng trực tuyến hoặc qua điện thoại."
"Listening_Topics","Don-dat-hang-LC","inventory","hàng tồn kho hoặc bản kiểm kê hàng hóa","noun","/ˈɪn.vən.tɔːr.i/","The store is doing an inventory check this weekend.","Cửa hàng sẽ kiểm kê hàng tồn kho vào cuối tuần này."
"Listening_Topics","Don-dat-hang-LC","warehouse","kho hàng","noun","/ˈwer.haʊs/","The items are stored in our main warehouse outside the city.","Các mặt hàng được lưu trữ tại kho chính của chúng tôi bên ngoài thành phố."
"Listening_Topics","Don-dat-hang-LC","order number","mã đơn hàng","noun","/ˈɔːr.dɚ ˌnʌm.bɚ/","Please provide your order number when contacting customer service.","Vui lòng cung cấp mã đơn hàng khi liên hệ dịch vụ khách hàng."
"Listening_Topics","Don-dat-hang-LC","tracking number","mã theo dõi giao hàng","noun","/ˈtræk.ɪŋ ˌnʌm.bɚ/","You can use the tracking number to follow your shipment.","Bạn có thể dùng mã theo dõi để kiểm tra đơn hàng của mình."
"Listening_Topics","Don-dat-hang-LC","large order","đơn hàng lớn","noun","/lɑːrdʒ ˈɔːr.dɚ/","We offer discounts for any large order over 500 units.","Chúng tôi cung cấp giảm giá cho bất kỳ đơn hàng lớn nào trên 500 đơn vị."
"Listening_Topics","Don-dat-hang-LC","replace","thay thế","verb","/rɪˈpleɪs/","We will replace the damaged items at no extra cost.","Chúng tôi sẽ thay thế các mặt hàng bị hỏng mà không tính thêm phí."
"Listening_Topics","Don-dat-hang-LC","order status","tình trạng đơn hàng","noun","/ˈɔːr.dɚ ˈstæ.t̬əs/","You can check your order status online at any time.","Bạn có thể kiểm tra tình trạng đơn hàng trực tuyến bất cứ lúc nào."
"Listening_Topics","Don-dat-hang-LC","standard","tiêu chuẩn, bình thường","adj","/ˈstæn.dɚd/","Standard shipping takes 5 to 7 business days.","Giao hàng tiêu chuẩn mất từ 5 đến 7 ngày làm việc."
"Listening_Topics","Don-dat-hang-LC","extra","thêm, vượt mức bình thường","adj","/ˈek.strə/","There will be an extra charge for express shipping.","Sẽ có phụ phí cho giao hàng nhanh."
"Listening_Topics","Don-dat-hang-LC","supplier","nhà cung cấp","noun","/səˈplaɪ.ɚ/","We contacted the supplier to confirm the delivery date.","Chúng tôi đã liên hệ với nhà cung cấp để xác nhận ngày giao hàng."
"Listening_Topics","Don-dat-hang-LC","manufacturer","nhà sản xuất","noun","/ˌmæn.jəˈfæk.tʃɚ.ɚ/","The manufacturer is responsible for product quality.","Nhà sản xuất chịu trách nhiệm về chất lượng sản phẩm."
"Listening_Topics","Don-dat-hang-LC","in bulk","mua với số lượng lớn","adverb","/ɪn bʌlk/","Buying in bulk can help reduce overall costs.","Mua với số lượng lớn có thể giúp giảm tổng chi phí."
"Listening_Topics","Don-dat-hang-LC","ship","vận chuyển hàng hóa","verb","/ʃɪp/","The items will be shipped separately due to stock availability.","Các mặt hàng sẽ được gửi riêng vì vấn đề tồn kho."
"Listening_Topics","Don-dat-hang-LC","track","theo dõi","verb","/træk/","You can track the status of your order online.","Bạn có thể theo dõi tình trạng đơn hàng trực tuyến."
"Listening_Topics","Don-dat-hang-LC","place an order","đặt hàng","verb","/pleɪs ən ˈɔːr.dɚ/","You can place an order online or by phone.","Bạn có thể đặt hàng trực tuyến hoặc qua điện thoại."
"Listening_Topics","Don-dat-hang-LC","inquire","hỏi thông tin","verb","/ɪnˈkwaɪr/","I’m calling to inquire about an order I placed last week.","Tôi gọi để hỏi về đơn hàng tôi đã đặt tuần trước."
"Listening_Topics","Don-dat-hang-LC","discount","giảm giá","noun","/ˈdɪs.kaʊnt/","We give quantity discounts for orders over 100 units.","Chúng tôi cung cấp chiết khấu số lượng cho các đơn hàng trên 100 đơn vị."
"Listening_Topics","Don-dat-hang-LC","reach","liên lạc được với ai đó","verb","/riːtʃ/","You've reached ABC Supplies. How may I help you?","Bạn đang gọi đến ABC Supplies. Tôi có thể giúp gì cho bạn?"
"Listening_Topics","Don-dat-hang-LC","this is  from ","tôi là ... từ","phrase","/ðɪs ɪz ... frəm .../","This is Jenny from Global Office Supplies.","Tôi là Jenny từ công ty Global Office Supplies."
"Listening_Topics","Don-dat-hang-LC","I'm calling to","tôi gọi để","phrase","/aɪm ˈkɑː.lɪŋ tuː/","I'm calling to confirm the details of our recent order.","Tôi gọi để xác nhận chi tiết đơn hàng gần đây của chúng tôi."
"Listening_Topics","Dien-thoai-dich-vu-khach-hang-LC","complaint","lời phàn nàn","noun","/kəmˈpleɪnt/","We received a complaint about the late delivery.","Chúng tôi đã nhận được lời phàn nàn về việc giao hàng trễ."
"Listening_Topics","Dien-thoai-dich-vu-khach-hang-LC","notice","thông báo","noun","/ˈnoʊ.t̬ɪs/","You’ll receive a notice if there are any changes to your bill.","Bạn sẽ nhận được thông báo nếu có thay đổi nào với hóa đơn của bạn."
"Listening_Topics","Dien-thoai-dich-vu-khach-hang-LC","charge","khoản phí","noun","/tʃɑːrdʒ/","There’s an extra charge for weekend deliveries.","Có phụ phí cho giao hàng vào cuối tuần."
"Listening_Topics","Dien-thoai-dich-vu-khach-hang-LC","warranty","chính sách bảo hành sản phẩm trong thời gian nhất định","noun","/ˈwɔː.rən.t̬i/","The product is covered by a one-year warranty.","Sản phẩm được bảo hành trong một năm."
"Listening_Topics","Dien-thoai-dich-vu-khach-hang-LC","dissatisfied","không hài lòng","adj","/dɪˈsæt̬.ɪs.faɪd/","The customer was dissatisfied with the product quality.","Khách hàng không hài lòng với chất lượng sản phẩm."
"Listening_Topics","Dien-thoai-dich-vu-khach-hang-LC","quality","chất lượng","noun","/ˈkwɑː.lə.t̬i/","We pride ourselves on delivering high-quality customer service.","Chúng tôi tự hào cung cấp dịch vụ khách hàng chất lượng cao."
"Listening_Topics","Dien-thoai-dich-vu-khach-hang-LC","customer service department","bộ phận chăm sóc khách hàng","noun","/ˌkʌs.tə.mɚ ˈsɝː.vɪs dɪˈpɑːrt.mənt/","Please contact our customer service department for assistance.","Vui lòng liên hệ bộ phận chăm sóc khách hàng để được hỗ trợ."
"Listening_Topics","Dien-thoai-dich-vu-khach-hang-LC","customer service representative","người hỗ trợ khách hàng","noun","/ˌkʌs.tə.mɚ ˈsɝː.vɪs ˌrep.rɪˈzen.tə.t̬ɪv/","A customer service representative will assist you shortly.","Một đại diện chăm sóc khách hàng sẽ hỗ trợ bạn ngay."
"Listening_Topics","Dien-thoai-dich-vu-khach-hang-LC","valid","hợp lệ, còn hiệu lực","adj","/ˈvæ.lɪd/","You must present a valid coupon to receive the discount.","Bạn phải xuất trình phiếu giảm giá hợp lệ để nhận chiết khấu."
"Listening_Topics","Dien-thoai-dich-vu-khach-hang-LC","correct","đúng, chính xác","adj","/kəˈrekt/","The correct total should be $85, not $95.","Tổng chính xác phải là 85 đô, không phải 95 đô."
"Listening_Topics","Dien-thoai-dich-vu-khach-hang-LC","billing error","lỗi trong hóa đơn thanh toán","noun","/ˈbɪl.ɪŋ ˌer.ɚ/","She called to report a billing error on her last statement.","Cô ấy đã gọi để báo cáo lỗi trong hóa đơn gần nhất."
"Listening_Topics","Dien-thoai-dich-vu-khach-hang-LC","overcharged","bị tính phí cao hơn cần thiết","verb","/ˌoʊ.vɚˈtʃɑːrdʒd/","I think I was overcharged for the service last month.","Tôi nghĩ mình đã bị tính phí quá cao cho dịch vụ tháng trước."
"Listening_Topics","Dien-thoai-dich-vu-khach-hang-LC","complaint about","lời phàn nàn về điều không hài lòng","phrase","/kəmˈpleɪnt əˈbaʊt/","He made a complaint about poor customer support.","Anh ấy đã phàn nàn về dịch vụ khách hàng kém."
"Listening_Topics","Dien-thoai-dich-vu-khach-hang-LC","file a complaint","nộp đơn khiếu nại","verb","/faɪl ə kəmˈpleɪnt/","I'd like to file a complaint about the service I received.","Tôi muốn nộp đơn khiếu nại về dịch vụ mà tôi đã nhận."
"Listening_Topics","Dien-thoai-dich-vu-khach-hang-LC","report a problem","báo cáo sự cố","verb","/rɪˈpɔːrt ə ˈprɑː.bləm/","I'm calling to report a problem with my recent order.","Tôi gọi để báo cáo vấn đề với đơn hàng gần đây của tôi."
"Listening_Topics","Dien-thoai-dich-vu-khach-hang-LC","I'm calling because","tôi gọi vì","phrase","/aɪm ˈkɑː.lɪŋ bɪˈkɔːz/","I'm calling because I received the wrong item in my order.","Tôi gọi vì tôi đã nhận sai sản phẩm trong đơn hàng của mình."
"Listening_Topics","Dien-thoai-dich-vu-khach-hang-LC","I'm having a problem with","tôi đang gặp vấn đề với","phrase","/aɪm ˈhæv.ɪŋ ə ˈprɑː.bləm wɪð/","I'm having a problem with my account login.","Tôi đang gặp vấn đề với việc đăng nhập tài khoản."
"Listening_Topics","Dien-thoai-dich-vu-khach-hang-LC","I'm trying to","tôi đang cố gắng","phrase","/aɪm ˈtraɪ.ɪŋ tuː/","I'm trying to track my recent order but the system isn't working.","Tôi đang cố theo dõi đơn hàng gần đây nhưng hệ thống không hoạt động."
"Listening_Topics","Dien-thoai-dich-vu-khach-hang-LC","I have some questions about","tôi có vài câu hỏi về","phrase","/aɪ hæv səm ˈkwes.tʃənz əˈbaʊt/","I have some questions about the warranty policy.","Tôi có một vài câu hỏi về chính sách bảo hành."
"Listening_Topics","Dien-thoai-dich-vu-khach-hang-LC","I don't know how to use","tôi không biết cách sử dụng","phrase","/aɪ doʊnt noʊ haʊ tuː juːz/","I don't know how to use the new payment system.","Tôi không biết cách sử dụng hệ thống thanh toán mới."
"Listening_Topics","Lich-lam-viec-LC","scheduled","đã được lên lịch","adj","/ˈskedʒ.uːld/","The meeting is scheduled for 3 p.m. tomorrow.","Cuộc họp được lên lịch vào 3 giờ chiều ngày mai."
"Listening_Topics","Lich-lam-viec-LC","detail","chi tiết","noun","/ˈdiː.teɪl/","Please review the event detail before confirming.","Vui lòng xem lại chi tiết sự kiện trước khi xác nhận."
"Listening_Topics","Lich-lam-viec-LC","deadline","hạn chót hoàn thành công việc","noun","/ˈded.laɪn/","The deadline for submitting the report is Friday.","Hạn chót nộp báo cáo là vào thứ Sáu."
"Listening_Topics","Lich-lam-viec-LC","complete","hoàn thành","verb","/kəmˈpliːt/","Please complete the task by the end of the day.","Vui lòng hoàn thành nhiệm vụ trước cuối ngày."
"Listening_Topics","Lich-lam-viec-LC","finish","hoàn thành","verb","/ˈfɪn.ɪʃ/","We need to finish the presentation before the meeting.","Chúng ta cần hoàn thành bài thuyết trình trước cuộc họp."
"Listening_Topics","Lich-lam-viec-LC","postpone","hoãn lại","verb","/poʊstˈpoʊn/","The meeting has been postponed due to a scheduling conflict.","Cuộc họp đã bị hoãn do trùng lịch."
"Listening_Topics","Lich-lam-viec-LC","delay","trì hoãn, làm chậm tiến độ","verb","/dɪˈleɪ/","The project was delayed due to unexpected issues.","Dự án đã bị trì hoãn do những vấn đề bất ngờ."
"Listening_Topics","Lich-lam-viec-LC","reschedule","sắp xếp lại thời gian","verb","/ˌriːˈskedʒ.uːl/","We need to reschedule the meeting for next week.","Chúng tôi cần dời cuộc họp sang tuần sau."
"Listening_Topics","Lich-lam-viec-LC","resume","tiếp tục sau khi tạm dừng","verb","/rɪˈzuːm/","The meeting will resume after a short break.","Cuộc họp sẽ tiếp tục sau một thời gian nghỉ ngắn."
"Listening_Topics","Lich-lam-viec-LC","extend","kéo dài","verb","/ɪkˈstend/","They decided to extend the deadline by two days.","Họ quyết định kéo dài hạn chót thêm hai ngày."
"Listening_Topics","Lich-lam-viec-LC","assistance","sự hỗ trợ, giúp đỡ","noun","/əˈsɪs.təns/","Please let me know if you need any further assistance.","Vui lòng cho tôi biết nếu bạn cần thêm sự hỗ trợ."
"Listening_Topics","Lich-lam-viec-LC","last-minute","vào phút chót","adj","/ˌlæst ˈmɪn.ɪt/","We had to make a last-minute change to the meeting agenda.","Chúng tôi đã phải thay đổi chương trình cuộc họp vào phút chót."
"Listening_Topics","Lich-lam-viec-LC","extension","sự gia hạn","noun","/ɪkˈsten.ʃən/","They requested an extension of the project deadline.","Họ đã yêu cầu gia hạn thời hạn hoàn thành dự án."
"Listening_Topics","Lich-lam-viec-LC","as soon as possible","càng sớm càng tốt","phrase","/æz suːn æz ˈpɑː.sə.bəl/","Please reply to the email as soon as possible.","Vui lòng phản hồi email càng sớm càng tốt."
"Listening_Topics","Lich-lam-viec-LC","short-staffed","thiếu nhân sự","adj","/ˌʃɔːrtˈstæft/","We're currently short-staffed, so response times may be delayed.","Hiện tại chúng tôi đang thiếu nhân sự, nên thời gian phản hồi có thể bị chậm."
"Listening_Topics","Lich-lam-viec-LC","the end of the day","cuối ngày","phrase","/ðiː end əv ðə deɪ/","Please submit the report by the end of the day.","Vui lòng nộp báo cáo trước cuối ngày hôm nay."
"Listening_Topics","Lich-lam-viec-LC","on short notice","thông báo gấp, không có nhiều thời gian chuẩn bị","phrase","/ɑːn ʃɔːrt ˈnoʊ.t̬ɪs/","They canceled the meeting on short notice.","Họ đã hủy cuộc họp với thông báo rất gấp."
"Listening_Topics","Lich-lam-viec-LC","early in the morning","sáng sớm","phrase","/ˈɜːr.li ɪn ðə ˈmɔːr.nɪŋ/","The meeting is scheduled for early in the morning.","Cuộc họp được lên lịch vào đầu buổi sáng."
"Listening_Topics","Lich-lam-viec-LC","behind schedule","bị chậm tiến độ","phrase","/bɪˈhaɪnd ˈskedʒ.uːl/","The project is behind schedule due to unexpected delays.","Dự án bị chậm tiến độ do những sự chậm trễ ngoài dự kiến."
"Listening_Topics","Lich-lam-viec-LC","not until","không... cho đến khi","phrase","/nɑːt ʌnˈtɪl/","The meeting won’t start not until the manager arrives.","Cuộc họp sẽ không bắt đầu cho đến khi quản lý đến."
"Listening_Topics","Lich-lam-viec-LC","be due","đến hạn","phrase","/biː duː/","The report is due by the end of the day.","Báo cáo đến hạn vào cuối ngày hôm nay."
"Listening_Topics","Lich-lam-viec-LC","work overtime","làm thêm giờ","verb","/wɝːk ˈoʊ.vɚ.taɪm/","We’ll have to work overtime to meet the deadline.","Chúng ta sẽ phải làm thêm giờ để kịp hạn chót."
"Listening_Topics","Lich-lam-viec-LC","take up","đảm nhận hoặc chiếm thời gian","verb","/teɪk ʌp/","The new assignment will take up most of your afternoon.","Nhiệm vụ mới sẽ chiếm phần lớn buổi chiều của bạn."
"Listening_Topics","Lich-lam-viec-LC","cover one’s shift","làm thay ca của ai đó","verb","/ˈkʌv.ɚ wʌnz ʃɪft/","Could you cover my shift this Friday?","Bạn có thể làm thay ca của tôi vào thứ Sáu này không?"
"Listening_Topics","Di-cong-tac-LC","business trip","chuyến công tác","noun","/ˈbɪz.nəs trɪp/","She’s going on a business trip to Tokyo next week.","Cô ấy sẽ đi công tác đến Tokyo vào tuần tới."
"Listening_Topics","Di-cong-tac-LC","accommodations","chỗ ở tạm thời","noun","/əˌkɑː.məˈdeɪ.ʃənz/","The company will cover your travel and accommodations.","Công ty sẽ chi trả chi phí đi lại và chỗ ở của bạn."
"Listening_Topics","Di-cong-tac-LC","reimburse","hoàn tiền lại cho ai đó","verb","/ˌriː.ɪmˈbɝːs/","We will reimburse all travel expenses within five business days.","Chúng tôi sẽ hoàn trả tất cả chi phí đi lại trong vòng năm ngày làm việc."
"Listening_Topics","Di-cong-tac-LC","reimbursement","hoàn tiền chi phí đã trả","noun","/ˌriː.ɪmˈbɝːs.mənt/","Please submit your receipts for reimbursement.","Vui lòng nộp hóa đơn để được hoàn tiền."
"Listening_Topics","Di-cong-tac-LC","reimbursement form","mẫu đơn hoàn tiền","noun","/ˌriː.ɪmˈbɝːs.mənt fɔːrm/","You must complete a reimbursement form to get paid back.","Bạn phải điền mẫu hoàn tiền để được hoàn trả chi phí."
"Listening_Topics","Di-cong-tac-LC","travel expense","chi phí đi công tác","noun","/ˈtræv.əl ɪkˈspens/","Please keep all receipts for travel expenses.","Vui lòng giữ tất cả hóa đơn cho chi phí đi công tác."
"Listening_Topics","Di-cong-tac-LC","travel reimbursement","hoàn tiền chi phí đi công tác","noun","/ˈtræv.əl ˌriː.ɪmˈbɝːs.mənt/","He submitted his receipts for travel reimbursement.","Anh ấy đã nộp hóa đơn để được hoàn tiền công tác."
"Listening_Topics","Di-cong-tac-LC","receipt","hóa đơn hoặc biên lai thanh toán","noun","/rɪˈsiːt/","Please attach all original receipts to the form.","Vui lòng đính kèm tất cả hóa đơn gốc vào biểu mẫu."
"Listening_Topics","Di-cong-tac-LC","accounting department","phòng kế toán","noun","/əˈkaʊn.t̬ɪŋ dɪˈpɑːrt.mənt/","The accounting department will review your reimbursement request.","Phòng kế toán sẽ xem xét yêu cầu hoàn tiền của bạn."
"Listening_Topics","Di-cong-tac-LC","on business","đi công tác","phrase","/ɑːn ˈbɪz.nəs/","Mr. Lee is currently out of the office on business.","Ông Lee hiện đang ra ngoài văn phòng vì công tác."
"Listening_Topics","Di-cong-tac-LC","be out of town","vắng mặt khỏi thành phố","phrase","/bi aʊt əv taʊn/","I’m sorry, Ms. Carter is out of town this week.","Xin lỗi, cô Carter đi khỏi thành phố trong tuần này."
"Listening_Topics","Di-cong-tac-LC","be ready for","sẵn sàng cho điều gì đó","phrase","/bi ˈred.i fɔːr/","The presentation will be ready for the Monday meeting.","Bài thuyết trình sẽ sẵn sàng cho cuộc họp ngày thứ Hai."
"Listening_Topics","Di-cong-tac-LC","get back","quay lại","verb","/ɡet bæk/","I'll get back to the office next Monday.","Tôi sẽ quay lại văn phòng vào thứ Hai tới."
"Listening_Topics","Di-cong-tac-LC","get reimbursement","nhận tiền hoàn lại","verb","/ɡet ˌriː.ɪmˈbɝːs.mənt/","You can get reimbursement for all approved expenses.","Bạn có thể nhận hoàn tiền cho mọi chi phí đã được duyệt."
"Listening_Topics","Di-cong-tac-LC","go away on business","đi công tác","verb","/ɡoʊ əˈweɪ ɑːn ˈbɪz.nəs/","She’s going away on business for a few days.","Cô ấy sẽ đi công tác trong vài ngày."
"Listening_Topics","Di-cong-tac-LC","stay an additional night","ở lại thêm một đêm","verb","/steɪ ən əˈdɪʃ.ən.əl naɪt/","We need to stay an additional night due to the rescheduled meeting.","Chúng tôi cần ở lại thêm một đêm vì cuộc họp bị dời."
"Listening_Topics","Di-cong-tac-LC","pick up a business visa","nhận visa công tác","verb","/pɪk ʌp ə ˈbɪz.nəs ˈviː.zə/","He stopped by the consulate to pick up a business visa.","Anh ấy ghé qua lãnh sự quán để nhận visa công tác."
"Listening_Topics","Di-cong-tac-LC","plan on","dự định làm gì đó","verb","/plæn ɑːn/","We plan on leaving early tomorrow for the airport.","Chúng tôi dự định rời đi sớm vào ngày mai để đến sân bay."
"Listening_Topics","Di-cong-tac-LC","cover expenses","chi trả chi phí","verb","/ˈkʌv.ɚ ɪkˈspensɪz/","The company will cover expenses for transportation and lodging.","Công ty sẽ chi trả chi phí đi lại và chỗ ở."
"Listening_Topics","Hop-tac-kinh-doanh-giao-dich-LC","client","khách hàng","noun","/ˈklaɪ.ənt/","We have a meeting with an important client this afternoon.","Chúng tôi có một cuộc họp với khách hàng quan trọng vào chiều nay."
"Listening_Topics","Hop-tac-kinh-doanh-giao-dich-LC","deal","thỏa thuận kinh doanh","noun","/diːl/","They signed a deal with a new distributor.","Họ đã ký thỏa thuận với một nhà phân phối mới."
"Listening_Topics","Hop-tac-kinh-doanh-giao-dich-LC","account","tài khoản khách hàng","noun","/əˈkaʊnt/","She manages the company’s largest client account.","Cô ấy quản lý tài khoản khách hàng lớn nhất của công ty."
"Listening_Topics","Hop-tac-kinh-doanh-giao-dich-LC","contract","hợp đồng pháp lý giữa hai bên","noun","/ˈkɑːn.trækt/","The contract will be reviewed before it’s signed.","Hợp đồng sẽ được xem xét trước khi ký."
"Listening_Topics","Hop-tac-kinh-doanh-giao-dich-LC","contractor","nhà thầu","noun","/ˈkɑːn.træk.tɚ/","The contractor will begin construction next Monday.","Nhà thầu sẽ bắt đầu thi công vào thứ Hai tới."
"Listening_Topics","Hop-tac-kinh-doanh-giao-dich-LC","estimate","bảng dự toán","noun","/ˈes.tə.mət/","We received a cost estimate from the supplier.","Chúng tôi đã nhận được bảng dự toán chi phí từ nhà cung cấp."
"Listening_Topics","Hop-tac-kinh-doanh-giao-dich-LC","budget","ngân sách","noun","/ˈbʌdʒ.ɪt/","We need to prepare a budget for next quarter’s marketing campaign.","Chúng tôi cần chuẩn bị ngân sách cho chiến dịch marketing quý tới."
"Listening_Topics","Hop-tac-kinh-doanh-giao-dich-LC","proposal","đề xuất chính thức cho dự án hoặc kế hoạch","noun","/prəˈpoʊ.zəl/","The client asked us to submit a formal proposal.","Khách hàng yêu cầu chúng tôi nộp đề xuất chính thức."
"Listening_Topics","Hop-tac-kinh-doanh-giao-dich-LC","overseas","ở nước ngoài","adj","/ˌoʊ.vɚˈsiːz/","The company is planning to expand into overseas markets.","Công ty đang lên kế hoạch mở rộng sang thị trường nước ngoài."
"Listening_Topics","Hop-tac-kinh-doanh-giao-dich-LC","renew","gia hạn hoặc làm mới","verb","/rɪˈnuː/","We need to renew our contract with the supplier by Friday.","Chúng tôi cần gia hạn hợp đồng với nhà cung cấp trước thứ Sáu."
"Listening_Topics","Hop-tac-kinh-doanh-giao-dich-LC","deal with","xử lý, giải quyết hoặc làm việc với ai đó","verb","/diːl wɪð/","He deals with international clients on a daily basis.","Anh ấy làm việc với khách hàng quốc tế hàng ngày."
"Listening_Topics","Hop-tac-kinh-doanh-giao-dich-LC","do business with","hợp tác làm ăn với ai đó","verb","/duː ˈbɪz.nəs wɪð/","We’ve been doing business with that firm for over ten years.","Chúng tôi đã hợp tác kinh doanh với công ty đó hơn mười năm."
"Listening_Topics","Hop-tac-kinh-doanh-giao-dich-LC","cooperate with","hợp tác với ai đó","verb","/koʊˈɑː.pə.reɪt wɪð/","We’re looking to cooperate with local distributors.","Chúng tôi đang tìm cách hợp tác với các nhà phân phối địa phương."
"Listening_Topics","Hop-tac-kinh-doanh-giao-dich-LC","provide – with","cung cấp cho ai đó thứ gì đó","verb","/prəˈvaɪd wɪð/","We will provide you with all necessary documents.","Chúng tôi sẽ cung cấp cho bạn tất cả tài liệu cần thiết."
"Listening_Topics","Hop-tac-kinh-doanh-giao-dich-LC","take – out","ký hợp đồng hoặc vay mượn dịch vụ/tài chính","verb","/teɪk aʊt/","We took out a one-year service contract with the vendor.","Chúng tôi đã ký hợp đồng dịch vụ một năm với nhà cung cấp."
"Listening_Topics","Hop-tac-kinh-doanh-giao-dich-LC","take – to","đưa ai đó đến nơi gặp gỡ hoặc sự kiện","verb","/teɪk tuː/","I'll take the client to the manufacturing site this afternoon.","Tôi sẽ đưa khách hàng đến nhà máy vào chiều nay."
"Listening_Topics","Hop-tac-kinh-doanh-giao-dich-LC","exceed a budget","vượt ngân sách","verb","/ɪkˈsiːd ə ˈbʌdʒ.ɪt/","The renovation project exceeded the initial budget by 10%.","Dự án cải tạo đã vượt ngân sách ban đầu 10%."
"Listening_Topics","Hop-tac-kinh-doanh-giao-dich-LC","go over the budget","vượt ngân sách","verb","/ɡoʊ ˈoʊ.vɚ ðə ˈbʌdʒ.ɪt/","They went over the budget due to unexpected travel costs.","Họ đã vượt ngân sách vì chi phí đi lại ngoài dự kiến."
"Listening_Topics","Hop-tac-kinh-doanh-giao-dich-LC","credit an account","ghi có vào tài khoản","verb","/ˈkred.ɪt ən əˈkaʊnt/","We will credit your account within three business days.","Chúng tôi sẽ ghi có vào tài khoản của bạn trong vòng ba ngày làm việc."
"Listening_Topics","Hop-tac-kinh-doanh-giao-dich-LC","sign a contract","ký hợp đồng","verb","/saɪn ə ˈkɑːn.trækt/","Both parties will sign the contract by the end of the week.","Cả hai bên sẽ ký hợp đồng vào cuối tuần."
"Listening_Topics","Hop-tac-kinh-doanh-giao-dich-LC","write a contract","soạn thảo hợp đồng","verb","/raɪt ə ˈkɑːn.trækt/","Our legal department will write the contract this afternoon.","Bộ phận pháp lý của chúng tôi sẽ soạn hợp đồng vào chiều nay."
"Listening_Topics","Cac-su-kien-khac-nhau-LC","hold","tổ chức sự kiện","verb","/hoʊld/","They will hold the annual conference in Chicago this year.","Họ sẽ tổ chức hội nghị thường niên tại Chicago năm nay."
"Listening_Topics","Cac-su-kien-khac-nhau-LC","anniversary","ngày kỷ niệm","noun","/ˌæn.əˈvɝː.sɚ.i/","The firm is celebrating its 25th anniversary this year.","Công ty đang kỷ niệm 25 năm thành lập trong năm nay."
"Listening_Topics","Cac-su-kien-khac-nhau-LC","reception","buổi tiếp đón hoặc tiệc chiêu đãi","noun","/rɪˈsep.ʃən/","There will be a reception following the award ceremony.","Sẽ có tiệc chiêu đãi sau buổi lễ trao giải."
"Listening_Topics","Cac-su-kien-khac-nhau-LC","banquet","tiệc trang trọng","noun","/ˈbæŋ.kwɪt/","The awards banquet will be held at the city hall.","Tiệc trao giải sẽ được tổ chức tại tòa thị chính."
"Listening_Topics","Cac-su-kien-khac-nhau-LC","farewell party","tiệc chia tay","noun","/ˌferˈwel ˈpɑːr.t̬i/","We’re planning a farewell party for Mr. Jenkins next Friday.","Chúng tôi đang lên kế hoạch tổ chức tiệc chia tay ông Jenkins vào thứ Sáu tới."
"Listening_Topics","Cac-su-kien-khac-nhau-LC","opening ceremony","lễ khai mạc","noun","/ˈoʊ.pən.ɪŋ ˈser.ə.moʊ.ni/","The opening ceremony will begin at 10 a.m. sharp.","Lễ khai mạc sẽ bắt đầu đúng lúc 10 giờ sáng."
"Listening_Topics","Cac-su-kien-khac-nhau-LC","contribute","đóng góp","verb","/kənˈtrɪb.juːt/","Each team member was asked to contribute ideas for the annual event.","Mỗi thành viên trong nhóm được yêu cầu đóng góp ý tưởng cho sự kiện thường niên."
"Listening_Topics","Cac-su-kien-khac-nhau-LC","arrange","sắp xếp, tổ chức sự kiện hoặc kế hoạch","verb","/əˈreɪndʒ/","They arranged a dinner meeting with potential investors.","Họ đã sắp xếp một buổi ăn tối với các nhà đầu tư tiềm năng."
"Listening_Topics","Cac-su-kien-khac-nhau-LC","corporate retreat","chuyến đi nghỉ của công ty để xây dựng đội ngũ","noun","/ˈkɔːr.pɚ.ət rɪˈtriːt/","The corporate retreat will be held at a resort near the lake.","Chuyến đi nghỉ công ty sẽ được tổ chức tại khu nghỉ dưỡng gần hồ."
"Listening_Topics","Cac-su-kien-khac-nhau-LC","charity auction","đấu giá từ thiện","noun","/ˈtʃær.ə.t̬i ˈɑːk.ʃən/","The organization will host a charity auction next weekend.","Tổ chức này sẽ tổ chức một buổi đấu giá từ thiện vào cuối tuần tới."
"Listening_Topics","Cac-su-kien-khac-nhau-LC","event planner","người tổ chức sự kiện","noun","/ɪˈvent ˈplæn.ɚ/","We hired an experienced event planner for the company retreat.","Chúng tôi đã thuê một người tổ chức sự kiện có kinh nghiệm cho chuyến nghỉ công ty."
"Listening_Topics","Cac-su-kien-khac-nhau-LC","on time","đúng giờ","adverb","/ɑːn taɪm/","Please arrive on time for the opening ceremony.","Vui lòng đến đúng giờ cho buổi lễ khai mạc."
"Listening_Topics","Cac-su-kien-khac-nhau-LC","in time","kịp lúc","adverb","/ɪn taɪm/","We arrived just in time for the keynote speech.","Chúng tôi đến vừa kịp lúc cho bài phát biểu chính."
"Listening_Topics","Cac-su-kien-khac-nhau-LC","be involved in","tham gia vào, có liên quan đến","verb","/bi ɪnˈvɑːlvd ɪn/","He was heavily involved in organizing the annual banquet.","Anh ấy tham gia tích cực vào việc tổ chức tiệc thường niên."
"Listening_Topics","Cac-su-kien-khac-nhau-LC","host a dinner","tổ chức bữa tối","verb","/hoʊst ə ˈdɪn.ɚ/","The CEO will host a dinner for the international delegates.","Giám đốc điều hành sẽ tổ chức bữa tối cho các đại biểu quốc tế."
"Listening_Topics","Cac-su-kien-khac-nhau-LC","make it to","tham dự được, đến được nơi nào đó","verb","/meɪk ɪt tuː/","I hope you can make it to the reception this evening.","Tôi hy vọng bạn có thể đến buổi tiếp đón tối nay."
"Listening_Topics","Cac-su-kien-khac-nhau-LC","take place","diễn ra","verb","/teɪk pleɪs/","The awards ceremony will take place next Friday.","Lễ trao giải sẽ diễn ra vào thứ Sáu tới."
"Listening_Topics","Cac-su-kien-khac-nhau-LC","prepare for","chuẩn bị cho điều gì đó sắp xảy ra","verb","/prɪˈper fɔːr/","We need to prepare for the product launch event.","Chúng tôi cần chuẩn bị cho sự kiện ra mắt sản phẩm."
"Listening_Topics","Cac-su-kien-khac-nhau-LC","look forward to + V-ing","mong chờ điều gì đó tích cực xảy ra","verb","/lʊk ˈfɔːr.wɚd tuː/","We look forward to meeting all of you at the company retreat.","Chúng tôi mong được gặp tất cả các bạn tại chuyến đi nghỉ của công ty."
"Listening_Topics","Cac-su-kien-khac-nhau-LC","can’t wait to","rất mong chờ làm gì đó","verb","/kænt weɪt tuː/","I can’t wait to attend the charity auction tomorrow.","Tôi rất nóng lòng được tham dự buổi đấu giá từ thiện ngày mai."
"Listening_Topics","Cac-su-kien-khac-nhau-LC","arrange transportation","sắp xếp phương tiện di chuyển","verb","/əˈreɪndʒ ˌtræn.spɚˈteɪ.ʃən/","We need to arrange transportation for the guest speakers.","Chúng tôi cần sắp xếp phương tiện cho các diễn giả khách mời."
"Listening_Topics","Thanh-toan-LC","pay","thanh toán","verb","/peɪ/","You can pay for your order at the counter.","Bạn có thể thanh toán đơn hàng tại quầy."
"Listening_Topics","Thanh-toan-LC","wrong","sai, không đúng","adj","/rɔːŋ/","There seems to be something wrong with the total amount.","Có vẻ có gì đó sai với tổng số tiền."
"Listening_Topics","Thanh-toan-LC","exchange","đổi hàng","verb","/ɪksˈtʃeɪndʒ/","You can exchange the item within 30 days of purchase.","Bạn có thể đổi hàng trong vòng 30 ngày kể từ ngày mua."
"Listening_Topics","Thanh-toan-LC","return","trả lại hàng hóa đã mua","verb","/rɪˈtɝːn/","You may return the product within 14 days of purchase.","Bạn có thể trả lại sản phẩm trong vòng 14 ngày kể từ khi mua."
"Listening_Topics","Thanh-toan-LC","refund","tiền hoàn lại","noun","/ˈriː.fʌnd/","Customers can request a full refund within 7 days.","Khách hàng có thể yêu cầu hoàn tiền đầy đủ trong vòng 7 ngày."
"Listening_Topics","Thanh-toan-LC","receipt","hóa đơn hoặc biên lai thanh toán","noun","/rɪˈsiːt/","Please keep your receipt in case you need to return the item.","Vui lòng giữ lại hóa đơn nếu bạn cần trả hàng."
"Listening_Topics","Thanh-toan-LC","cashier","nhân viên thu ngân","noun","/kæʃˈɪr/","The cashier will provide you with a receipt after payment.","Thu ngân sẽ đưa bạn hóa đơn sau khi thanh toán."
"Listening_Topics","Thanh-toan-LC","cash register","máy tính tiền","noun","/ˈkæʃ ˌredʒ.ɪ.stɚ/","The cashier opened the cash register to give change.","Thu ngân mở máy tính tiền để thối lại tiền."
"Listening_Topics","Thanh-toan-LC","minor defect (flaw)","lỗi nhỏ trong sản phẩm","noun","/ˈmaɪ.nɚ ˈdiː.fekt/ /flɔː/","The shirt had a minor defect, so they offered a discount.","Chiếc áo có một lỗi nhỏ nên họ đã giảm giá."
"Listening_Topics","Thanh-toan-LC","store policy","chính sách cửa hàng","noun","/stɔːr ˈpɑː.lə.si/","According to store policy, items must be returned within 30 days.","Theo chính sách cửa hàng, hàng hóa phải được trả lại trong vòng 30 ngày."
"Listening_Topics","Thanh-toan-LC","make a payment","thực hiện thanh toán","verb","/meɪk ə ˈpeɪ.mənt/","You can make a payment online or at the front desk.","Bạn có thể thanh toán trực tuyến hoặc tại quầy lễ tân."
"Listening_Topics","Thanh-toan-LC","pay in cash","thanh toán bằng tiền mặt","verb","/peɪ ɪn kæʃ/","We offer a 5% discount if you pay in cash.","Chúng tôi giảm 5% nếu bạn thanh toán bằng tiền mặt."
"Listening_Topics","Thanh-toan-LC","accept a credit card","chấp nhận thẻ tín dụng","verb","/əkˈsɛpt ə ˈkrɛdɪt kɑrd/","Does your store accept a credit card for payments over fifty dollars?","Cửa hàng bạn có chấp nhận thanh toán bằng thẻ tín dụng cho các hóa đơn trên 50 đô không?"
"Listening_Topics","Thanh-toan-LC","get a refund","được hoàn lại tiền","verb","/ɡɛt ə ˈriːfʌnd/","You can get a refund within 14 days if you're not satisfied with the product.","Bạn có thể được hoàn tiền trong vòng 14 ngày nếu không hài lòng với sản phẩm."
"Listening_Topics","Thanh-toan-LC","obtain a refund","được hoàn lại tiền","verb","/əbˈteɪn ə ˈriːfʌnd/","To obtain a refund, please submit the receipt and item to customer service.","Để được hoàn tiền, vui lòng gửi biên lai và món hàng đến bộ phận chăm sóc khách hàng."
"Listening_Topics","Thanh-toan-LC","refund the difference","hoàn lại phần tiền chênh lệch","noun","/ˈriːfʌnd ðə ˈdɪfərəns/","If the item goes on sale, the store will refund the difference within one week of purchase.","Nếu món hàng giảm giá, cửa hàng sẽ hoàn lại phần tiền chênh lệch trong vòng một tuần từ khi mua."
"Listening_Topics","Thanh-toan-LC","pick up","lấy, nhận (hàng hoặc người)","verb","/pɪk ʌp/","Could you pick up the package at the reception desk after 2 PM today?","Bạn có thể lấy gói hàng ở quầy lễ tân sau 2 giờ chiều nay được không?"
"Listening_Topics","Thanh-toan-LC","come apart","bị tách rời, bị hỏng","verb","/kʌm əˈpɑːrt/","The new suitcase came apart after only one use, so I requested a refund.","Chiếc vali mới bị bung ra chỉ sau một lần dùng, nên tôi đã yêu cầu hoàn tiền."
"Listening_Topics","Thanh-toan-LC","What a great deal!","thật là một món hời","noun","/wʌt ə ɡreɪt diːl/","She bought a designer bag at 50% off—what a great deal!","Cô ấy mua được một chiếc túi hàng hiệu giảm giá 50%—thật là một món hời!"
"Listening_Topics","Ngan-hang-LC","account","tài khoản ngân hàng","noun","/əˈkaʊnt/","He opened a new account to manage his salary.","Anh ấy mở một tài khoản mới để quản lý lương của mình."
"Listening_Topics","Ngan-hang-LC","Savings account","tài khoản tiết kiệm","noun","/ˈseɪ.vɪŋz əˌkaʊnt/","She transfers money into her savings account every month.","Cô ấy chuyển tiền vào tài khoản tiết kiệm mỗi tháng."
"Listening_Topics","Ngan-hang-LC","deposit","gửi tiền vào tài khoản","verb","/dɪˈpɑː.zɪt/","Customers can deposit checks through the mobile app.","Khách hàng có thể gửi séc qua ứng dụng di động."
"Listening_Topics","Ngan-hang-LC","deposit","khoản tiền đặt cọc","noun","/ˈdep.ə.zɪt/","He paid a $200 deposit to reserve the hotel room.","Anh ấy đã trả khoản đặt cọc 200 đô để giữ phòng khách sạn."
"Listening_Topics","Ngan-hang-LC","loan","khoản vay","noun","/loʊn/","He applied for a loan to buy a new car.","Anh ấy nộp đơn vay tiền để mua ô tô mới."
"Listening_Topics","Ngan-hang-LC","interest","tiền lãi","noun","/ˈɪn.trɪst/","The interest on this loan is quite high.","Lãi suất của khoản vay này khá cao."
"Listening_Topics","Ngan-hang-LC","transfer","chuyển khoản","verb","/ˈtræns.fɝː/","You can transfer funds online using the bank’s website.","Bạn có thể chuyển tiền trực tuyến bằng trang web của ngân hàng."
"Listening_Topics","Ngan-hang-LC","transfer","sự chuyển tiền","noun","/ˈtræns.fɝː/","The transfer of funds was completed successfully.","Việc chuyển tiền đã được thực hiện thành công."
"Listening_Topics","Ngan-hang-LC","withdraw","rút tiền khỏi tài khoản","verb","/wɪðˈdrɑː/","Customers can withdraw cash at any ATM.","Khách hàng có thể rút tiền mặt tại bất kỳ máy ATM nào."
"Listening_Topics","Ngan-hang-LC","transaction","giao dịch tài chính","noun","/trænˈzæk.ʃən/","Each transaction is recorded for customer reference.","Mỗi giao dịch đều được ghi lại để khách hàng tham khảo."
"Listening_Topics","Ngan-hang-LC","identification","giấy tờ tùy thân xác minh danh tính","noun","/aɪˌden.t̬ə.fəˈkeɪ.ʃən/","Please present photo identification to open an account.","Vui lòng xuất trình giấy tờ tùy thân có ảnh để mở tài khoản."
"Listening_Topics","Ngan-hang-LC","bank teller","nhân viên giao dịch ngân hàng","noun","/ˈbæŋk ˌtel.ɚ/","The bank teller helped me deposit my paycheck.","Nhân viên giao dịch đã giúp tôi gửi tiền lương."
"Listening_Topics","Ngan-hang-LC","balance","số dư tài khoản","noun","/ˈbæl.əns/","You can check your account balance online.","Bạn có thể kiểm tra số dư tài khoản trực tuyến."
"Listening_Topics","Ngan-hang-LC","open a (bank) account","mở tài khoản ngân hàng","verb","/ˈoʊ.pən ə ˈbæŋk əˌkaʊnt/","You need two forms of ID to open a bank account.","Bạn cần hai loại giấy tờ tùy thân để mở tài khoản ngân hàng."
"Listening_Topics","Ngan-hang-LC","make a withdrawal","rút tiền khỏi tài khoản ngân hàng","verb","/meɪk ə wɪðˈdrɑː.əl/","You can make a withdrawal at any ATM.","Bạn có thể rút tiền tại bất kỳ máy ATM nào."
"Listening_Topics","Ngan-hang-LC","make a deposit","gửi tiền vào tài khoản","verb","/meɪk ə dɪˈpɑː.zɪt/","He visited the bank to make a deposit.","Anh ấy đến ngân hàng để gửi tiền."
"Listening_Topics","Ngan-hang-LC","make a transfer","chuyển tiền","verb","/meɪk ə ˈtræns.fɚ/","I need to make a transfer to my savings account.","Tôi cần chuyển tiền sang tài khoản tiết kiệm."
"Listening_Topics","Ngan-hang-LC","transfer money electronically","chuyển tiền điện tử","verb","/ˈtræns.fɚ ˈmʌn.i iˌlekˈtrɑː.nɪ.kəl.i/","Many customers prefer to transfer money electronically.","Nhiều khách hàng thích chuyển tiền điện tử."
"Listening_Topics","Ngan-hang-LC","get a loan","vay tiền","verb","/ɡet ə loʊn/","She plans to get a loan to buy new equipment.","Cô ấy dự định vay tiền để mua thiết bị mới."
"Listening_Topics","Ngan-hang-LC","pay for a loan","trả khoản vay","verb","/peɪ fɔːr ə loʊn/","They worked hard to pay for a loan on time.","Họ đã làm việc chăm chỉ để trả khoản vay đúng hạn."
"Listening_Topics","Ngan-hang-LC","approve a loan","phê duyệt khoản vay","verb","/əˈpruːv ə loʊn/","The bank took three days to approve a loan.","Ngân hàng mất ba ngày để phê duyệt khoản vay."
"Listening_Topics","Cuoc-hop-LC","meeting","cuộc họp","noun","/ˈmiː.t̬ɪŋ/","The meeting will begin promptly at 10 a.m.","Cuộc họp sẽ bắt đầu đúng lúc 10 giờ sáng."
"Listening_Topics","Cuoc-hop-LC","conference","hội nghị","noun","/ˈkɑːn.fɚ.əns/","He flew to New York for a business conference.","Anh ấy bay đến New York để dự hội nghị kinh doanh."
"Listening_Topics","Cuoc-hop-LC","presentation","bài thuyết trình","noun","/ˌprez.ənˈteɪ.ʃən/","Her presentation focused on market trends.","Bài thuyết trình của cô ấy tập trung vào xu hướng thị trường."
"Listening_Topics","Cuoc-hop-LC","report","báo cáo","noun","/rɪˈpɔːrt/","She submitted the monthly sales report yesterday.","Cô ấy đã nộp báo cáo doanh số hàng tháng hôm qua."
"Listening_Topics","Cuoc-hop-LC","agenda","chương trình họp","noun","/əˈdʒen.də/","The agenda was sent to all participants in advance.","Chương trình họp đã được gửi cho tất cả người tham dự từ trước."
"Listening_Topics","Cuoc-hop-LC","handout","tài liệu phát tay","noun","/ˈhænd.aʊt/","Each attendee received a handout summarizing the key points.","Mỗi người tham dự nhận được một tài liệu tóm tắt các điểm chính."
"Listening_Topics","Cuoc-hop-LC","review","xem lại hoặc đánh giá nội dung","verb","/rɪˈvjuː/","They met to review last quarter’s performance.","Họ họp để xem lại kết quả hoạt động quý trước."
"Listening_Topics","Cuoc-hop-LC","summary","bản tóm tắt nội dung chính","noun","/ˈsʌm.ɚ.i/","She provided a summary of the key points after the meeting.","Cô ấy đã cung cấp bản tóm tắt các điểm chính sau cuộc họp."
"Listening_Topics","Cuoc-hop-LC","draft","bản nháp","noun","/dræft/","He sent the first draft of the report to his supervisor.","Anh ấy đã gửi bản nháp đầu tiên của báo cáo cho người giám sát."
"Listening_Topics","Cuoc-hop-LC","conference call","cuộc gọi hội nghị từ xa","noun","/ˈkɑːn.fɚ.əns ˌkɑːl/","We held a conference call with the overseas team.","Chúng tôi đã tổ chức cuộc gọi hội nghị với nhóm ở nước ngoài."
"Listening_Topics","Cuoc-hop-LC","boardroom","phòng họp ban giám đốc","noun","/ˈbɔːrd.ruːm/","The executives gathered in the boardroom for the quarterly meeting.","Các giám đốc tập hợp tại phòng họp để họp quý."
"Listening_Topics","Cuoc-hop-LC","pressed for time","thiếu thời gian","adj","/prest fɔːr taɪm/","We were pressed for time and had to shorten the meeting.","Chúng tôi thiếu thời gian và phải rút ngắn cuộc họp."
"Listening_Topics","Cuoc-hop-LC","through a videoconference","qua cuộc họp trực tuyến","preposition","/θruː ə ˈvɪd.i.oʊˌkɑːn.fɚ.əns/","They joined the meeting through a videoconference.","Họ tham gia cuộc họp qua hội nghị trực tuyến."
"Listening_Topics","Cuoc-hop-LC","be ready for","sẵn sàng cho","verb","/bi ˈred.i fɔːr/","The team will be ready for the presentation by 9 a.m.","Nhóm sẽ sẵn sàng cho buổi thuyết trình vào lúc 9 giờ sáng."
"Listening_Topics","Cuoc-hop-LC","be busy with","đang bận rộn với việc gì đó","verb","/bi ˈbɪz.i wɪð/","He's currently busy with finalizing the agenda.","Anh ấy hiện đang bận hoàn tất chương trình họp."
"Listening_Topics","Cuoc-hop-LC","be expected to","được kỳ vọng sẽ làm gì đó","verb","/bi ɪkˈspek.tɪd tuː/","All managers are expected to attend the meeting.","Tất cả các quản lý được kỳ vọng sẽ tham dự cuộc họp."
"Listening_Topics","Cuoc-hop-LC","talk about","thảo luận về","verb","/tɔːk əˈbaʊt/","They will talk about the new marketing strategy.","Họ sẽ thảo luận về chiến lược tiếp thị mới."
"Listening_Topics","Cuoc-hop-LC","give a presentation","trình bày một bài thuyết trình","verb","/ɡɪv ə ˌprez.ənˈteɪ.ʃən/","She will give a presentation on the project updates.","Cô ấy sẽ thuyết trình về cập nhật dự án."
"Listening_Topics","Cuoc-hop-LC","make a presentation","thực hiện bài thuyết trình","verb","/meɪk ə ˌprez.ənˈteɪ.ʃən/","I have to make a presentation this afternoon.","Tôi phải thực hiện bài thuyết trình vào chiều nay."
"Listening_Topics","Cuoc-hop-LC","manage to","xoay xở để làm điều gì đó thành công","verb","/ˈmæn.ɪdʒ tuː/","We managed to finish the meeting on time.","Chúng tôi đã xoay xở để kết thúc cuộc họp đúng giờ."
"Listening_Topics","Cuoc-hop-LC","organize a meeting","sắp xếp cuộc họp","verb","/ˈɔːr.ɡən.aɪz ə ˈmiː.t̬ɪŋ/","We need to organize a meeting with the client this week.","Chúng ta cần sắp xếp cuộc họp với khách hàng trong tuần này."
"Listening_Topics","Cuoc-hop-LC","write up a proposal","soạn thảo đề xuất chính thức","verb","/raɪt ʌp ə prəˈpoʊ.zəl/","He was asked to write up a proposal for the new system.","Anh ấy được yêu cầu soạn thảo đề xuất cho hệ thống mới."
"Listening_Topics","Cuoc-hop-LC","serve snacks and beverages","phục vụ đồ ăn nhẹ và đồ uống","verb","/sɝːv snæks ənd ˈbev.ɚ.ɪdʒɪz/","They will serve snacks and beverages during the break.","Họ sẽ phục vụ đồ ăn nhẹ và đồ uống trong giờ nghỉ."
"Listening_Topics","Cuoc-hop-LC","enroll in","đăng ký tham gia","verb","/ɪnˈroʊl ɪn/","You must enroll in the training session by Friday.","Bạn phải đăng ký tham gia buổi đào tạo trước thứ Sáu."
"Listening_Topics","Cuoc-hop-LC","sign in","đăng nhập hoặc ghi danh","verb","/saɪn ɪn/","Please sign in at the front desk before entering.","Vui lòng ghi danh tại bàn lễ tân trước khi vào."
"Listening_Topics","Cuoc-hop-LC","stop by","ghé qua","verb","/stɑːp baɪ/","He stopped by the conference room to drop off the materials.","Anh ấy ghé qua phòng họp để đưa tài liệu."
"Listening_Topics","Dao-tao-nhan-vien-LC","train","đào tạo","verb","/treɪn/","They hired a consultant to train the new employees.","Họ đã thuê một chuyên gia để đào tạo nhân viên mới."
"Listening_Topics","Dao-tao-nhan-vien-LC","training session","buổi đào tạo","noun","/ˈtreɪ.nɪŋ ˌseʃ.ən/","The training session will cover workplace safety.","Buổi đào tạo sẽ đề cập đến an toàn nơi làm việc."
"Listening_Topics","Dao-tao-nhan-vien-LC","training manual","sổ tay đào tạo","noun","/ˈtreɪ.nɪŋ ˈmæn.ju.əl/","The training manual explains all the procedures clearly.","Sổ tay đào tạo giải thích rõ tất cả quy trình."
"Listening_Topics","Dao-tao-nhan-vien-LC","improve","cải thiện","verb","/ɪmˈpruːv/","The training program is designed to improve productivity.","Chương trình đào tạo được thiết kế để cải thiện năng suất."
"Listening_Topics","Dao-tao-nhan-vien-LC","required","bắt buộc","adj","/rɪˈkwaɪɚd/","Attending the training is required for all staff.","Tham gia đào tạo là bắt buộc với tất cả nhân viên."
"Listening_Topics","Dao-tao-nhan-vien-LC","attendant","người tham dự","noun","/əˈten.dənt/","Each training attendant received a certificate.","Mỗi người tham dự buổi đào tạo đều nhận được chứng chỉ."
"Listening_Topics","Dao-tao-nhan-vien-LC","instructor","người hướng dẫn hoặc giảng viên","noun","/ɪnˈstrʌk.tɚ/","The instructor explained the new safety procedures in detail.","Người hướng dẫn đã giải thích chi tiết các quy trình an toàn mới."
"Listening_Topics","Dao-tao-nhan-vien-LC","registration","quá trình ghi danh","noun","/ˌredʒ.əˈstreɪ.ʃən/","Online registration is required to attend the training session.","Phải đăng ký trực tuyến để tham gia buổi đào tạo."
"Listening_Topics","Dao-tao-nhan-vien-LC","lead","dẫn dắt, hướng dẫn","verb","/liːd/","She will lead the employee orientation next Monday.","Cô ấy sẽ dẫn dắt buổi định hướng cho nhân viên vào thứ Hai tới."
"Listening_Topics","Dao-tao-nhan-vien-LC","lead","người lãnh đạo","noun","/liːd/","The training lead coordinated with all department heads.","Người phụ trách đào tạo đã phối hợp với tất cả trưởng phòng ban."
"Listening_Topics","Dao-tao-nhan-vien-LC","upcoming","sắp tới","adj","/ˈʌpˌkʌm.ɪŋ/","Please review the agenda for the upcoming training workshop.","Vui lòng xem trước chương trình của hội thảo đào tạo sắp tới."
"Listening_Topics","Dao-tao-nhan-vien-LC","lengthen","kéo dài","verb","/ˈleŋ.θən/","The instructor decided to lengthen the session by 30 minutes.","Giảng viên quyết định kéo dài buổi học thêm 30 phút."
"Listening_Topics","Dao-tao-nhan-vien-LC","as scheduled","như đã lên lịch","adv","/æz ˈskedʒ.uːld/","The training will begin at 9 a.m. as scheduled.","Buổi đào tạo sẽ bắt đầu lúc 9 giờ sáng như đã lên lịch."
"Listening_Topics","Dao-tao-nhan-vien-LC","be required to","bắt buộc phải làm gì đó","verb","/bi rɪˈkwaɪɚd tuː/","Employees are required to complete the training by Friday.","Nhân viên bắt buộc phải hoàn thành khóa đào tạo trước thứ Sáu."
"Listening_Topics","Dao-tao-nhan-vien-LC","take a class","tham gia lớp học","verb","/teɪk ə klæs/","You must take a class on workplace safety this month.","Bạn phải tham gia một lớp học về an toàn nơi làm việc trong tháng này."
"Listening_Topics","Dao-tao-nhan-vien-LC","recommend A for B","đề xuất A cho B","verb","/ˌrek.əˈmend/ + /fɔːr/","The manager recommended Susan for the advanced training course.","Quản lý đã đề xuất Susan cho khóa đào tạo nâng cao."
"Listening_Topics","Dao-tao-nhan-vien-LC","register for","đăng ký tham gia","verb","/ˈredʒ.ə.stɚ fɔːr/","You can register for the training course online.","Bạn có thể đăng ký khóa đào tạo trực tuyến."
"Listening_Topics","Dao-tao-nhan-vien-LC","come out","xuất hiện, phát hành hoặc công bố","verb","/kʌm aʊt/","The new training manual will come out next week.","Tài liệu hướng dẫn đào tạo mới sẽ được phát hành vào tuần tới."
"Listening_Topics","Dao-tao-nhan-vien-LC","focus on","tập trung vào","verb","/ˈfoʊ.kəs ɑːn/","This course will focus on improving communication skills.","Khóa học này sẽ tập trung vào việc cải thiện kỹ năng giao tiếp."
"Listening_Topics","Dao-tao-nhan-vien-LC","fill up","đầy chỗ","verb","/fɪl ʌp/","The training class filled up quickly, so late registration was not accepted.","Lớp đào tạo nhanh chóng đầy chỗ nên không chấp nhận đăng ký muộn."
"Listening_Topics","Dao-tao-nhan-vien-LC","schedule safety training","lên lịch đào tạo an toàn lao động","verb","/ˈskedʒ.uːl ˈseɪf.ti ˈtreɪ.nɪŋ/","We scheduled safety training for all new employees next Monday.","Chúng tôi đã lên lịch đào tạo an toàn cho tất cả nhân viên mới vào thứ Hai tới."
"Listening_Topics","Dao-tao-nhan-vien-LC","take part in","tham gia vào","verb","/teɪk pɑːrt ɪn/","All staff members are encouraged to take part in the training seminar.","Tất cả nhân viên được khuyến khích tham gia hội thảo đào tạo."
"Listening_Topics","Suc-khoe-y-te-LC","patient","bệnh nhân","noun","/ˈpeɪ.ʃənt/","The doctor spoke calmly to reassure the patient before the procedure.","Bác sĩ nói chuyện nhẹ nhàng để trấn an bệnh nhân trước thủ thuật."
"Listening_Topics","Suc-khoe-y-te-LC","clinic","phòng khám","noun","/ˈklɪn.ɪk/","The clinic offers general health checkups without appointments.","Phòng khám cung cấp dịch vụ kiểm tra sức khỏe tổng quát mà không cần hẹn trước."
"Listening_Topics","Suc-khoe-y-te-LC","prescription","toa thuốc bác sĩ kê","noun","/prɪˈskrɪp.ʃən/","You need a prescription to buy this medication at the pharmacy.","Bạn cần toa thuốc để mua loại thuốc này ở hiệu thuốc."
"Listening_Topics","Suc-khoe-y-te-LC","medicine","thuốc chữa bệnh","noun","/ˈmed.ə.sən/","Take this medicine after meals for the best results.","Uống thuốc này sau bữa ăn để đạt hiệu quả tốt nhất."
"Listening_Topics","Suc-khoe-y-te-LC","medical","liên quan đến y tế","adj","/ˈmed.ɪ.kəl/","She needs to bring her medical records to the appointment.","Cô ấy cần mang hồ sơ y tế đến cuộc hẹn khám bệnh."
"Listening_Topics","Suc-khoe-y-te-LC","pharmacy","hiệu thuốc","noun","/ˈfɑːr.mə.si/","You can pick up your prescription at the pharmacy on the first floor.","Bạn có thể lấy toa thuốc tại hiệu thuốc ở tầng một."
"Listening_Topics","Suc-khoe-y-te-LC","checkup","kiểm tra sức khỏe định kỳ","noun","/ˈtʃek.ʌp/","You should schedule a physical checkup at least once a year.","Bạn nên lên lịch kiểm tra sức khỏe thể chất ít nhất mỗi năm một lần."
"Listening_Topics","Suc-khoe-y-te-LC","dentist","nha sĩ","noun","/ˈden.tɪst/","I have an appointment with the dentist at 2 p.m. today.","Tôi có hẹn với nha sĩ lúc 2 giờ chiều nay."
"Listening_Topics","Suc-khoe-y-te-LC","laboratory results","kết quả xét nghiệm","noun","/ˈlæb.rə.tɔːr.i rɪˈzʌlts/","The doctor will call you once your laboratory results are ready.","Bác sĩ sẽ gọi cho bạn khi có kết quả xét nghiệm."
"Listening_Topics","Suc-khoe-y-te-LC","physician","bác sĩ nội khoa","noun","/fɪˈzɪʃ.ən/","You need to see a physician for a full medical evaluation.","Bạn cần gặp bác sĩ để được đánh giá y tế toàn diện."
"Listening_Topics","Suc-khoe-y-te-LC","eye doctor","bác sĩ mắt","noun","/aɪ ˈdɑːk.tɚ/","I made an appointment with the eye doctor for a vision test.","Tôi đã đặt lịch hẹn với bác sĩ mắt để kiểm tra thị lực."
"Listening_Topics","Suc-khoe-y-te-LC","under the weather","cảm thấy không khỏe","adj","/ˌʌn.dɚ ðə ˈweð.ɚ/","She stayed home from work because she felt under the weather.","Cô ấy ở nhà vì cảm thấy không khỏe."
"Listening_Topics","Suc-khoe-y-te-LC","be not feeling well","cảm thấy không khỏe","verb","/bi nɑːt ˈfiː.lɪŋ wel/","She went home early because she was not feeling well.","Cô ấy về sớm vì cảm thấy không khỏe."
"Listening_Topics","Suc-khoe-y-te-LC","be in good shape","có sức khỏe tốt","verb","/bi ɪn ɡʊd ʃeɪp/","He exercises regularly to stay in good shape.","Anh ấy tập thể dục thường xuyên để giữ thể trạng tốt."
"Listening_Topics","Suc-khoe-y-te-LC","see a doctor","đi khám bác sĩ","verb","/siː ə ˈdɑːk.tɚ/","You should see a doctor if the symptoms persist.","Bạn nên đi khám bác sĩ nếu triệu chứng kéo dài."
"Listening_Topics","Suc-khoe-y-te-LC","fill a prescription","mua thuốc theo đơn","verb","/fɪl ə prɪˈskrɪp.ʃən/","You can fill your prescription at the pharmacy downstairs.","Bạn có thể mua thuốc theo đơn tại hiệu thuốc ở tầng dưới."
"Listening_Topics","Suc-khoe-y-te-LC","take medicine","uống thuốc chữa bệnh","verb","/teɪk ˈmed.ə.sən/","Don’t forget to take your medicine after each meal.","Đừng quên uống thuốc sau mỗi bữa ăn."
"Listening_Topics","Suc-khoe-y-te-LC","examine a patient","khám bệnh cho bệnh nhân","verb","/ɪɡˈzæm.ɪn ə ˈpeɪ.ʃənt/","The doctor will examine the patient before deciding on treatment.","Bác sĩ sẽ khám bệnh nhân trước khi quyết định phương pháp điều trị."
"Listening_Topics","Suc-khoe-y-te-LC","get a prescription filled","mua thuốc theo đơn bác sĩ kê","verb","/ɡet ə prɪˈskrɪp.ʃən fɪld/","You can get your prescription filled at any local pharmacy.","Bạn có thể mua thuốc theo toa tại bất kỳ hiệu thuốc địa phương nào."
"Listening_Topics","Suc-khoe-y-te-LC","have a routine test done","thực hiện xét nghiệm định kỳ","verb","/hæv ə ruːˈtiːn test dʌn/","It’s important to have routine tests done to catch health issues early.","Việc thực hiện các xét nghiệm định kỳ rất quan trọng để phát hiện sớm vấn đề sức khỏe."
"Listening_Topics","Suc-khoe-y-te-LC","have a dental appointment","có cuộc hẹn với nha sĩ","verb","/hæv ə ˈden.təl əˈpɔɪnt.mənt/","I have a dental appointment at 10 a.m. for a cleaning.","Tôi có cuộc hẹn với nha sĩ lúc 10 giờ sáng để làm sạch răng."
"Listening_Topics","Giai-tri-LC","theater","nhà hát","noun","/ˈθiː.ə.t̬ɚ/","They arrived early to get good seats at the theater.","Họ đến sớm để chọn được chỗ ngồi đẹp tại nhà hát."
"Listening_Topics","Giai-tri-LC","play","vở kịch","noun","/pleɪ/","The play received excellent reviews from both critics and audiences.","Vở kịch nhận được đánh giá xuất sắc từ giới phê bình và khán giả."
"Listening_Topics","Giai-tri-LC","musical","nhạc kịch","noun","/ˈmjuː.zɪ.kəl/","We bought tickets to see the new Broadway musical next weekend.","Chúng tôi đã mua vé xem nhạc kịch Broadway mới vào cuối tuần tới."
"Listening_Topics","Giai-tri-LC","performance","buổi biểu diễn nghệ thuật","noun","/pɚˈfɔːr.məns/","Last night’s performance received a standing ovation from the audience.","Buổi biểu diễn tối qua nhận được sự hoan nghênh nhiệt liệt từ khán giả."
"Listening_Topics","Giai-tri-LC","balcony seats","ghế ngồi tầng lầu trong nhà hát","noun","/ˈbæl.kə.ni siːts/","We reserved balcony seats for a better view of the stage.","Chúng tôi đã đặt chỗ ngồi trên tầng lầu để có góc nhìn tốt hơn về sân khấu."
"Listening_Topics","Giai-tri-LC","review","bài đánh giá","noun","/rɪˈvjuː/","The musical received glowing reviews from critics and audiences alike.","Vở nhạc kịch nhận được những lời khen ngợi từ cả giới phê bình lẫn khán giả."
"Listening_Topics","Giai-tri-LC","usher","người hướng dẫn khán giả vào chỗ ngồi","noun","/ˈʌʃ.ɚ/","The usher checked our tickets and guided us to our seats.","Nhân viên hướng dẫn kiểm tra vé và đưa chúng tôi đến chỗ ngồi."
"Listening_Topics","Giai-tri-LC","script","kịch bản","noun","/skrɪpt/","The actor memorized all his lines from the script.","Nam diễn viên đã học thuộc tất cả lời thoại trong kịch bản."
"Listening_Topics","Giai-tri-LC","brochure","tờ giới thiệu","noun","/broʊˈʃʊr/","Pick up a brochure in the lobby to see this month’s shows.","Lấy một tờ giới thiệu ở sảnh để xem các chương trình trong tháng này."
"Listening_Topics","Giai-tri-LC","main character","nhân vật chính","noun","/ˌmeɪn ˈker.ək.tɚ/","The main character in the play struggles to balance work and family.","Nhân vật chính trong vở kịch vật lộn để cân bằng giữa công việc và gia đình."
"Listening_Topics","Giai-tri-LC","plot","cốt truyện","noun","/plɑːt/","The plot of the movie was complex but very engaging.","Cốt truyện của bộ phim phức tạp nhưng rất lôi cuốn."
"Listening_Topics","Giai-tri-LC","in line","xếp hàng chờ","adv","/ɪn laɪn/","We waited in line for over an hour to get tickets to the show.","Chúng tôi đã xếp hàng hơn một tiếng để mua vé xem chương trình."
"Listening_Topics","Giai-tri-LC","in advance","trước, sớm hơn thời điểm diễn ra sự kiện","adv","/ɪn ədˈvæns/","It’s better to book your theater tickets well in advance.","Tốt hơn hết là bạn nên đặt vé xem kịch từ sớm."
"Listening_Topics","Giai-tri-LC","a group of","một nhóm người","noun","/ə ɡruːp əv/","A group of colleagues went to see the new play downtown.","Một nhóm đồng nghiệp đã đi xem vở kịch mới ở trung tâm thành phố."
"Listening_Topics","Giai-tri-LC","row 3, seat 8","hàng 3, ghế 8","noun","/roʊ θriː, siːt eɪt/","Your ticket is for row 3, seat 8, right near the center.","Vé của bạn là hàng 3, ghế 8, ngay gần giữa."
"Listening_Topics","Giai-tri-LC","at the box office","tại quầy bán vé","adv","/æt ðə ˈbɑːks ˌɑː.fɪs/","You can purchase your tickets at the box office before the show.","Bạn có thể mua vé tại quầy bán vé trước giờ diễn."
"Listening_Topics","Giai-tri-LC","next to each other","cạnh nhau","adv","/nekst tuː iːtʃ ˈʌð.ɚ/","We reserved seats next to each other for the concert.","Chúng tôi đã đặt chỗ ngồi cạnh nhau cho buổi hòa nhạc."
"Listening_Topics","Giai-tri-LC","be about to","sắp sửa làm gì đó","verb","/bi əˈbaʊt tuː/","The show is about to start, so please take your seats.","Buổi diễn sắp bắt đầu, vui lòng vào chỗ ngồi."
"Listening_Topics","Giai-tri-LC","be seated","ngồi vào chỗ","verb","/bi ˈsiː.t̬ɪd/","Guests must be seated 10 minutes before the performance begins.","Khách phải ngồi vào chỗ 10 phút trước khi buổi diễn bắt đầu."
"Listening_Topics","Giai-tri-LC","switch seat","đổi chỗ ngồi","verb","/swɪtʃ siːt/","Would you mind switching seats so we can sit together?","Bạn có phiền đổi chỗ để chúng tôi có thể ngồi cùng nhau không?"
"Listening_Topics","Giai-tri-LC","reserve tickets","đặt vé trước","verb","/rɪˈzɝːv ˈtɪk.ɪts/","I reserved tickets online for the Saturday evening show.","Tôi đã đặt vé trực tuyến cho buổi diễn tối thứ Bảy."
"Listening_Topics","Tin-tuc-giao-thong-LC","detour","đường vòng","noun","/ˈdiː.tʊr/","Drivers were directed to take a detour due to road construction.","Các tài xế được hướng dẫn đi đường vòng do thi công đường."
"Listening_Topics","Tin-tuc-giao-thong-LC","driver","tài xế","noun","/ˈdraɪ.vɚ/","The driver was fined for using a mobile phone while driving.","Tài xế bị phạt vì dùng điện thoại khi lái xe."
"Listening_Topics","Tin-tuc-giao-thong-LC","in local news","trong tin tức địa phương","adv","/ɪn ˈloʊ.kəl nuːz/","In local news, several streets will be closed for maintenance this week.","Trong bản tin địa phương, một số tuyến đường sẽ bị đóng để bảo trì tuần này."
"Listening_Topics","Tin-tuc-giao-thong-LC","complimentary shuttle buses","xe buýt đưa đón miễn phí","noun","/ˌkɑːm.pləˈmen.t̬ɚi ˈʃʌt̬.əl ˌbʌs.ɪz/","Complimentary shuttle buses will run between the parking lot and the venue.","Xe buýt đưa đón miễn phí sẽ chạy giữa bãi đậu xe và địa điểm tổ chức."
"Listening_Topics","Tin-tuc-giao-thong-LC","traffic jam","kẹt xe","noun","/ˈtræf.ɪk dʒæm/","There was a long traffic jam on the highway this morning.","Sáng nay có một vụ kẹt xe kéo dài trên đường cao tốc."
"Listening_Topics","Tin-tuc-giao-thong-LC","stuck in traffic","kẹt xe đông đúc","adj","/stʌk ɪn ˈtræf.ɪk/","I was stuck in traffic for nearly an hour on my way to work.","Tôi bị kẹt xe gần một tiếng trên đường đi làm."
"Listening_Topics","Tin-tuc-giao-thong-LC","heavy snow","tuyết rơi dày","noun","/ˈhev.i snoʊ/","Heavy snow caused major delays on several highways this morning.","Tuyết rơi dày gây ra nhiều trì hoãn trên một số đường cao tốc sáng nay."
"Listening_Topics","Tin-tuc-giao-thong-LC","slippery road","đường trơn trượt","noun","/ˈslɪp.ɚ.i roʊd/","Be careful when driving on slippery roads during winter.","Hãy cẩn thận khi lái xe trên đường trơn trượt vào mùa đông."
"Listening_Topics","Tin-tuc-giao-thong-LC","construction","hoạt động xây dựng hoặc sửa chữa đường sá","noun","/kənˈstrʌk.ʃən/","Road construction is causing heavy delays near the downtown area.","Việc thi công đường đang gây trì hoãn nghiêm trọng gần khu trung tâm."
"Listening_Topics","Tin-tuc-giao-thong-LC","speed","tốc độ di chuyển","noun","/spiːd/","The speed limit on this road is 50 kilometers per hour.","Giới hạn tốc độ trên con đường này là 50 km/h."
"Listening_Topics","Tin-tuc-giao-thong-LC","slow down","giảm tốc độ","verb","/sloʊ daʊn/","Please slow down when approaching the construction zone.","Vui lòng giảm tốc độ khi đến gần khu vực thi công."
"Listening_Topics","Tin-tuc-giao-thong-LC","parking meter","máy tính tiền đỗ xe","noun","/ˈpɑːr.kɪŋ ˌmiː.t̬ɚ/","You need to pay at the parking meter before leaving your car.","Bạn cần trả tiền tại máy tính tiền đỗ xe trước khi rời xe."
"Listening_Topics","Tin-tuc-giao-thong-LC","toll","phí đường bộ hoặc cầu đường","noun","/toʊl/","Drivers must pay a toll to use the expressway.","Tài xế phải trả phí để sử dụng đường cao tốc."
"Listening_Topics","Tin-tuc-giao-thong-LC","collision","va chạm giữa hai vật thể hoặc phương tiện","noun","/kəˈlɪʒ.ən/","There was a collision between two trucks on the highway.","Đã xảy ra va chạm giữa hai xe tải trên đường cao tốc."
"Listening_Topics","Tin-tuc-giao-thong-LC","accident","tai nạn","noun","/ˈæk.sə.dənt/","A car accident on Main Street caused a long traffic backup.","Một vụ tai nạn xe hơi trên đường Main gây tắc nghẽn giao thông kéo dài."
"Listening_Topics","Tin-tuc-giao-thong-LC","vehicle","phương tiện giao thông","noun","/ˈviː.ə.kəl/","Only authorized vehicles are allowed in that lane.","Chỉ những phương tiện được phép mới được đi vào làn đường đó."
"Listening_Topics","Tin-tuc-giao-thong-LC","traffic","lưu lượng xe cộ trên đường","noun","/ˈtræf.ɪk/","Morning traffic is always heavy near the city center.","Lưu lượng xe vào buổi sáng luôn đông gần trung tâm thành phố."
"Listening_Topics","Tin-tuc-giao-thong-LC","bus stop","trạm dừng xe buýt","noun","/ˈbʌs ˌstɑːp/","The nearest bus stop is just a five-minute walk from here.","Trạm dừng xe buýt gần nhất chỉ cách đây năm phút đi bộ."
"Listening_Topics","Tin-tuc-giao-thong-LC","traffic accident","tai nạn giao thông","noun","/ˈtræf.ɪk ˌæk.sə.dənt/","A traffic accident on the expressway caused delays this morning.","Một vụ tai nạn giao thông trên đường cao tốc đã gây ra tình trạng chậm trễ sáng nay."
"Listening_Topics","Tin-tuc-giao-thong-LC","park illegally","đỗ xe sai quy định","verb","/pɑːrk ɪˈliː.ɡəl.i/","You will get a ticket if you park illegally downtown.","Bạn sẽ bị phạt nếu đỗ xe sai quy định ở trung tâm thành phố."
"Listening_Topics","Tin-tuc-giao-thong-LC","fine","tiền phạt","noun","/faɪn/","He received a $100 fine for speeding in a school zone.","Anh ấy bị phạt 100 đô vì chạy quá tốc độ trong khu vực trường học."
"Listening_Topics","Tin-tuc-giao-thong-LC","parking lot","bãi đậu xe","noun","/ˈpɑːr.kɪŋ lɑːt/","The parking lot behind the theater is full today.","Bãi đậu xe phía sau nhà hát hôm nay đã kín chỗ."
"Listening_Topics","Tin-tuc-giao-thong-LC","parking permit","giấy phép đậu xe","noun","/ˈpɑːr.kɪŋ ˌpɝː.mɪt/","You need a valid parking permit to use this lot.","Bạn cần giấy phép đậu xe hợp lệ để sử dụng bãi này."
"Listening_Topics","Tin-tuc-giao-thong-LC","rush hour traffic","giao thông giờ cao điểm","noun","/rʌʃ ˈaʊ.ɚ ˈtræf.ɪk/","Rush hour traffic is especially bad near the downtown exits.","Giao thông giờ cao điểm đặc biệt tệ gần các lối ra trung tâm."
"Listening_Topics","Tin-tuc-giao-thong-LC","garage","nhà để xe hoặc xưởng sửa ô tô","noun","/ɡəˈrɑːʒ/","The car is being repaired at the garage near the station.","Chiếc xe đang được sửa tại gara gần nhà ga."
"Listening_Topics","Tin-tuc-giao-thong-LC","free of charge","miễn phí","adv","/friː əv tʃɑːrdʒ/","Shuttle service to the airport is provided free of charge.","Dịch vụ đưa đón sân bay được cung cấp miễn phí."
"Listening_Topics","Tin-tuc-giao-thong-LC","give a ride","cho ai đó đi nhờ xe","verb","/ɡɪv ə raɪd/","Can you give me a ride to the bus station?","Bạn có thể cho tôi đi nhờ đến bến xe buýt không?"
"Listening_Topics","Tin-tuc-giao-thong-LC","the traffic is heavy","giao thông đông đúc","verb","/ðə ˈtræf.ɪk ɪz ˈhev.i/","The traffic is heavy on the highway due to an earlier accident.","Giao thông trên đường cao tốc đang rất đông do một vụ tai nạn trước đó."
"Listening_Topics","Tin-tuc-giao-thong-LC","the traffic is light","giao thông thưa thớt","verb","/ðə ˈtræf.ɪk ɪz laɪt/","The traffic is light this morning, so we should arrive on time.","Giao thông sáng nay khá thông thoáng nên chúng ta sẽ đến đúng giờ."
"Listening_Topics","Noi-bo-cong-ty-LC","recommendation","đề xuất, gợi ý tốt nhất","noun","/ˌrek.ə.menˈdeɪ.ʃən/","Management approved the consultant’s recommendation to restructure the team.","Ban quản lý đã phê duyệt đề xuất của cố vấn về việc tái cấu trúc nhóm."
"Listening_Topics","Noi-bo-cong-ty-LC","employee handbook","sổ tay nhân viên","noun","/ɪmˈplɔɪ.i ˈhænd.bʊk/","New hires must read the employee handbook during orientation.","Nhân viên mới phải đọc sổ tay nhân viên trong buổi định hướng."
"Listening_Topics","Noi-bo-cong-ty-LC","benefits","phúc lợi nhân viên","noun","/ˈben.ə.fɪts/","Our company offers excellent employee benefits, including health insurance and paid leave.","Công ty chúng tôi cung cấp phúc lợi tuyệt vời, bao gồm bảo hiểm sức khỏe và nghỉ phép có lương."
"Listening_Topics","Noi-bo-cong-ty-LC","commute","quãng đường đi làm hàng ngày","noun","/kəˈmjuːt/","Her morning commute usually takes about 45 minutes.","Quãng đường đi làm buổi sáng của cô ấy thường mất khoảng 45 phút."
"Listening_Topics","Noi-bo-cong-ty-LC","construction","hoạt động xây dựng hoặc sửa chữa","noun","/kənˈstrʌk.ʃən/","Construction near the office may affect employees’ commute this week.","Việc thi công gần văn phòng có thể ảnh hưởng đến việc đi lại của nhân viên trong tuần này."
"Listening_Topics","Noi-bo-cong-ty-LC","detour","đường vòng","noun","/ˈdiː.tʊr/","Employees should take the posted detour to access the parking garage.","Nhân viên nên đi theo đường vòng đã được chỉ dẫn để vào nhà để xe."
"Listening_Topics","Noi-bo-cong-ty-LC","sick leave","nghỉ ốm được phép","noun","/sɪk liːv/","Employees must notify their supervisor when taking sick leave.","Nhân viên phải thông báo cho quản lý khi nghỉ ốm."
"Listening_Topics","Noi-bo-cong-ty-LC","doctor’s appointment","cuộc hẹn khám bác sĩ","noun","/ˈdɑːk.tɚz əˈpɔɪnt.mənt/","I have a doctor’s appointment at 2 p.m., so I’ll leave the office early.","Tôi có hẹn khám bác sĩ lúc 2 giờ chiều nên sẽ rời văn phòng sớm."
"Listening_Topics","Noi-bo-cong-ty-LC","job description","bản mô tả công việc","noun","/ˈdʒɑːb dɪˌskrɪp.ʃən/","The job description outlines key responsibilities and qualifications.","Bản mô tả công việc nêu rõ các trách nhiệm chính và tiêu chuẩn cần thiết."
"Listening_Topics","Noi-bo-cong-ty-LC","time sheet","bảng chấm công","noun","/ˈtaɪm ˌʃiːt/","Please submit your time sheet by Friday for payroll processing.","Vui lòng nộp bảng chấm công trước thứ Sáu để xử lý lương."
"Listening_Topics","Noi-bo-cong-ty-LC","relax","thư giãn","verb","/rɪˈlæks/","Employees are encouraged to relax in the break room during lunch.","Nhân viên được khuyến khích thư giãn trong phòng nghỉ trưa."
"Listening_Topics","Noi-bo-cong-ty-LC","late for work","đi làm muộn","adj","/leɪt fɚ wɝːk/","He was late for work because of a traffic accident on the highway.","Anh ấy đi làm muộn vì một vụ tai nạn trên đường cao tốc."
"Listening_Topics","Noi-bo-cong-ty-LC","on the way to work","đang trên đường đến chỗ làm","adv","/ɑːn ðə weɪ tuː wɝːk/","I got stuck in traffic on the way to work this morning.","Tôi bị kẹt xe trên đường đi làm sáng nay."
"Listening_Topics","Noi-bo-cong-ty-LC","call in sick","gọi điện xin nghỉ ốm","verb","/kɑːl ɪn sɪk/","I had to call in sick because I caught the flu.","Tôi phải gọi điện xin nghỉ vì bị cúm."
"Listening_Topics","Noi-bo-cong-ty-LC","leave early","về sớm","verb","/liːv ˈɝː.li/","He asked his manager for permission to leave early today.","Anh ấy xin phép quản lý được về sớm hôm nay."
"Listening_Topics","Noi-bo-cong-ty-LC","get a chance to","có cơ hội làm gì đó","verb","/ɡet ə tʃæns tuː/","You’ll get a chance to meet the new manager at the meeting.","Bạn sẽ có cơ hội gặp quản lý mới tại cuộc họp."
"Listening_Topics","Noi-bo-cong-ty-LC","get off work","tan ca","verb","/ɡet ɔːf wɝːk/","Let’s grab dinner after we get off work.","Hãy đi ăn tối sau khi tan ca nhé."
"Listening_Topics","Noi-bo-cong-ty-LC","stop by","ghé qua","verb","/stɑːp baɪ/","Please stop by my office when you have a minute.","Vui lòng ghé qua văn phòng tôi khi bạn có chút thời gian."
"Listening_Topics","Noi-bo-cong-ty-LC","have a look","xem qua","verb","/hæv ə lʊk/","Could you have a look at this report before the meeting?","Bạn có thể xem qua bản báo cáo này trước cuộc họp không?"
"Listening_Topics","Noi-bo-cong-ty-LC","take a short break","nghỉ ngắn để thư giãn","verb","/teɪk ə ʃɔːrt breɪk/","Let’s take a short break before starting the next session.","Hãy nghỉ ngắn trước khi bắt đầu phiên tiếp theo."
"Listening_Topics","Noi-bo-cong-ty-LC","work extra hours","làm thêm giờ","verb","/wɝːk ˈek.strə ˈaʊ.ɚz/","We may need to work extra hours to meet the deadline.","Chúng ta có thể cần làm thêm giờ để kịp hạn chót."
"Listening_Topics","Noi-bo-cong-ty-LC","be worried that","lo lắng về điều gì đó xảy ra","verb","/bi ˈwɝː.id ðæt/","I’m worried that we won’t finish the project on time.","Tôi lo rằng chúng ta sẽ không hoàn thành dự án đúng hạn."
"Listening_Topics","Thang-chuc-LC","promotion","sự thăng chức","noun","/prəˈmoʊ.ʃən/","She received a well-deserved promotion after five years of hard work.","Cô ấy đã được thăng chức xứng đáng sau năm năm làm việc chăm chỉ."
"Listening_Topics","Thang-chuc-LC","celebrate","ăn mừng","verb","/ˈsel.ə.breɪt/","Let’s celebrate her promotion with a team lunch today.","Hãy ăn mừng việc cô ấy được thăng chức bằng một bữa trưa nhóm hôm nay."
"Listening_Topics","Thang-chuc-LC","celebration","buổi lễ ăn mừng","noun","/ˌsel.əˈbreɪ.ʃən/","They held a small celebration for her promotion in the break room.","Họ tổ chức một buổi ăn mừng nhỏ cho việc thăng chức của cô ấy tại phòng nghỉ."
"Listening_Topics","Thang-chuc-LC","approve","phê duyệt","verb","/əˈpruːv/","The board approved her promotion to department head.","Ban lãnh đạo đã phê duyệt việc thăng chức cô ấy lên trưởng bộ phận."
"Listening_Topics","Thang-chuc-LC","assign","giao nhiệm vụ","verb","/əˈsaɪn/","She was assigned to lead the new project after her promotion.","Cô ấy được giao lãnh đạo dự án mới sau khi được thăng chức."
"Listening_Topics","Thang-chuc-LC","performance","hiệu suất làm việc","noun","/pɚˈfɔːr.məns/","Her strong performance was a key factor in her promotion.","Hiệu suất làm việc xuất sắc là yếu tố then chốt giúp cô ấy được thăng chức."
"Listening_Topics","Thang-chuc-LC","accomplish","hoàn thành mục tiêu","verb","/əˈkɑːm.plɪʃ/","She accomplished all her goals before being promoted to team leader.","Cô ấy đã hoàn thành tất cả mục tiêu trước khi được thăng chức lên trưởng nhóm."
"Listening_Topics","Thang-chuc-LC","expertise","chuyên môn","noun","/ˌek.spɚˈtiːz/","His technical expertise made him the best candidate for promotion.","Chuyên môn kỹ thuật của anh ấy khiến anh trở thành ứng viên thăng chức tốt nhất."
"Listening_Topics","Thang-chuc-LC","leave of absence","thời gian nghỉ phép chính thức","noun","/ˌliːv əv ˈæb.səns/","She took a leave of absence to care for her newborn before returning to work.","Cô ấy xin nghỉ phép để chăm con sơ sinh trước khi đi làm lại."
"Listening_Topics","Thang-chuc-LC","paid vacation","kỳ nghỉ có lương","noun","/peɪd veɪˈkeɪ.ʃən/","Employees are entitled to two weeks of paid vacation annually.","Nhân viên được hưởng hai tuần nghỉ phép có lương mỗi năm."
"Listening_Topics","Thang-chuc-LC","unpaid vacation","kỳ nghỉ không lương","noun","/ʌnˈpeɪd veɪˈkeɪ.ʃən/","He took an unpaid vacation to travel abroad for a month.","Anh ấy nghỉ phép không lương để đi du lịch nước ngoài một tháng."
"Listening_Topics","Thang-chuc-LC","be promoted to","được thăng chức lên vị trí cao hơn","verb","/bi prəˈmoʊ.t̬ɪd tuː/","He was promoted to regional director after leading several major projects.","Anh ấy được thăng chức lên giám đốc khu vực sau khi dẫn dắt một số dự án lớn."
"Listening_Topics","Thang-chuc-LC","deserve the promotion","xứng đáng được thăng chức","verb","/dɪˈzɝːv ðə prəˈmoʊ.ʃən/","She truly deserves the promotion for her outstanding performance.","Cô ấy thật sự xứng đáng được thăng chức vì hiệu suất xuất sắc."
"Listening_Topics","Thang-chuc-LC","organize a celebration","tổ chức tiệc ăn mừng","verb","/ˈɔːr.ɡən.aɪz ə ˌsel.əˈbreɪ.ʃən/","The team organized a celebration for her recent promotion.","Nhóm đã tổ chức một buổi tiệc ăn mừng cho lần thăng chức gần đây của cô ấy."
"Listening_Topics","Thang-chuc-LC","take a vacation","đi nghỉ dưỡng","verb","/teɪk ə veɪˈkeɪ.ʃən/","I’m planning to take a vacation after the busy quarter ends.","Tôi dự định nghỉ phép sau khi quý bận rộn kết thúc."
"Listening_Topics","Thang-chuc-LC","be away on vacation","đang nghỉ phép","verb","/bi əˈweɪ ɑːn veɪˈkeɪ.ʃən/","He’s currently away on vacation and will return next Monday.","Anh ấy hiện đang nghỉ phép và sẽ trở lại vào thứ Hai tới."
"Listening_Topics","Thang-chuc-LC","leave for vacation","rời đi nghỉ dưỡng","verb","/liːv fɚ veɪˈkeɪ.ʃən/","She will leave for vacation right after the team meeting.","Cô ấy sẽ rời đi nghỉ ngay sau cuộc họp nhóm."
"Listening_Topics","Thang-chuc-LC","ask for the time off","xin nghỉ phép","verb","/æsk fɚ ðə taɪm ɔːf/","You need to ask for the time off at least a week in advance.","Bạn cần xin nghỉ phép ít nhất một tuần trước đó."
"Listening_Topics","Thang-chuc-LC","fill out the request form","điền vào mẫu đơn yêu cầu","verb","/fɪl aʊt ðə rɪˈkwest fɔːrm/","Please fill out the request form if you’d like to take next Friday off.","Vui lòng điền vào mẫu đơn nếu bạn muốn nghỉ thứ Sáu tới."
"Listening_Topics","Thang-chuc-LC","congratulations","lời chúc mừng thành tựu","noun","/kənˌɡrætʃ.əˈleɪ.ʃənz/","Congratulations on your well-earned promotion!","Chúc mừng bạn với sự thăng chức xứng đáng!"
"Listening_Topics","Nhan-su-LC-2","hire","thuê người làm việc","verb","/ˈhaɪɚ/","We plan to hire two more designers for the marketing team.","Chúng tôi dự định thuê thêm hai nhà thiết kế cho nhóm marketing."
"Listening_Topics","Nhan-su-LC-2","employ","tuyển dụng","verb","/ɪmˈplɔɪ/","The company employs over 300 staff across multiple locations.","Công ty thuê hơn 300 nhân viên tại nhiều địa điểm."
"Listening_Topics","Nhan-su-LC-2","recruit","tuyển dụng","verb","/rɪˈkruːt/","We are recruiting new graduates for the training program.","Chúng tôi đang tuyển sinh viên mới tốt nghiệp cho chương trình đào tạo."
"Listening_Topics","Nhan-su-LC-2","new employee","nhân viên mới","noun","/nuː ˌɛm.plɔɪˈiː/","The manager introduced the new employee to the rest of the team.","Quản lý đã giới thiệu nhân viên mới với cả nhóm."
"Listening_Topics","Nhan-su-LC-2","job opening","vị trí tuyển dụng","noun","/dʒɑːb ˈoʊ.pən.ɪŋ/","There’s a job opening in the accounting department.","Có một vị trí tuyển dụng trong phòng kế toán."
"Listening_Topics","Nhan-su-LC-2","applicant","người nộp đơn xin việc","noun","/ˈæ.plɪ.kənt/","Each applicant must submit a résumé and cover letter.","Mỗi ứng viên phải nộp sơ yếu lý lịch và thư xin việc."
"Listening_Topics","Nhan-su-LC-2","candidate","ứng viên","noun","/ˈkæn.dɪ.dət/","She is one of the strongest candidates for the team leader role.","Cô ấy là một trong những ứng viên mạnh nhất cho vai trò trưởng nhóm."
"Listening_Topics","Nhan-su-LC-2","job application","đơn xin việc","noun","/ˈdʒɑːb ˌæp.ləˈkeɪ.ʃən/","Please fill out the job application completely and attach your résumé.","Vui lòng điền đầy đủ đơn xin việc và đính kèm sơ yếu lý lịch."
"Listening_Topics","Nhan-su-LC-2","résumé","sơ yếu lý lịch","noun","/ˈrez.ə.meɪ/","Your résumé should highlight your relevant experience and skills.","Sơ yếu lý lịch của bạn nên nêu bật kinh nghiệm và kỹ năng liên quan."
"Listening_Topics","Nhan-su-LC-2","job interview","buổi phỏng vấn xin việc","noun","/ˈdʒɑːb ˌɪn.t̬ɚˈvjuː/","She has a job interview scheduled for Thursday morning.","Cô ấy có một buổi phỏng vấn xin việc vào sáng thứ Năm."
"Listening_Topics","Nhan-su-LC-2","human resources department","phòng nhân sự","noun","/ˈhjuː.mən rɪˌsɔːr.sɪz dɪˈpɑːrt.mənt/","The human resources department is reviewing all applications.","Phòng nhân sự đang xem xét tất cả đơn ứng tuyển."
"Listening_Topics","Nhan-su-LC-2","personnel department","phòng nhân sự","noun","/ˌpɝː.sənˈel dɪˌpɑːrt.mənt/","The personnel department will handle your transfer request.","Phòng nhân sự sẽ xử lý yêu cầu điều chuyển của bạn."
"Listening_Topics","Nhan-su-LC-2","qualified","đủ điều kiện, có kỹ năng và kiến thức cần thiết","adj","/ˈkwɑː.lə.faɪd/","He is highly qualified for the sales manager position.","Anh ấy rất phù hợp cho vị trí quản lý kinh doanh."
"Listening_Topics","Nhan-su-LC-2","extensive experience","kinh nghiệm phong phú","noun","/ɪkˈsten.sɪv ɪkˈspɪr.i.əns/","She has extensive experience in international marketing.","Cô ấy có kinh nghiệm phong phú trong lĩnh vực marketing quốc tế."
"Listening_Topics","Nhan-su-LC-2","potential employer","nhà tuyển dụng tiềm năng","noun","/pəˈten.ʃəl ɛmˈplɔɪ.ɚ/","You should research your potential employer before the interview.","Bạn nên tìm hiểu về nhà tuyển dụng tiềm năng trước buổi phỏng vấn."
"Listening_Topics","Nhan-su-LC-2","apply for","nộp đơn xin","verb","/əˈplaɪ fɔːr/","I’d like to apply for the position of administrative assistant.","Tôi muốn nộp đơn xin vào vị trí trợ lý hành chính."
"Listening_Topics","Nhan-su-LC-2","turn in","nộp tài liệu","verb","/tɝːn ɪn/","Please turn in your job application by Friday.","Vui lòng nộp đơn xin việc trước thứ Sáu."
"Listening_Topics","Nhan-su-LC-2","hand in","nộp tài liệu cho người phụ trách","verb","/hænd ɪn/","You should hand in your résumé to the receptionist.","Bạn nên nộp sơ yếu lý lịch cho lễ tân."
"Listening_Topics","Nhan-su-LC-2","submit","nộp tài liệu để xem xét","verb","/səbˈmɪt/","All candidates must submit their résumés by email.","Tất cả ứng viên phải nộp sơ yếu lý lịch qua email."
"Listening_Topics","Nhan-su-LC-2","fill the position","tuyển người cho vị trí trống","verb","/fɪl ðə pəˈzɪʃ.ən/","We’re hoping to fill the position by the end of the month.","Chúng tôi hy vọng sẽ tuyển được người cho vị trí này vào cuối tháng."
"Listening_Topics","Nhan-su-LC-2","look over","xem xét kỹ lưỡng","verb","/lʊk ˈoʊ.vɚ/","The manager will look over the job applications tomorrow.","Quản lý sẽ xem xét các đơn xin việc vào ngày mai."
"Listening_Topics","Nhan-su-LC-2","review","đánh giá, xem xét cẩn thận","verb","/rɪˈvjuː/","The HR manager is reviewing all submitted résumés.","Trưởng phòng nhân sự đang xem xét tất cả sơ yếu lý lịch đã nộp."
"Listening_Topics","Nhan-su-LC-2","get through","xử lý hết, kiểm tra toàn bộ","verb","/ɡet θruː/","I haven’t had time to get through all the applications yet.","Tôi chưa có thời gian để xem hết tất cả đơn xin việc."
"Listening_Topics","Nhan-su-LC-2","conduct an interview","tiến hành phỏng vấn","verb","/kənˈdʌkt æn ˈɪn.t̬ɚ.vjuː/","The HR manager will conduct an interview with each candidate.","Trưởng phòng nhân sự sẽ tiến hành phỏng vấn từng ứng viên."
"Listening_Topics","Nhan-su-LC-2","come in for an interview","đến phỏng vấn xin việc","verb","/kʌm ɪn fɔːr æn ˈɪn.t̬ɚ.vjuː/","She’s coming in for an interview at 10 a.m. tomorrow.","Cô ấy sẽ đến phỏng vấn lúc 10 giờ sáng mai."
"Listening_Topics","Nhan-su-LC-2","offer a job","đề nghị công việc","verb","/ˈɔː.fɚ ə dʒɑːb/","They offered her the job after the final interview.","Họ đã đề nghị công việc cho cô ấy sau buổi phỏng vấn cuối."
"Listening_Topics","Nhan-su-LC-2","accept a job offer","nhận lời mời làm việc","verb","/əkˈsept ə dʒɑːb ˈɑː.fɚ/","He decided to accept a job offer from a tech company in Seattle.","Anh ấy quyết định nhận lời mời làm việc từ một công ty công nghệ ở Seattle."
"Listening_Topics","Nhan-su-LC-2","take one’s place","thay thế vị trí của ai đó","verb","/teɪk wʌnz pleɪs/","A new assistant will take her place while she’s on maternity leave.","Một trợ lý mới sẽ thay cô ấy trong thời gian nghỉ thai sản."
"Listening_Topics","Nhan-su-LC-2","look for a position","tìm việc làm","verb","/lʊk fɔːr ə pəˈzɪʃ.ən/","I’m currently looking for a position in project management.","Tôi hiện đang tìm kiếm vị trí trong quản lý dự án."
"Listening_Topics","Nhan-su-LC-2","start a new career","bắt đầu sự nghiệp mới","verb","/stɑːrt ə nuː kəˈrɪr/","She left the company to start a new career in education.","Cô ấy rời công ty để bắt đầu sự nghiệp mới trong ngành giáo dục."
"Listening_Topics","Nhan-su-LC-2","take over","tiếp quản","verb","/teɪk ˈoʊ.vɚ/","He will take over as manager starting next month.","Anh ấy sẽ tiếp quản vị trí quản lý bắt đầu từ tháng tới."
"Listening_Topics","Tuyen-dung-LC","opportunity","cơ hội","noun","/ˌɑː.pɚˈtuː.nə.t̬i/","The career fair gives job seekers a great opportunity to meet employers.","Hội chợ việc làm mang đến cơ hội tuyệt vời để người tìm việc gặp gỡ nhà tuyển dụng."
"Listening_Topics","Tuyen-dung-LC","graduate","người tốt nghiệp","noun","/ˈɡrædʒ.u.ət/","Our company is hiring recent graduates for the trainee program.","Công ty chúng tôi đang tuyển sinh viên mới tốt nghiệp cho chương trình đào tạo."
"Listening_Topics","Tuyen-dung-LC","professional","chuyên gia","noun","/prəˈfeʃ.ən.əl/","We are looking for qualified professionals to fill senior roles.","Chúng tôi đang tìm kiếm các chuyên gia có trình độ để đảm nhận các vị trí cấp cao."
"Listening_Topics","Tuyen-dung-LC","talented","có tài năng","adj","/ˈtæl.ən.t̬ɪd/","We are seeking talented individuals to join our design team.","Chúng tôi đang tìm kiếm những cá nhân tài năng để gia nhập nhóm thiết kế."
"Listening_Topics","Tuyen-dung-LC","job candidate","ứng viên xin việc","noun","/dʒɑːb ˈkæn.dɪ.dət/","Each job candidate must complete an online assessment.","Mỗi ứng viên phải hoàn thành bài kiểm tra trực tuyến."
"Listening_Topics","Tuyen-dung-LC","full-time worker","nhân viên làm việc toàn thời gian","noun","/ˌfʊl.taɪm ˈwɝː.kɚ/","The company is hiring a full-time worker for the accounting team.","Công ty đang tuyển một nhân viên toàn thời gian cho bộ phận kế toán."
"Listening_Topics","Tuyen-dung-LC","previous work experience","kinh nghiệm làm việc trước đây","noun","/ˈpriː.vi.əs wɝːk ɪkˈspɪr.i.əns/","Please include all previous work experience on your résumé.","Vui lòng liệt kê toàn bộ kinh nghiệm làm việc trước đây trong sơ yếu lý lịch của bạn."
"Listening_Topics","Tuyen-dung-LC","individual","cá nhân","noun","/ˌɪn.dəˈvɪdʒ.u.əl/","We’re looking for a motivated individual to join our team.","Chúng tôi đang tìm một cá nhân năng động để gia nhập đội ngũ."
"Listening_Topics","Tuyen-dung-LC","contact information","thông tin liên hệ","noun","/ˈkɑːn.tækt ˌɪn.fɚˈmeɪ.ʃən/","Be sure to include your contact information at the top of your résumé.","Hãy chắc chắn ghi thông tin liên hệ của bạn ở đầu sơ yếu lý lịch."
"Listening_Topics","Tuyen-dung-LC","submit","nộp tài liệu để xem xét","verb","/səbˈmɪt/","Applicants must submit their résumés by Friday.","Ứng viên phải nộp sơ yếu lý lịch trước thứ Sáu."
"Listening_Topics","Tuyen-dung-LC","on-the-job training","đào tạo tại chỗ","noun","/ˌɑːn.ðəˈdʒɑːb ˈtreɪ.nɪŋ/","New employees will receive on-the-job training during their first month.","Nhân viên mới sẽ được đào tạo tại chỗ trong tháng đầu tiên."
"Listening_Topics","Tuyen-dung-LC","be interested in","quan tâm đến, có hứng thú với","verb","/biː ˈɪn.trə.stɪd ɪn/","I’m very interested in the marketing assistant position.","Tôi rất quan tâm đến vị trí trợ lý marketing."
"Listening_Topics","Tuyen-dung-LC","be considered for a position","được xem xét cho vị trí công việc","verb","/biː kənˈsɪd.ɚd fɔːr ə pəˈzɪʃ.ən/","Only qualified applicants will be considered for the position.","Chỉ những ứng viên đủ điều kiện mới được xem xét cho vị trí này."
"Listening_Topics","Tuyen-dung-LC","be offered positions for the company","được mời làm việc trong công ty","verb","/biː ˈɔː.fɚd pəˈzɪʃ.ənz fɔːr ðə ˈkʌm.pə.ni/","Several candidates were offered positions for the company.","Một số ứng viên đã được mời làm việc cho công ty."
"Listening_Topics","Tuyen-dung-LC","email your résumé to","gửi sơ yếu lý lịch qua email đến","verb","/ˈiː.meɪl jʊr ˈrez.juː.meɪ tuː/","Please email your résumé to hr@greenfield.com.","Vui lòng gửi sơ yếu lý lịch của bạn đến hr@greenfield.com."
"Listening_Topics","Tuyen-dung-LC","successful candidates should have experience with","ứng viên trúng tuyển cần có kinh nghiệm với","verb","/səkˈses.fəl ˈkæn.dɪ.dəts ʃʊd hæv ɪkˈspɪr.i.əns wɪð/","Successful candidates should have experience with database management.","Ứng viên trúng tuyển nên có kinh nghiệm quản lý cơ sở dữ liệu."
"Listening_Topics","Quang-cao-san-pham-LC","price reduction","giảm giá sản phẩm","noun","/praɪs rɪˈdʌk.ʃən/","The store is offering a price reduction on all electronics this weekend.","Cửa hàng đang giảm giá cho tất cả thiết bị điện tử vào cuối tuần này."
"Listening_Topics","Quang-cao-san-pham-LC","promotional event","sự kiện quảng bá sản phẩm","noun","/prəˈmoʊ.ʃən.əl ɪˈvent/","We’re planning a promotional event for our new product line.","Chúng tôi đang lên kế hoạch cho sự kiện quảng bá dòng sản phẩm mới."
"Listening_Topics","Quang-cao-san-pham-LC","annual sale","giảm giá hàng năm","noun","/ˈæn.ju.əl seɪl/","Our annual sale starts next Monday and lasts for a week.","Chương trình giảm giá hằng năm của chúng tôi bắt đầu từ thứ Hai tới và kéo dài một tuần."
"Listening_Topics","Quang-cao-san-pham-LC","offer","đề xuất, cung cấp sản phẩm hoặc dịch vụ cho khách hàng","verb","/ˈɑː.fɚ/","We currently offer free shipping on all orders over $50.","Chúng tôi hiện đang miễn phí vận chuyển cho tất cả đơn hàng trên 50 đô la."
"Listening_Topics","Quang-cao-san-pham-LC","end","kết thúc","verb","/end/","The sale will end this Friday, so hurry in!","Chương trình giảm giá sẽ kết thúc vào thứ Sáu này, nên hãy nhanh lên!"
"Listening_Topics","Quang-cao-san-pham-LC","special offer","ưu đãi đặc biệt","noun","/ˈspeʃ.əl ˈɑː.fɚ/","This weekend only, we have a special offer on all furniture.","Chỉ cuối tuần này, chúng tôi có ưu đãi đặc biệt cho toàn bộ đồ nội thất."
"Listening_Topics","Quang-cao-san-pham-LC","save","tiết kiệm","verb","/seɪv/","You can save up to 30% during our clearance sale.","Bạn có thể tiết kiệm tới 30% trong đợt xả hàng của chúng tôi."
"Listening_Topics","Quang-cao-san-pham-LC","hurry","vội vàng, thúc giục hành động nhanh","verb","/ˈhɝː.i/","Hurry! This limited-time offer ends tomorrow.","Nhanh lên! Ưu đãi có thời hạn này sẽ kết thúc vào ngày mai."
"Listening_Topics","Quang-cao-san-pham-LC","complimentary","miễn phí, tặng kèm","adj","/ˌkɑːm.pləˈmen.t̬ɚ.i/","Guests will receive a complimentary tote bag at the event.","Khách mời sẽ nhận được túi vải miễn phí tại sự kiện."
"Listening_Topics","Quang-cao-san-pham-LC","on sale","đang giảm giá","adj","/ɑːn seɪl/","All winter jackets are now on sale at half price.","Tất cả áo khoác mùa đông hiện đang giảm giá một nửa."
"Listening_Topics","Quang-cao-san-pham-LC","discount on","giảm giá cho sản phẩm, dịch vụ cụ thể","noun","/ˈdɪs.kaʊnt ɑːn/","We’re offering a 15% discount on all office supplies.","Chúng tôi đang giảm giá 15% cho tất cả đồ dùng văn phòng."
"Listening_Topics","Quang-cao-san-pham-LC","10% off the regular price","giảm 10% giá niêm yết","phrase","/ten pɚˈsent ɔːf ðə ˈreɡ.jə.lɚ praɪs/","All members receive 10% off the regular price.","Tất cả thành viên được giảm 10% so với giá niêm yết."
"Listening_Topics","Quang-cao-san-pham-LC","be discounted by 10%","giảm giá 10%","verb","/biː ˈdɪs.kaʊn.tɪd baɪ ten pɚˈsent/","All summer clothing is currently discounted by 10%.","Toàn bộ quần áo mùa hè hiện đang được giảm giá 10%."
"Listening_Topics","Quang-cao-san-pham-LC","be known for","nổi tiếng về","verb","/biː noʊn fɔːr/","This brand is known for its high-quality ingredients.","Thương hiệu này nổi tiếng với các nguyên liệu chất lượng cao."
"Listening_Topics","Quang-cao-san-pham-LC","be sure to","nhớ chắc chắn làm gì đó","verb","/biː ʃʊr tuː/","Be sure to check our website for daily deals.","Nhớ truy cập trang web của chúng tôi để xem ưu đãi hàng ngày."
"Listening_Topics","Quang-cao-san-pham-LC","take advantage of","tận dụng lợi thế","verb","/teɪk ədˈvæn.t̬ɪdʒ ʌv/","Take advantage of our weekend sale to save more.","Hãy tận dụng đợt giảm giá cuối tuần để tiết kiệm nhiều hơn."
"Listening_Topics","Quang-cao-san-pham-LC","don't miss (out)","đừng bỏ lỡ","verb","/doʊnt mɪs (aʊt)/","Don’t miss out on our special 3-day sale.","Đừng bỏ lỡ chương trình giảm giá đặc biệt kéo dài 3 ngày của chúng tôi."
"Listening_Topics","Dac-diem-san-pham-dich-vu-LC","feature","bao gồm đặc điểm nổi bật","verb","/ˈfiː.tʃɚ/","The brochure features our newest line of kitchen appliances.","Tờ rơi giới thiệu dòng thiết bị nhà bếp mới nhất của chúng tôi."
"Listening_Topics","Dac-diem-san-pham-dich-vu-LC","various","đa dạng, nhiều loại khác nhau","adj","/ˈver.i.əs/","The store sells various styles of office furniture.","Cửa hàng bán nhiều kiểu nội thất văn phòng khác nhau."
"Listening_Topics","Dac-diem-san-pham-dich-vu-LC","beverage","đồ uống","noun","/ˈbev.ɚ.ɪdʒ/","The café offers a wide selection of hot and cold beverages.","Quán cà phê cung cấp nhiều loại đồ uống nóng và lạnh."
"Listening_Topics","Dac-diem-san-pham-dich-vu-LC","catering","dịch vụ cung cấp đồ ăn cho sự kiện","noun","/ˈkeɪ.t̬ɚ.ɪŋ/","The company offers full-service catering for corporate events.","Công ty cung cấp dịch vụ ăn uống trọn gói cho các sự kiện doanh nghiệp."
"Listening_Topics","Dac-diem-san-pham-dich-vu-LC","appliance","thiết bị điện gia dụng","noun","/əˈplaɪ.əns/","The new kitchen appliances are energy-efficient and easy to use.","Các thiết bị nhà bếp mới tiết kiệm năng lượng và dễ sử dụng."
"Listening_Topics","Dac-diem-san-pham-dich-vu-LC","state-of-the-art","hiện đại nhất, tiên tiến nhất","adj","/ˌsteɪt.əv.ðiːˈɑːrt/","Our facility is equipped with state-of-the-art technology.","Cơ sở của chúng tôi được trang bị công nghệ hiện đại nhất."
"Listening_Topics","Dac-diem-san-pham-dich-vu-LC","durable","bền, sử dụng lâu dài","adj","/ˈdʊr.ə.bəl/","This luggage is made of durable materials that last for years.","Chiếc vali này được làm từ vật liệu bền có thể sử dụng trong nhiều năm."
"Listening_Topics","Dac-diem-san-pham-dich-vu-LC","friendly","thân thiện, dễ gần","adj","/ˈfrend.li/","Our staff is friendly and always ready to assist you.","Nhân viên của chúng tôi thân thiện và luôn sẵn sàng hỗ trợ bạn."
"Listening_Topics","Dac-diem-san-pham-dich-vu-LC","knowledgeable","am hiểu, có kiến thức sâu rộng","adj","/ˈnɑː.lɪ.dʒə.bəl/","The technician was very knowledgeable about the new software.","Kỹ thuật viên rất am hiểu về phần mềm mới."
"Listening_Topics","Dac-diem-san-pham-dich-vu-LC","warranty","bảo hành","noun","/ˈwɔː.rən.t̬i/","This laptop comes with a two-year warranty.","Chiếc laptop này đi kèm với bảo hành hai năm."
"Listening_Topics","Dac-diem-san-pham-dich-vu-LC","incredible","tuyệt vời, không thể tin được","adj","/ɪnˈkred.ə.bəl/","They’re offering an incredible deal on smartphones this week.","Tuần này họ đang đưa ra ưu đãi không thể tin được cho điện thoại thông minh."
"Listening_Topics","Dac-diem-san-pham-dich-vu-LC","easy to carry","dễ mang theo","adj","/ˈiː.zi tu ˈker.i/","This lightweight bag is easy to carry and ideal for travel.","Chiếc túi nhẹ này dễ mang theo và lý tưởng cho việc du lịch."
"Listening_Topics","Dac-diem-san-pham-dich-vu-LC","available only by","chỉ có thể có được bằng cách nào đó","phrase","/əˈveɪ.lə.bəl ˈoʊn.li baɪ/","This limited edition is available only by special order.","Phiên bản giới hạn này chỉ có thể đặt theo yêu cầu đặc biệt."
"Listening_Topics","Dac-diem-san-pham-dich-vu-LC","be located in","nằm ở","verb","/loʊˈkeɪ.t̬ɪd ɪn/","The main office is located in downtown Seattle.","Văn phòng chính nằm ở trung tâm Seattle."
"Listening_Topics","Dac-diem-san-pham-dich-vu-LC","specialize in","chuyên về lĩnh vực cụ thể","verb","/ˈspeʃ.ə.laɪz ɪn/","We specialize in high-end kitchen appliances.","Chúng tôi chuyên về các thiết bị nhà bếp cao cấp."
"Listening_Topics","Dac-diem-san-pham-dich-vu-LC","looking for","đang tìm kiếm","verb","/ˈlʊk.ɪŋ fɔːr/","Are you looking for a reliable cleaning service?","Bạn đang tìm một dịch vụ vệ sinh đáng tin cậy?"
"Listening_Topics","Dac-diem-san-pham-dich-vu-LC","are you tired of","bạn có chán ngấy điều gì đó không?","phrase","/ɑːr juː ˈtaɪɚd ʌv/","Are you tired of paying too much for cable TV?","Bạn có chán việc phải trả quá nhiều tiền cho truyền hình cáp không?"
"Listening_Topics","Dac-diem-san-pham-dich-vu-LC","to order call","để đặt hàng, gọi tới","verb","/tuː ˈɔːr.dɚ ... kɑːl/","To order your free sample, call 1-800-555-0199.","Để đặt mẫu thử miễn phí, hãy gọi 1-800-555-0199."
"Listening_Topics","Dac-diem-san-pham-dich-vu-LC","for further information, please call","để biết thêm thông tin, vui lòng gọi","phrase","/fɔːr ˈfɝː.ðɚ ˌɪn.fɚˈmeɪ.ʃən pliːz kɔːl/","For further information, please call our customer service line.","Để biết thêm thông tin, vui lòng gọi đến đường dây chăm sóc khách hàng của chúng tôi."
"Listening_Topics","Dac-diem-san-pham-dich-vu-LC","we are opening a new","chúng tôi sắp khai trương một cái mới","phrase","/wiː ɑːr ˈoʊ.pən.ɪŋ ə nuː/","We are opening a new branch in downtown this fall.","Chúng tôi sẽ khai trương chi nhánh mới ở trung tâm thành phố vào mùa thu này."
"Listening_Topics","Dac-diem-san-pham-dich-vu-LC","environmentally friendly","thân thiện với môi trường","adj","/ɪnˌvaɪ.rənˈmen.t̬əl.i ˈfrend.li/","Our packaging is made from environmentally friendly materials.","Bao bì của chúng tôi được làm từ vật liệu thân thiện với môi trường."
"Listening_Topics","Dac-diem-san-pham-dich-vu-LC","be proud to","tự hào khi làm điều gì đó","verb","/biː praʊd tuː/","We are proud to offer high-quality customer support.","Chúng tôi tự hào cung cấp dịch vụ hỗ trợ khách hàng chất lượng cao."
"Listening_Topics","Dac-diem-san-pham-dich-vu-LC","a new line of","dòng sản phẩm/dịch vụ mới","noun","/ə nuː laɪn ʌv/","The company just released a new line of organic snacks.","Công ty vừa ra mắt dòng đồ ăn vặt hữu cơ mới."
"Listening_Topics","Dac-diem-san-pham-dich-vu-LC","gift certificate","phiếu quà tặng","noun","/ɡɪft sərˈtɪf.ə.kət/","You can redeem this gift certificate at any of our stores.","Bạn có thể dùng phiếu quà tặng này tại bất kỳ cửa hàng nào của chúng tôi."
"Listening_Topics","Hoat-dong-tham-quan-LC","trip","chuyến đi ngắn, có mục đích cụ thể","noun","/trɪp/","We're planning a business trip to New York next week.","Chúng tôi đang lên kế hoạch cho chuyến công tác tới New York vào tuần tới."
"Listening_Topics","Hoat-dong-tham-quan-LC","tourist","du khách","noun","/ˈtʊr.ɪst/","Tourists gathered near the monument to take pictures.","Du khách tập trung gần đài tưởng niệm để chụp ảnh."
"Listening_Topics","Hoat-dong-tham-quan-LC","travel agency","đại lý du lịch","noun","/ˈtræv.əl ˌeɪ.dʒən.si/","I booked our vacation through a well-known travel agency.","Tôi đã đặt kỳ nghỉ của chúng tôi qua một đại lý du lịch nổi tiếng."
"Listening_Topics","Hoat-dong-tham-quan-LC","sightseeing","tham quan danh lam thắng cảnh","noun","/ˈsaɪtˌsiː.ɪŋ/","We went sightseeing around the old city after the conference.","Chúng tôi đã đi tham quan quanh khu phố cổ sau hội nghị."
"Listening_Topics","Hoat-dong-tham-quan-LC","itinerary","lịch trình chuyến đi","noun","/aɪˈtɪn.ə.rer.i/","The tour guide handed out the itinerary for the day trip.","Hướng dẫn viên đã phát lịch trình cho chuyến đi trong ngày."
"Listening_Topics","Hoat-dong-tham-quan-LC","wake-up call","cuộc gọi báo thức","phrase","/ˈweɪk.ʌp ˌkɔːl/","The front desk arranged a wake-up call for 6 a.m.","Lễ tân đã sắp xếp cuộc gọi báo thức lúc 6 giờ sáng."
"Listening_Topics","Hoat-dong-tham-quan-LC","take a city tour","tham quan thành phố","verb","/teɪk ə ˈsɪt.i tʊr/","You’ll have free time this afternoon to take a city tour.","Bạn sẽ có thời gian rảnh vào chiều nay để tham quan thành phố."
"Listening_Topics","Hoat-dong-tham-quan-LC","adjust the itinerary","điều chỉnh lịch trình","verb","/əˈdʒʌst ði aɪˈtɪn.ə.rer.i/","Due to the weather, we had to adjust the itinerary.","Do thời tiết, chúng tôi phải điều chỉnh lịch trình chuyến đi."
"Listening_Topics","Hoat-dong-tham-quan-LC","tour","chuyến tham quan","noun","/tʊr/","The tour includes hotel accommodations and meals.","Chuyến tham quan bao gồm chỗ ở khách sạn và các bữa ăn."
"Listening_Topics","Hoat-dong-tham-quan-LC","guide","hướng dẫn viên","noun","/ɡaɪd/","The guide provided interesting facts about each site.","Hướng dẫn viên đã cung cấp những thông tin thú vị về từng địa điểm."
"Listening_Topics","Hoat-dong-tham-quan-LC","tourist attraction","điểm thu hút khách du lịch","noun","/ˈtʊr.ɪst əˌtræk.ʃən/","The Eiffel Tower is a world-famous tourist attraction.","Tháp Eiffel là một điểm thu hút khách du lịch nổi tiếng thế giới."
"Listening_Topics","Hoat-dong-tham-quan-LC","gift shop","cửa hàng quà tặng","noun","/ˈɡɪft ˌʃɑːp/","We stopped by the gift shop to buy some souvenirs.","Chúng tôi ghé vào cửa hàng quà tặng để mua vài món lưu niệm."
"Listening_Topics","Hoat-dong-tham-quan-LC","souvenir shop","cửa hàng lưu niệm","noun","/ˌsuː.vəˈnɪr ˌʃɑːp/","We visited the souvenir shop to buy gifts for friends.","Chúng tôi ghé cửa hàng lưu niệm để mua quà cho bạn bè."
"Listening_Topics","Hoat-dong-tham-quan-LC","art museum","bảo tàng nghệ thuật","noun","/ɑːrt mjuˈziː.əm/","The art museum features works by modern European artists.","Bảo tàng mỹ thuật trưng bày các tác phẩm của nghệ sĩ châu Âu hiện đại."
"Listening_Topics","Hoat-dong-tham-quan-LC","art gallery","phòng trưng bày nghệ thuật","noun","/ˈɑːrt ˌɡæl.ɚ.i/","She bought a painting at the local art gallery.","Cô ấy đã mua một bức tranh tại phòng trưng bày nghệ thuật địa phương."
"Listening_Topics","Hoat-dong-tham-quan-LC","hiking","đi bộ đường dài","noun","/ˈhaɪ.kɪŋ/","We went hiking in the mountains during our vacation.","Chúng tôi đã đi bộ đường dài trên núi trong kỳ nghỉ."
"Listening_Topics","Hoat-dong-tham-quan-LC","national park","công viên quốc gia","noun","/ˌnæʃ.ən.əl ˈpɑːrk/","They camped in a national park surrounded by wildlife.","Họ cắm trại trong công viên quốc gia được bao quanh bởi động vật hoang dã."
"Listening_Topics","Hoat-dong-tham-quan-LC","scenery","phong cảnh thiên nhiên đẹp","noun","/ˈsiː.nɚ.i/","We stopped to take photos of the beautiful scenery.","Chúng tôi dừng lại để chụp ảnh phong cảnh tuyệt đẹp."
"Listening_Topics","Hoat-dong-tham-quan-LC","point","chỉ vào ai/cái gì để thu hút sự chú ý","verb","/pɔɪnt/","The guide pointed at the ancient statue while explaining its history.","Hướng dẫn viên chỉ vào bức tượng cổ khi giải thích về lịch sử của nó."
"Listening_Topics","Hoat-dong-tham-quan-LC","photograph","bức ảnh chụp","noun","/ˈfoʊ.t̬ə.ɡræf/","Visitors are not allowed to take photographs in the gallery.","Khách tham quan không được phép chụp ảnh trong phòng trưng bày."
"Listening_Topics","Hoat-dong-tham-quan-LC","artwork","tác phẩm nghệ thuật","noun","/ˈɑːrt.wɝːk/","The gallery displays artwork from local artists.","Phòng trưng bày trưng bày tác phẩm nghệ thuật của các nghệ sĩ địa phương."
"Listening_Topics","Hoat-dong-tham-quan-LC","exhibit","vật trưng bày","noun","/ɪɡˈzɪb.ɪt/","The museum has a new dinosaur exhibit this month.","Bảo tàng có khu trưng bày khủng long mới trong tháng này."
"Listening_Topics","Hoat-dong-tham-quan-LC","pottery","đồ gốm","noun","/ˈpɑː.t̬ɚ.i/","The exhibit includes pottery from ancient civilizations.","Triển lãm bao gồm đồ gốm từ các nền văn minh cổ đại."
"Listening_Topics","Hoat-dong-tham-quan-LC","aquarium","thủy cung","noun","/əˈkwer.i.əm/","The aquarium is expected to draw thousands of visitors annually.","Thủy cung được kỳ vọng sẽ thu hút hàng nghìn lượt khách mỗi năm."
"Listening_Topics","Hoat-dong-tham-quan-LC","cave","hang động","noun","/keɪv/","The tour group explored a large cave filled with stalactites.","Nhóm tham quan đã khám phá một hang động lớn đầy thạch nhũ."
"Listening_Topics","Hoat-dong-tham-quan-LC","in detail","một cách chi tiết, tỉ mỉ","phrase","/ɪn ˈdiː.teɪl/","The guide explained the painting’s background in detail.","Hướng dẫn viên đã giải thích kỹ về bối cảnh của bức tranh."
"Listening_Topics","Hoat-dong-tham-quan-LC","be famous for","nổi tiếng vì điều gì","verb","/biː ˈfeɪ.məs fɔːr/","The city is famous for its historic architecture and museums.","Thành phố nổi tiếng với kiến trúc lịch sử và các bảo tàng."
"Listening_Topics","Hoat-dong-tham-quan-LC","go sightseeing","đi tham quan, ngắm cảnh","verb","/ɡoʊ ˈsaɪtˌsiː.ɪŋ/","We had a free afternoon to go sightseeing around the city.","Chúng tôi có một buổi chiều rảnh để đi tham quan quanh thành phố."
"Listening_Topics","Hoat-dong-tham-quan-LC","take a picture","chụp ảnh","verb","/teɪk ə ˈpɪk.tʃɚ/","Many tourists stopped to take a picture of the landmark.","Nhiều du khách dừng lại để chụp ảnh điểm tham quan nổi bật."
"Listening_Topics","Hoat-dong-tham-quan-LC","take a photograph","chụp ảnh","verb","/teɪk ə ˈfoʊ.t̬ə.ɡræf/","He took a photograph of the entire group at the museum entrance.","Anh ấy đã chụp một bức ảnh cả nhóm tại lối vào bảo tàng."
"Listening_Topics","Hoat-dong-tham-quan-LC","lead the tour","dẫn đoàn tham quan","verb","/liːd ðə tʊr/","Mr. Tanaka will lead the tour through the historical district.","Ông Tanaka sẽ dẫn đoàn tham quan khu phố lịch sử."
"Listening_Topics","Hoat-dong-tham-quan-LC","meet back here","gặp lại ở đây","verb","/miːt bæk hɪr/","Let’s meet back here at 3 p.m. after you finish exploring.","Chúng ta sẽ gặp lại nhau ở đây lúc 3 giờ chiều sau khi các bạn khám phá xong."
"Listening_Topics","Hoat-dong-tham-quan-LC","look around","nhìn ngó xung quanh","verb","/lʊk əˈraʊnd/","You’ll have some free time to look around the market.","Bạn sẽ có thời gian rảnh để đi dạo quanh khu chợ."
"Listening_Topics","Hoat-dong-tham-quan-LC","follow me","đi theo tôi","verb","/ˈfɑː.loʊ miː/","Please follow me and stay with the group during the tour.","Vui lòng đi theo tôi và ở cùng đoàn trong suốt chuyến tham quan."
"Listening_Topics","Hoat-dong-tham-quan-LC","let’s get started!","chúng ta bắt đầu thôi!","phrase","/lɛts ɡɛt ˈstɑːr.tɪd/","Welcome to the museum. Let’s get started with our tour.","Chào mừng đến bảo tàng. Chúng ta hãy bắt đầu chuyến tham quan."
"Listening_Topics","Hoat-dong-tham-quan-LC","I’ll be your guide today","Hôm nay tôi sẽ là người hướng dẫn các bạn","phrase","/aɪl bi jʊr ɡaɪd təˈdeɪ/","","Chào buổi sáng mọi người. Tôi sẽ là hướng dẫn viên của các bạn cho chuyến tham quan bảo tàng hôm nay."
"Listening_Topics","Hoat-dong-tham-quan-LC","I will be your guide","tôi sẽ là người hướng dẫn bạn","phrase","/aɪ wɪl bi jʊr ɡaɪd/","Good afternoon. I will be your guide during this museum visit.","Chào buổi chiều. Tôi sẽ là hướng dẫn viên trong chuyến tham quan bảo tàng này."
"Listening_Topics","Hoat-dong-tham-quan-LC","I’ll be leading the tour","tôi sẽ dẫn chuyến tham quan","phrase","/aɪl bi ˈliː.dɪŋ ðə tʊr/","","Chào mọi người, hôm nay tôi sẽ dẫn dắt chuyến tham quan cơ sở sản xuất của chúng tôi."
"Listening_Topics","Hoat-dong-tham-quan-LC","a tour of a factory","chuyến tham quan nhà máy","noun","/ə tʊr əv ə ˈfæk.tɚ.i/","The company arranged a tour of a factory for the visitors.","Công ty đã sắp xếp một chuyến tham quan nhà máy cho khách tham quan."
"Listening_Topics","Hoat-dong-tham-quan-LC","self-guided tour","chuyến tham quan tự túc","noun","/self ˈɡaɪ.dɪd tʊr/","Guests may take a self-guided tour using the brochure provided.","Khách có thể tự tham quan bằng cách sử dụng tờ rơi được cung cấp."
"Listening_Topics","Hoat-dong-tham-quan-LC","explore","khám phá","verb","/ɪkˈsplɔːr/","Tourists have two hours to explore the historic village.","Du khách có hai giờ để khám phá ngôi làng cổ."
"Listening_Topics","Hoat-dong-tham-quan-LC","visitor","khách tham quan","noun","/ˈvɪz.ɪ.t̬ɚ/","Each visitor receives a map of the facility at the entrance.","Mỗi khách tham quan sẽ nhận được bản đồ của cơ sở tại lối vào."
"Listening_Topics","Hoat-dong-tham-quan-LC","at all times","luôn luôn, mọi lúc","phrase","/æt ɔːl taɪmz/","Please stay with your group at all times during the tour.","Vui lòng luôn đi cùng đoàn trong suốt chuyến tham quan."
"Listening_Topics","Hoat-dong-tham-quan-LC","historical building","tòa nhà lịch sử","noun","/hɪˈstɔː.rɪ.kəl ˈbɪl.dɪŋ/","The city tour includes a visit to several historical buildings.","Chuyến tham quan thành phố bao gồm thăm nhiều tòa nhà lịch sử."
"Listening_Topics","Hoat-dong-tham-quan-LC","at the end of the tour","vào cuối chuyến tham quan","phrase","/æt ði end əv ðə tʊr/","At the end of the tour, you’ll have time to ask questions.","Vào cuối chuyến tham quan, bạn sẽ có thời gian đặt câu hỏi."
"Listening_Topics","Hoat-dong-tham-quan-LC","be prohibited","bị cấm","verb","/bi prəˈhɪb.ɪ.t̬ɪd/","Taking photographs is strictly prohibited in this area.","Việc chụp ảnh bị nghiêm cấm tại khu vực này."
"Listening_Topics","Hoat-dong-tham-quan-LC","be not allowed","không được phép","verb","/bi nɑːt əˈlaʊd/","Visitors are not allowed to touch the artwork.","Khách tham quan không được phép chạm vào tác phẩm nghệ thuật."
"Listening_Topics","Hoat-dong-tham-quan-LC","have a few reminders","có vài lưu ý","phrase","/hæv ə fjuː rɪˈmaɪn.dɚz/","Before we begin, I have a few reminders about safety rules.","Trước khi bắt đầu, tôi có vài lưu ý về quy tắc an toàn."
"Listening_Topics","Hoat-dong-tham-quan-LC","tour","chuyến tham quan có lịch trình","noun","/tʊr/","The company arranged a factory tour for visiting clients.","Công ty đã sắp xếp một chuyến tham quan nhà máy cho khách đến thăm."
"Listening_Topics","Hoat-dong-tham-quan-LC","tourist","khách du lịch","noun","/ˈtʊr.ɪst/","Tourists were taking pictures in front of the monument.","Du khách đang chụp ảnh trước đài tưởng niệm."
"Listening_Topics","Hoat-dong-tham-quan-LC","travel agent","đại lý du lịch","noun","/ˈtræv.əl ˌeɪ.dʒənt/","We booked our entire vacation through a travel agent.","Chúng tôi đã đặt toàn bộ kỳ nghỉ qua một đại lý du lịch."
"Listening_Topics","Hoat-dong-tham-quan-LC","guide","hướng dẫn viên du lịch","noun","/ɡaɪd/","The tour guide explained the history of the monument in detail.","Hướng dẫn viên du lịch đã giải thích chi tiết lịch sử của đài tưởng niệm."
"Listening_Topics","Hoat-dong-tham-quan-LC","guide","hướng dẫn","verb","/ɡaɪd/","She guided the visitors through the museum’s main exhibits.","Cô ấy đã hướng dẫn khách tham quan qua các triển lãm chính của bảo tàng."
"Listening_Topics","Hoat-dong-tham-quan-LC","tourist attraction","điểm thu hút khách du lịch","noun","/ˈtʊr.ɪst əˌtræk.ʃən/","The Eiffel Tower is a famous tourist attraction in Paris.","Tháp Eiffel là một điểm thu hút khách du lịch nổi tiếng ở Paris."
"Listening_Topics","Hoat-dong-tham-quan-LC","gift shop","cửa hàng quà tặng","noun","/ɡɪft ʃɑːp/","We stopped at the gift shop to buy some local souvenirs.","Chúng tôi dừng lại ở cửa hàng quà tặng để mua vài món quà lưu niệm địa phương."
"Listening_Topics","Hoat-dong-tham-quan-LC","souvenir shop","cửa hàng lưu niệm","noun","/ˌsuː.vəˈnɪr ʃɑːp/","They purchased handmade crafts from the souvenir shop.","Họ đã mua đồ thủ công từ cửa hàng lưu niệm."
"Listening_Topics","Hoat-dong-tham-quan-LC","art museum","bảo tàng nghệ thuật","noun","/ɑːrt mjuˈziː.əm/","The city’s new art museum features modern and classical paintings.","Bảo tàng nghệ thuật mới của thành phố trưng bày các bức tranh hiện đại và cổ điển."
"Listening_Topics","Hoat-dong-tham-quan-LC","art gallery","phòng trưng bày nghệ thuật","noun","/ˈɑːrt ˌɡæl.ɚ.i/","She visited an art gallery to view contemporary sculptures.","Cô ấy đã ghé phòng trưng bày nghệ thuật để xem các tác phẩm điêu khắc đương đại."
"Listening_Topics","Hoat-dong-tham-quan-LC","protective","có tính bảo vệ, ngăn chặn nguy hiểm","adj","/prəˈtek.tɪv/","Visitors must wear protective gloves when handling the artifacts.","Khách tham quan phải đeo găng tay bảo hộ khi xử lý hiện vật."
"Listening_Topics","Hoat-dong-tham-quan-LC","protection","sự bảo vệ khỏi thiệt hại hoặc nguy hiểm","noun","/prəˈtek.ʃən/","The museum provides climate control for the protection of artworks.","Bảo tàng cung cấp điều kiện kiểm soát khí hậu để bảo vệ các tác phẩm nghệ thuật."
"Listening_Topics","Hoat-dong-tham-quan-LC","historical","liên quan đến lịch sử","adj","/hɪˈstɔːr.ɪ.kəl/","The tour includes visits to several historical landmarks.","Chuyến tham quan bao gồm việc ghé thăm một số địa danh lịch sử."
"Listening_Topics","Hoat-dong-tham-quan-LC","hiking","đi bộ đường dài trong thiên nhiên","noun","/ˈhaɪ.kɪŋ/","We went hiking through the national park over the weekend.","Chúng tôi đã đi bộ đường dài qua công viên quốc gia vào cuối tuần."
"Listening_Topics","Hoat-dong-tham-quan-LC","mountain hiking","đi bộ đường dài trên núi","noun","/ˈmaʊn.tən ˈhaɪ.kɪŋ/","Mountain hiking offers breathtaking views and physical challenges.","Đi bộ đường dài trên núi mang lại cảnh đẹp ngoạn mục và thử thách thể lực."
"Listening_Topics","Hoat-dong-tham-quan-LC","forest hiking","đi bộ đường dài trong rừng","noun","/ˈfɔːr.ɪst ˈhaɪ.kɪŋ/","Forest hiking allows you to enjoy nature and spot wildlife.","Đi bộ đường dài trong rừng giúp bạn tận hưởng thiên nhiên và quan sát động vật hoang dã."
"Listening_Topics","Hoat-dong-tham-quan-LC","national park","công viên quốc gia","noun","/ˌnæʃ.ən.əl ˈpɑːrk/","The national park attracts thousands of visitors during the summer.","Công viên quốc gia thu hút hàng nghìn lượt khách vào mùa hè."
"Listening_Topics","Hoat-dong-tham-quan-LC","scenery","phong cảnh thiên nhiên","noun","/ˈsiː.nɚ.i/","The mountain scenery was breathtaking throughout the hike.","Phong cảnh núi non khiến người ta nghẹt thở suốt chuyến đi bộ."
"Listening_Topics","Hoat-dong-tham-quan-LC","point","điểm gặp hoặc vị trí cụ thể","noun","/pɔɪnt/","We met at the starting point of the hiking trail.","Chúng tôi gặp nhau tại điểm bắt đầu của đường mòn đi bộ."
"Listening_Topics","Hoat-dong-tham-quan-LC","photograph","bức ảnh chụp bằng máy ảnh","noun","/ˈfoʊ.t̬ə.ɡræf/","The gallery features several black-and-white photographs of city life.","Phòng trưng bày có một số bức ảnh đen trắng về cuộc sống đô thị."
"Listening_Topics","Hoat-dong-tham-quan-LC","photograph","chụp ảnh","verb","/ˈfoʊ.t̬ə.ɡræf/","Tourists photographed the ancient ruins from every angle.","Du khách chụp ảnh các tàn tích cổ từ mọi góc độ."
"Listening_Topics","Hoat-dong-tham-quan-LC","artwork","tác phẩm nghệ thuật","noun","/ˈɑːrt.wɝːk/","The museum is hosting an exhibition of contemporary artworks.","Bảo tàng đang tổ chức triển lãm các tác phẩm nghệ thuật đương đại."
"Listening_Topics","Hoat-dong-tham-quan-LC","exhibit","vật trưng bày","noun","/ɪɡˈzɪb.ɪt/","The museum's new exhibit features ancient pottery and tools.","Hiện vật mới của bảo tàng gồm đồ gốm và công cụ cổ."
"Listening_Topics","Hoat-dong-tham-quan-LC","exhibit","trưng bày","verb","/ɪɡˈzɪb.ɪt/","The artist will exhibit her new paintings next week.","Nữ họa sĩ sẽ trưng bày các bức tranh mới của mình vào tuần tới."
"Listening_Topics","Hoat-dong-tham-quan-LC","special exhibit","triển lãm đặc biệt","noun","/ˈspeʃ.əl ɪɡˈzɪb.ɪt/","The museum is currently hosting a special exhibit on ancient civilizations.","Bảo tàng hiện đang tổ chức triển lãm đặc biệt về các nền văn minh cổ đại."
"Listening_Topics","Hoat-dong-tham-quan-LC","sculpture garden","khu vườn điêu khắc","noun","/ˈskʌlp.tʃɚ ˈɡɑːr.dən/","We strolled through the sculpture garden and admired the modern art.","Chúng tôi dạo quanh vườn điêu khắc và chiêm ngưỡng nghệ thuật hiện đại."
"Listening_Topics","Hoat-dong-tham-quan-LC","pottery","đồ gốm","noun","/ˈpɑː.t̬ɚ.i/","The exhibit displays ancient pottery from Southeast Asia.","Triển lãm trưng bày đồ gốm cổ từ Đông Nam Á."
"Listening_Topics","Hoat-dong-tham-quan-LC","proceeds","số tiền thu được","noun","/ˈproʊ.siːdz/","All proceeds from the exhibition will be donated to charity.","Toàn bộ số tiền thu được từ triển lãm sẽ được quyên góp cho tổ chức từ thiện."
"Listening_Topics","Hoat-dong-tham-quan-LC","aquarium","thủy cung","noun","/əˈkwer.i.əm/","The aquarium is expected to draw thousands of visitors annually.","Thủy cung được kỳ vọng sẽ thu hút hàng nghìn lượt khách mỗi năm."
"Listening_Topics","Hoat-dong-tham-quan-LC","cave","hang động","noun","/keɪv/","The tour includes a guided walk through the limestone cave.","Chuyến tham quan bao gồm đi bộ có hướng dẫn qua hang đá vôi."
"Listening_Topics","Hoat-dong-tham-quan-LC","in detail","một cách chi tiết","adverb","/ɪn ˈdiː.teɪl/","The guide explained the history of the castle in detail.","Hướng dẫn viên đã giải thích chi tiết về lịch sử của lâu đài."
"Listening_Topics","Hoat-dong-tham-quan-LC","a wide range of","nhiều loại khác nhau","determiner","/ə waɪd reɪndʒ əv/","The museum offers a wide range of exhibits from different cultures.","Bảo tàng trưng bày nhiều hiện vật đa dạng từ các nền văn hóa khác nhau."
"Listening_Topics","Hoat-dong-tham-quan-LC","be famous for","nổi tiếng vì điều gì đó","verb","/biː ˈfeɪ.məs fɔːr/","The region is famous for its beautiful hiking trails.","Khu vực này nổi tiếng với những đường mòn đi bộ tuyệt đẹp."
"Listening_Topics","Hoat-dong-tham-quan-LC","be crowded with","đông đúc, chật kín với ai/cái gì đó","verb","/bi ˈkraʊ.dɪd wɪð/","The museum was crowded with tourists during the holiday.","Bảo tàng chật kín khách du lịch trong kỳ nghỉ lễ."
"Listening_Topics","Hoat-dong-tham-quan-LC","go sightseeing","đi tham quan, ngắm cảnh","verb","/ɡoʊ ˈsaɪtˌsiː.ɪŋ/","We plan to go sightseeing around the old town this afternoon.","Chúng tôi dự định đi tham quan quanh phố cổ vào chiều nay."
"Listening_Topics","Hoat-dong-tham-quan-LC","take a picture","chụp ảnh","verb","/teɪk ə ˈpɪk.tʃɚ/","She stopped to take a picture of the mountain scenery.","Cô ấy dừng lại để chụp ảnh phong cảnh núi."
"Listening_Topics","Hoat-dong-tham-quan-LC","photograph","chụp ảnh","verb","/ˈfoʊ.t̬ə.ɡræf/","Tourists often photograph the historical buildings.","Du khách thường chụp ảnh các tòa nhà lịch sử."
"Listening_Topics","Hoat-dong-tham-quan-LC","lead the tour","dẫn đoàn tham quan","verb","/liːd ðə tʊr/","The guide will lead the tour through the historical district.","Hướng dẫn viên sẽ dẫn đoàn tham quan qua khu phố lịch sử."
"Listening_Topics","Hoat-dong-tham-quan-LC","start the tour by + V-ing","bắt đầu chuyến tham quan bằng việc gì đó","verb","/stɑːrt ðə tʊr baɪ/","We started the tour by watching an introduction video.","Chúng tôi bắt đầu chuyến tham quan bằng cách xem một video giới thiệu."
"Listening_Topics","Hoat-dong-tham-quan-LC","look around","nhìn quanh, quan sát xung quanh","verb","/lʊk əˈraʊnd/","Feel free to look around the exhibit at your own pace.","Cứ tự nhiên nhìn quanh khu trưng bày theo tốc độ của bạn."
"Listening_Topics","Hoat-dong-tham-quan-LC","move on to","tiếp tục đến","verb","/muːv ɑːn tuː/","After visiting the sculpture garden, we’ll move on to the main gallery.","Sau khi tham quan vườn điêu khắc, chúng ta sẽ tiếp tục đến phòng trưng bày chính."
"Listening_Topics","Hoat-dong-tham-quan-LC","meet back here","quay lại đây","verb","/miːt bæk hɪr/","Please meet back here at 2 p.m. after exploring on your own.","Vui lòng quay lại đây lúc 2 giờ chiều sau khi tự do khám phá."
"Listening_Topics","Hoat-dong-tham-quan-LC","the tour will last","chuyến tham quan sẽ kéo dài","verb","/ðə tʊr wɪl læst/","The tour will last approximately two hours.","Chuyến tham quan sẽ kéo dài khoảng hai giờ."
"Listening_Topics","Hoat-dong-tham-quan-LC","follow me","đi theo tôi","verb","/ˈfɑː.loʊ miː/","Please follow me to the next exhibit.","Vui lòng đi theo tôi đến khu trưng bày tiếp theo."
"Listening_Topics","Hoat-dong-tham-quan-LC","let’s get started","hãy bắt đầu","verb","/lɛts ɡɛt ˈstɑːr.t̬ɪd/","Welcome to the museum – let’s get started with our tour.","Chào mừng đến bảo tàng – chúng ta hãy bắt đầu chuyến tham quan nhé."
"Listening_Topics","Hoat-dong-tham-quan-LC","watch your step","cẩn thận khi bước đi","verb","/wɑːtʃ jɚ stɛp/","Watch your step as you enter the cave – the ground is uneven.","Cẩn thận khi bước vào hang – mặt đất không bằng phẳng."
"Listening_Topics","Hoat-dong-tham-quan-LC","I'll be your guide today","tôi sẽ hướng dẫn bạn hôm nay","verb","/aɪl bi jʊr ɡaɪd təˈdeɪ/","Welcome everyone! I’ll be your guide today during the museum tour.","Chào mừng mọi người! Tôi sẽ là hướng dẫn viên của bạn trong chuyến tham quan bảo tàng hôm nay."
"Listening_Topics","Hoat-dong-tham-quan-LC","I will be your guide for the next hour","tôi sẽ hướng dẫn bạn trong một giờ tới","verb","/aɪ wɪl bi jʊr ɡaɪd fər ðə nɛkst ˈaʊɚ/","I will be your guide for the next hour as we explore the art gallery.","Tôi sẽ là hướng dẫn viên của bạn trong một giờ tới khi chúng ta tham quan phòng trưng bày nghệ thuật."
"Listening_Topics","Hoat-dong-tham-quan-LC","I'll be leading the tour today","tôi sẽ dẫn đoàn hôm nay","verb","/aɪl bi ˈliː.dɪŋ ðə tʊr təˈdeɪ/","I’ll be leading the tour today, so please follow me closely.","Tôi sẽ dẫn đoàn tham quan hôm nay, vì vậy vui lòng đi theo tôi sát nhé."
"Listening_Topics","Hoat-dong-tham-quan-LC","a tour of a factory","chuyến tham quan nhà máy","noun","/ə tʊr əv ə ˈfæk.tɚ.i/","The manager gave us a tour of the factory before the meeting.","Quản lý đã dẫn chúng tôi tham quan nhà máy trước cuộc họp."
"Listening_Topics","Hoat-dong-tham-quan-LC","factory floor","khu vực sản xuất trong nhà máy","noun","/ˈfæk.tɚ.i flɔːr/","Visitors are not allowed on the factory floor without permission.","Khách tham quan không được phép vào khu vực sản xuất nếu không có sự cho phép."
"Listening_Topics","Hoat-dong-tham-quan-LC","safety procedures","quy trình an toàn","noun","/ˈseɪf.ti prəˈsiː.dʒɚz/","Please follow all safety procedures during the tour.","Vui lòng tuân thủ mọi quy trình an toàn trong suốt chuyến tham quan."
"Listening_Topics","Hoat-dong-tham-quan-LC","safety precautions","biện pháp an toàn","noun","/ˈseɪf.ti prɪˈkɑː.ʃənz/","All visitors must follow safety precautions while touring the factory.","Tất cả khách tham quan phải tuân thủ các biện pháp an toàn khi tham quan nhà máy."
"Listening_Topics","Hoat-dong-tham-quan-LC","guideline","hướng dẫn, nguyên tắc chỉ dẫn","noun","/ˈɡaɪd.laɪn/","Please read the safety guidelines before entering the facility.","Vui lòng đọc các hướng dẫn an toàn trước khi vào cơ sở."
"Listening_Topics","Hoat-dong-tham-quan-LC","safety glasses","kính bảo hộ mắt","noun","/ˈseɪf.ti ˌɡlæs.ɪz/","Safety glasses are required on the factory floor.","Kính bảo hộ là bắt buộc khi vào khu vực sản xuất."
"Listening_Topics","Hoat-dong-tham-quan-LC","hard hat","mũ bảo hộ","noun","/ˈhɑːrd ˌhæt/","All visitors must wear a hard hat when entering the factory floor.","Tất cả khách tham quan phải đội mũ bảo hộ khi vào khu sản xuất."
"Listening_Topics","Hoat-dong-tham-quan-LC","process","quy trình","noun","/ˈprɑː.ses/","The tour guide explained the manufacturing process in detail.","Hướng dẫn viên đã giải thích chi tiết quy trình sản xuất."
"Listening_Topics","Hoat-dong-tham-quan-LC","self-guided tour","chuyến tham quan tự do","noun","/ˌselfˈɡaɪ.dɪd tʊr/","Guests can choose a self-guided tour using the audio system.","Khách có thể chọn chuyến tham quan tự do bằng hệ thống âm thanh."
"Listening_Topics","Hoat-dong-tham-quan-LC","explore","khám phá","verb","/ɪkˈsplɔːr/","You’ll have 30 minutes to explore the exhibit before the next session.","Bạn sẽ có 30 phút để khám phá khu trưng bày trước buổi tiếp theo."
"Listening_Topics","Hoat-dong-tham-quan-LC","visitor","khách tham quan","noun","/ˈvɪz.ɪ.t̬ɚ/","Each visitor received a map and brochure at the entrance.","Mỗi khách tham quan nhận được bản đồ và tờ rơi ở lối vào."
"Listening_Topics","Hoat-dong-tham-quan-LC","on one’s own","tự mình","adverb","/ɑːn wʌnz oʊn/","After the guided portion, you can walk around on your own.","Sau phần được hướng dẫn, bạn có thể đi dạo xung quanh một mình."
"Listening_Topics","Hoat-dong-tham-quan-LC","at all times","luôn luôn, mọi lúc","adverb","/ət ɔːl taɪmz/","Please stay with the group at all times during the factory tour.","Vui lòng luôn đi cùng đoàn trong suốt chuyến tham quan nhà máy."
"Listening_Topics","Hoat-dong-tham-quan-LC","at the end of the tour","vào cuối chuyến tham quan","preposition","/ət ði end əv ðə tʊr/","You can ask questions at the end of the tour.","Bạn có thể đặt câu hỏi vào cuối chuyến tham quan."
"Listening_Topics","Hoat-dong-tham-quan-LC","in honor of","để vinh danh","preposition","/ɪn ˈɑː.nɚ əv/","The museum opened a new wing in honor of the founder.","Bảo tàng mở một khu trưng bày mới để vinh danh người sáng lập."
"Listening_Topics","Hoat-dong-tham-quan-LC","refrain from","tránh làm điều gì đó","verb","/rɪˈfreɪn frəm/","Please refrain from touching the artwork during the tour.","Vui lòng không chạm vào tác phẩm nghệ thuật trong suốt chuyến tham quan."
"Listening_Topics","Hoat-dong-tham-quan-LC","be prohibited","bị cấm","verb","/bi proʊˈhɪbɪtɪd/","Photography is strictly prohibited inside the exhibition hall.","Chụp ảnh bị nghiêm cấm trong phòng triển lãm."
"Listening_Topics","Hoat-dong-tham-quan-LC","be not permitted","không được phép","verb","/bi nɑːt pɚˈmɪ.t̬ɪd/","Visitors are not permitted to enter the staff-only zone.","Khách tham quan không được phép vào khu vực dành riêng cho nhân viên."
"Listening_Topics","Hoat-dong-tham-quan-LC","be welcome to","có thể thoải mái làm điều gì đó","verb","/bi ˈwel.kəm tuː/","You are welcome to take photos in the designated areas.","Bạn có thể thoải mái chụp ảnh tại các khu vực được chỉ định."
"Listening_Topics","Hoat-dong-tham-quan-LC","have a few reminders","có vài lưu ý cần nhớ","verb","/hæv ə fjuː rɪˈmaɪn.dɚz/","Before we begin, I have a few reminders for everyone.","Trước khi bắt đầu, tôi có vài lưu ý cho mọi người."
"Listening_Topics","Hoat-dong-tham-quan-LC","don't hesitate to ask","đừng ngần ngại hỏi","verb","/doʊnt ˈhez.ə.teɪt tuː æsk/","If you have any questions during the tour, don’t hesitate to ask.","Nếu bạn có bất kỳ câu hỏi nào trong chuyến tham quan, đừng ngần ngại hỏi."
"Listening_Topics","Hoat-dong-tham-quan-LC","please do not","vui lòng không làm gì đó","verb","/pliːz duː nɑːt/","Please do not touch the exhibits.","Vui lòng không chạm vào các hiện vật."
"Listening_Topics","Hoat-dong-tham-quan-LC","train","đào tạo","verb","/treɪn/","All new staff are trained before accessing the factory floor.","Tất cả nhân viên mới đều được đào tạo trước khi vào khu sản xuất."
"Listening_Topics","Hoat-dong-tham-quan-LC","training session","buổi đào tạo","noun","/ˈtreɪ.nɪŋ ˌseʃ.ən/","The training session will begin at 9 a.m. in the conference room.","Buổi đào tạo sẽ bắt đầu lúc 9 giờ sáng tại phòng hội nghị."
"Listening_Topics","Hoat-dong-tham-quan-LC","training manual","tài liệu hướng dẫn đào tạo","noun","/ˈtreɪ.nɪŋ ˌmæn.ju.əl/","Each employee receives a training manual on their first day.","Mỗi nhân viên nhận được tài liệu đào tạo vào ngày đầu tiên."
"Listening_Topics","Hoat-dong-tham-quan-LC","improve","cải thiện, làm tốt hơn","verb","/ɪmˈpruːv/","The museum improved its tour services based on visitor feedback.","Bảo tàng đã cải thiện dịch vụ tham quan dựa trên phản hồi của khách."
"Listening_Topics","Hoat-dong-tham-quan-LC","required","bắt buộc","adj","/rɪˈkwaɪɚd/","Protective gear is required for all visitors entering the factory.","Tất cả khách tham quan vào nhà máy đều phải mang đồ bảo hộ."
"Listening_Topics","Hoat-dong-tham-quan-LC","attendant","người phục vụ hoặc hỗ trợ khách","noun","/əˈten.dənt/","A tour attendant will assist you throughout the visit.","Một nhân viên hỗ trợ sẽ giúp bạn trong suốt chuyến tham quan."
"Listening_Topics","Hoat-dong-tham-quan-LC","instructor","người hướng dẫn hoặc giảng viên","noun","/ɪnˈstrʌk.tɚ/","The instructor will guide you through the safety procedures.","Người hướng dẫn sẽ hướng dẫn bạn qua các quy trình an toàn."
"Listening_Topics","Hoat-dong-tham-quan-LC","registration","sự đăng ký tham gia","noun","/ˌredʒ.əˈstreɪ.ʃən/","Online registration is required for the factory tour.","Cần phải đăng ký trực tuyến cho chuyến tham quan nhà máy."
"Listening_Topics","Hoat-dong-tham-quan-LC","lead","dẫn dắt","verb","/liːd/","Our guide will lead the group through the exhibition hall.","Hướng dẫn viên sẽ dẫn nhóm đi qua phòng trưng bày."
"Listening_Topics","Hoat-dong-tham-quan-LC","upcoming","sắp tới","adj","/ˈʌpˌkʌ.mɪŋ/","We have several upcoming tours scheduled for next week.","Chúng tôi có một số chuyến tham quan sắp diễn ra vào tuần tới."
"Listening_Topics","Hanh-dong-LC","contact","liên hệ","verb","/ˈkɑːn.tækt/","Please contact the front desk if you have any questions.","Vui lòng liên hệ quầy lễ tân nếu bạn có bất kỳ câu hỏi nào."
"Listening_Topics","Hanh-dong-LC","connect","kết nối, thiết lập mối liên hệ","verb","/kəˈnekt/","The staff will help you connect with a tour coordinator.","Nhân viên sẽ giúp bạn kết nối với điều phối viên tour."
"Listening_Topics","Hanh-dong-LC","reach","liên lạc hoặc tiếp cận ai đó, đến một địa điểm","verb","/riːtʃ/","You can reach me by phone or email during office hours.","Bạn có thể liên lạc với tôi qua điện thoại hoặc email trong giờ hành chính."
"Listening_Topics","Hanh-dong-LC","note","ghi chú thông tin quan trọng","verb","/noʊt/","Please note that the tour will begin at 10 a.m. sharp.","Vui lòng lưu ý rằng chuyến tham quan sẽ bắt đầu lúc 10 giờ đúng."
"Listening_Topics","Hanh-dong-LC","voice mail","tin nhắn thoại","noun","/ˈvɔɪs ˌmeɪl/","I left a voice mail with the tour office this morning.","Tôi đã để lại tin nhắn thoại cho văn phòng tour sáng nay."
"Listening_Topics","Hanh-dong-LC","mobile phone","điện thoại di động","noun","/ˈmoʊ.bəl ˌfoʊn/","Please turn off your mobile phone before the session starts.","Vui lòng tắt điện thoại di động trước khi buổi học bắt đầu."
"Listening_Topics","Hanh-dong-LC","extension","số máy nhánh","noun","/ɪkˈsten.ʃən/","To reach the manager, dial extension 203 after the main number.","Để liên hệ với quản lý, hãy bấm số máy nhánh 203 sau số chính."
"Listening_Topics","Hanh-dong-LC","phone","gọi điện thoại","verb","/foʊn/","You can phone the visitor center for more information.","Bạn có thể gọi đến trung tâm đón khách để biết thêm thông tin."
"Listening_Topics","Hanh-dong-LC","exchange","trao đổi thông tin hoặc vật phẩm giữa hai bên","verb","/ɪksˈtʃeɪndʒ/","We exchanged contact details at the end of the factory tour.","Chúng tôi đã trao đổi thông tin liên lạc sau chuyến tham quan nhà máy."
"Listening_Topics","Hanh-dong-LC","report","báo cáo thông tin hoặc tình hình","verb","/rɪˈpɔːrt/","Please report any safety concerns to the front desk.","Vui lòng báo cáo bất kỳ vấn đề an toàn nào cho quầy lễ tân."
"Listening_Topics","Hanh-dong-LC","on the phone","đang gọi điện thoại","adverb","/ɑːn ðə foʊn/","I’m currently on the phone, but I’ll assist you shortly.","Tôi đang nghe điện thoại, nhưng sẽ hỗ trợ bạn ngay."
"Listening_Topics","Hanh-dong-LC","over the phone","qua điện thoại","adverb","/ˈoʊ.vɚ ðə foʊn/","You can complete your registration over the phone.","Bạn có thể hoàn tất đăng ký qua điện thoại."
"Listening_Topics","Hanh-dong-LC","get back to","liên lạc lại","verb","/ɡet bæk tuː/","I’m not sure about the schedule, but I’ll get back to you shortly.","Tôi không chắc về lịch trình, nhưng tôi sẽ liên lạc lại với bạn sớm."
"Listening_Topics","Hanh-dong-LC","leave a message","để lại tin nhắn","verb","/liːv ə ˈmes.ɪdʒ/","If no one answers, please leave a message after the beep.","Nếu không ai bắt máy, vui lòng để lại lời nhắn sau tiếng bíp."
"Listening_Topics","Hanh-dong-LC","call ahead","gọi điện trước","verb","/kɔːl əˈhed/","Please call ahead to confirm the tour availability.","Vui lòng gọi điện trước để xác nhận tình trạng chuyến tham quan."
"Listening_Topics","Hanh-dong-LC","get in touch with","liên lạc với ai đó","verb","/ɡet ɪn tʌtʃ wɪð/","You can get in touch with the tour coordinator by email.","Bạn có thể liên lạc với điều phối viên tour qua email."
"Listening_Topics","Hanh-dong-LC","I'd like to speak to / I'll transfer you to","tôi muốn nói chuyện với… / tôi sẽ chuyển máy cho bạn","verb","/aɪd laɪk tu spiːk tuː / aɪl ˈtræns.fɚ juː tuː/","I’d like to speak to someone in the tour department. I’ll transfer you to their extension.","Tôi muốn nói chuyện với người bên bộ phận tour. Tôi sẽ chuyển máy cho bạn đến số nội bộ của họ."
"Listening_Topics","Hanh-dong-LC","hold on","giữ máy","verb","/hoʊld ɑːn/","Hold on a moment while I check the schedule.","Xin giữ máy trong lúc tôi kiểm tra lịch trình."
"Listening_Topics","Hanh-dong-LC","the line’s been busy","đường dây bận","verb","/ðə laɪnz bɪn ˈbɪz.i/","I’ve tried calling the museum, but the line’s been busy all morning.","Tôi đã cố gọi bảo tàng, nhưng đường dây bận suốt cả sáng."
"Listening_Topics","San-xuat-LC","ahead of time","trước thời hạn","adverb","/əˈhed əv taɪm/","The order was finished ahead of time thanks to the efficient team.","Đơn hàng đã được hoàn thành trước thời hạn nhờ vào đội ngũ hiệu quả."
"Listening_Topics","San-xuat-LC","behind schedule","chậm tiến độ","adverb","/bɪˈhaɪnd ˈskedʒ.uːl/","The project is behind schedule due to equipment delays.","Dự án bị chậm tiến độ do sự chậm trễ của thiết bị."
"Listening_Topics","San-xuat-LC","complete","hoàn thành","verb","/kəmˈpliːt/","The team completed the final inspection yesterday.","Nhóm đã hoàn thành việc kiểm tra cuối cùng vào hôm qua."
"Listening_Topics","San-xuat-LC","finish","hoàn tất","verb","/ˈfɪn.ɪʃ/","We finished assembling the units late last night.","Chúng tôi đã hoàn tất lắp ráp các thiết bị vào tối qua."
"Listening_Topics","San-xuat-LC","postpone","hoãn lại, dời sang thời gian sau","verb","/poʊstˈpoʊn/","The factory tour was postponed due to a power outage.","Chuyến tham quan nhà máy đã bị hoãn vì mất điện."
"Listening_Topics","San-xuat-LC","delay","trì hoãn","verb","/dɪˈleɪ/","Machine issues delayed the entire production process.","Sự cố máy móc đã làm trì hoãn toàn bộ quy trình sản xuất."
"Listening_Topics","San-xuat-LC","reschedule","sắp xếp lại lịch","verb","/ˌriːˈskedʒ.uːl/","We had to reschedule the maintenance check for next Friday.","Chúng tôi phải dời lịch kiểm tra bảo trì sang thứ Sáu tới."
"Listening_Topics","San-xuat-LC","resume","tiếp tục sau gián đoạn","verb","/rɪˈzuːm/","Production will resume after the maintenance work is completed.","Việc sản xuất sẽ được tiếp tục sau khi công việc bảo trì hoàn tất."
"Listening_Topics","San-xuat-LC","extend","kéo dài hoặc mở rộng","verb","/ɪkˈstend/","The deadline for the production order has been extended by two weeks.","Hạn chót cho đơn hàng sản xuất đã được gia hạn thêm hai tuần."
"Listening_Topics","San-xuat-LC","disruption","sự gián đoạn","noun","/dɪsˈrʌp.ʃən/","The strike caused a major disruption in the supply chain.","Cuộc đình công gây ra sự gián đoạn lớn trong chuỗi cung ứng."
"Listening_Topics","San-xuat-LC","raw material","nguyên liệu thô","noun","/rɔː məˈtɪr.i.əl/","The factory imports raw materials from overseas suppliers.","Nhà máy nhập nguyên liệu thô từ các nhà cung cấp nước ngoài."
"Listening_Topics","San-xuat-LC","temporary worker","nhân viên tạm thời","noun","/ˈtem.pə.rer.i ˈwɝː.kɚ/","The company hired temporary workers to meet seasonal demand.","Công ty đã thuê nhân viên tạm thời để đáp ứng nhu cầu theo mùa."
"Listening_Topics","San-xuat-LC","capacity","khả năng chứa đựng hoặc sản xuất tối đa","noun","/kəˈpæs.ə.t̬i/","The factory is operating at full capacity to meet demand.","Nhà máy đang hoạt động hết công suất để đáp ứng nhu cầu."
"Listening_Topics","San-xuat-LC","at full capacity","hoạt động hết công suất","adv","/æt fʊl kəˈpæs.ə.t̬i/","The assembly line is running at full capacity to meet urgent orders.","Dây chuyền lắp ráp đang hoạt động hết công suất để đáp ứng các đơn hàng gấp."
"Listening_Topics","San-xuat-LC","operation","quy trình hoặc hoạt động","noun","/ˌɑː.pəˈreɪ.ʃən/","Daily operations have resumed after the power failure.","Các hoạt động hàng ngày đã được nối lại sau sự cố mất điện."
"Listening_Topics","San-xuat-LC","maintenance","bảo trì","noun","/ˈmeɪn.tən.əns/","Regular maintenance ensures all machines work efficiently.","Bảo trì định kỳ đảm bảo tất cả máy móc hoạt động hiệu quả."
"Listening_Topics","San-xuat-LC","assembly line","dây chuyền lắp ráp","noun","/əˈsem.bli ˌlaɪn/","The new factory uses a fully automated assembly line.","Nhà máy mới sử dụng dây chuyền lắp ráp hoàn toàn tự động."
"Listening_Topics","San-xuat-LC","automation","tự động hóa","noun","/ˌɑː.t̬əˈmeɪ.ʃən/","Automation has significantly boosted production efficiency.","Tự động hóa đã nâng cao đáng kể hiệu suất sản xuất."
"Listening_Topics","San-xuat-LC","defect","lỗi, sai sót trong sản phẩm","noun","/ˈdiː.fekt/","Each product is inspected for defects before packaging.","Mỗi sản phẩm đều được kiểm tra lỗi trước khi đóng gói."
"Listening_Topics","San-xuat-LC","equipment","thiết bị cần thiết cho công việc","noun","/ɪˈkwɪp.mənt/","The factory invested in new equipment to improve efficiency.","Nhà máy đã đầu tư vào thiết bị mới để cải thiện hiệu suất."
"Listening_Topics","San-xuat-LC","machine","máy móc","noun","/məˈʃiːn/","Operators must be trained before using the new machine.","Nhân viên vận hành phải được đào tạo trước khi sử dụng máy mới."
"Listening_Topics","San-xuat-LC","shift","ca làm việc","noun","/ʃɪft/","Each worker is assigned to a different shift.","Mỗi công nhân được phân công làm việc theo ca khác nhau."
"Listening_Topics","San-xuat-LC","efficiency","hiệu suất làm việc hiệu quả","noun","/ɪˈfɪʃ.ən.si/","The new system greatly improved production efficiency.","Hệ thống mới đã cải thiện đáng kể hiệu suất sản xuất."
"Listening_Topics","San-xuat-LC","production floor","khu vực sản xuất","noun","/prəˈdʌk.ʃən flɔːr/","Only authorized personnel are allowed on the production floor.","Chỉ nhân viên có thẩm quyền mới được vào khu vực sản xuất."
"Listening_Topics","San-xuat-LC","safety procedures","quy trình an toàn","noun","/ˈseɪf.ti prəˈsiː.dʒɚz/","Employees must follow all safety procedures during operation.","Nhân viên phải tuân thủ tất cả các quy trình an toàn trong khi vận hành."
"Listening_Topics","San-xuat-LC","safety precautions","biện pháp an toàn","noun","/ˈseɪf.ti prɪˈkɔː.ʃənz/","All workers must take safety precautions when handling machinery.","Tất cả công nhân phải thực hiện các biện pháp an toàn khi sử dụng máy móc."
"Listening_Topics","San-xuat-LC","safety glasses","kính bảo hộ mắt","noun","/ˈseɪf.ti ˌɡlæs.ɪz/","Wearing safety glasses is mandatory on the production floor.","Đeo kính bảo hộ là bắt buộc tại khu vực sản xuất."
"Listening_Topics","San-xuat-LC","hard hat","mũ bảo hộ công nghiệp","noun","/ˈhɑːrd ˌhæt/","Visitors must wear a hard hat while touring the factory.","Khách tham quan phải đội mũ bảo hộ khi tham quan nhà máy."
"Listening_Topics","San-xuat-LC","process","quy trình","noun","/ˈprɑː.ses/","This process requires precision and attention to detail.","Quy trình này đòi hỏi sự chính xác và chú ý đến chi tiết."
"Listening_Topics","Xay-dung-LC","behind schedule","trễ tiến độ","adv","/bɪˈhaɪnd ˈskedʒ.uːl/","The construction project is behind schedule due to bad weather.","Dự án xây dựng đang bị trễ tiến độ do thời tiết xấu."
"Listening_Topics","Xay-dung-LC","ahead of time","sớm hơn dự kiến","adv","/əˈhed əv taɪm/","The contractor completed the building ahead of time.","Nhà thầu đã hoàn thành công trình sớm hơn dự kiến."
"Listening_Topics","Xay-dung-LC","work overtime","làm thêm giờ","verb","/wɝːk ˈoʊ.vɚ.taɪm/","To meet the deadline, the workers had to work overtime all week.","Để kịp thời hạn, công nhân đã phải làm thêm giờ cả tuần."
"Listening_Topics","Xay-dung-LC","build","xây dựng","verb","/bɪld/","The company plans to build a new office downtown.","Công ty dự định xây một văn phòng mới ở trung tâm thành phố."
"Listening_Topics","Xay-dung-LC","construction","quá trình xây dựng","noun","/kənˈstrʌk.ʃən/","The construction of the new stadium will begin next month.","Việc xây dựng sân vận động mới sẽ bắt đầu vào tháng tới."
"Listening_Topics","Xay-dung-LC","construction site","công trường xây dựng","noun","/kənˈstrʌk.ʃən saɪt/","All workers must wear helmets on the construction site.","Tất cả công nhân phải đội mũ bảo hộ tại công trường xây dựng."
"Listening_Topics","Xay-dung-LC","under construction","đang xây dựng","adj","/ˈʌn.dɚ kənˈstrʌk.ʃən/","The new shopping mall is currently under construction.","Trung tâm mua sắm mới hiện đang được xây dựng."
"Listening_Topics","Xay-dung-LC","accuracy","độ chính xác","noun","/ˈæk.jɚ.ə.si/","Accuracy is essential when measuring building materials.","Độ chính xác là điều thiết yếu khi đo lường vật liệu xây dựng."
"Listening_Topics","Xay-dung-LC","soil","đất dùng cho xây dựng hoặc khảo sát địa chất","noun","/sɔɪl/","Engineers tested the soil before starting construction.","Kỹ sư đã kiểm tra đất trước khi bắt đầu xây dựng."
"Listening_Topics","Xay-dung-LC","bridge","cây cầu nối hai điểm","noun","/brɪdʒ/","The city approved the budget to build a new bridge.","Thành phố đã phê duyệt ngân sách để xây dựng một cây cầu mới."
"Listening_Topics","Xay-dung-LC","progress report","báo cáo tiến độ","noun","/ˈprɑː.ɡres rɪˈpɔːrt/","The contractor submitted a weekly progress report to the client.","Nhà thầu đã nộp báo cáo tiến độ hàng tuần cho khách hàng."
"Listening_Topics","Xay-dung-LC","material","vật liệu","noun","/məˈtɪr.i.əl/","The supplier delivered all construction materials on time.","Nhà cung cấp đã giao tất cả vật liệu xây dựng đúng hạn."
"Listening_Topics","Xay-dung-LC","contractor","nhà thầu xây dựng","noun","/ˈkɑːn.træk.tɚ/","The contractor began work on the new office building last week.","Nhà thầu đã bắt đầu thi công tòa nhà văn phòng mới vào tuần trước."
"Listening_Topics","Xay-dung-LC","concrete","bê tông","noun","/ˈkɑːn.kriːt/","The workers poured concrete for the foundation this morning.","Công nhân đã đổ bê tông cho phần móng vào sáng nay."
"Listening_Topics","Xay-dung-LC","cement","xi măng","noun","/səˈment/","We ran out of cement during the flooring process.","Chúng tôi hết xi măng trong quá trình lát sàn."
"Listening_Topics","Xay-dung-LC","brick","viên gạch","noun","/brɪk/","They stacked bricks along the wall before beginning construction.","Họ đã xếp gạch dọc theo bức tường trước khi bắt đầu xây dựng."
"Listening_Topics","Xay-dung-LC","wire","dây kim loại","noun","/waɪr/","Electricians installed new wires throughout the building.","Thợ điện đã lắp đặt dây điện mới khắp tòa nhà."
"Listening_Topics","Xay-dung-LC","tile","viên gạch lát","noun","/taɪl/","Workers replaced the broken tiles in the entryway.","Công nhân đã thay các viên gạch vỡ ở lối vào."
"Listening_Topics","Xay-dung-LC","scaffolding","giàn giáo","noun","/ˈskæf.əl.dɪŋ/","The workers set up scaffolding to reach the upper floors.","Công nhân đã lắp giàn giáo để tiếp cận các tầng trên."
"Listening_Topics","Xay-dung-LC","deadline","hạn chót hoàn thành công việc","noun","/ˈded.laɪn/","The construction team is working hard to meet the deadline.","Đội xây dựng đang nỗ lực để kịp thời hạn."
"Listening_Topics","Xay-dung-LC","supervisor","người giám sát công việc","noun","/ˈsuː.pɚ.vaɪ.zɚ/","The site supervisor checked the safety equipment before work began.","Giám sát công trường đã kiểm tra thiết bị an toàn trước khi bắt đầu công việc."
"Listening_Topics","Xay-dung-LC","project","dự án","noun","/ˈprɑː.dʒekt/","The new highway construction project will take two years to complete.","Dự án xây dựng đường cao tốc mới sẽ mất hai năm để hoàn thành."
"Listening_Topics","Xay-dung-LC","equipment","thiết bị, dụng cụ cần cho công việc","noun","/ɪˈkwɪp.mənt/","All construction equipment must be inspected weekly.","Tất cả thiết bị xây dựng phải được kiểm tra hàng tuần."
"Listening_Topics","Xay-dung-LC","paint","sơn dùng để phủ bề mặt","noun","/peɪnt/","We need more white paint for the interior walls.","Chúng ta cần thêm sơn trắng cho các bức tường bên trong."
"Listening_Topics","Xay-dung-LC","wall","bức tường","noun","/wɑːl/","They finished painting the interior walls yesterday.","Họ đã sơn xong các bức tường bên trong vào ngày hôm qua."
"Listening_Topics","Xay-dung-LC","building","tòa nhà","noun","/ˈbɪl.dɪŋ/","The building is expected to be completed by December.","Tòa nhà dự kiến sẽ hoàn thành vào tháng Mười Hai."
"Listening_Topics","Xay-dung-LC","crew","đội ngũ làm việc cùng nhau","noun","/kruː/","The construction crew started working at 7 a.m.","Đội xây dựng bắt đầu làm việc lúc 7 giờ sáng."
"Listening_Topics","Bao-chi-LC","copyright","bản quyền","noun","/ˈkɑː.pi.raɪt/","The article cannot be reprinted without the publisher’s copyright.","Bài báo không thể được in lại nếu không có bản quyền của nhà xuất bản."
"Listening_Topics","Bao-chi-LC","revise","chỉnh sửa, cải tiến nội dung","verb","/rɪˈvaɪz/","The editor asked the writer to revise the article before publishing.","Biên tập viên yêu cầu tác giả chỉnh sửa bài báo trước khi xuất bản."
"Listening_Topics","Bao-chi-LC","revision","sự chỉnh sửa, sửa đổi nội dung","noun","/rɪˈvɪʒ.ən/","The article went through several revisions before it was approved.","Bài báo đã trải qua nhiều lần chỉnh sửa trước khi được phê duyệt."
"Listening_Topics","Bao-chi-LC","writer","người viết bài","noun","/ˈraɪ.t̬ɚ/","The writer submitted her draft to the editor yesterday.","Tác giả đã nộp bản thảo cho biên tập viên vào ngày hôm qua."
"Listening_Topics","Bao-chi-LC","article","bài viết hoặc bài báo","noun","/ˈɑːr.t̬ɪ.kəl/","The article highlights recent trends in digital media.","Bài viết nêu bật các xu hướng gần đây trong truyền thông số."
"Listening_Topics","Bao-chi-LC","magazine","tạp chí","noun","/ˈmæɡ.ə.ziːn/","The journalist's work was published in a top fashion magazine.","Bài viết của nhà báo đã được đăng trên một tạp chí thời trang hàng đầu."
"Listening_Topics","Bao-chi-LC","newspaper","báo định kỳ","noun","/ˈnuːzˌpeɪ.pɚ/","The article was featured on the front page of the local newspaper.","Bài viết được đăng trang nhất của tờ báo địa phương."
"Listening_Topics","Bao-chi-LC","editor","biên tập viên","noun","/ˈed.ɪ.t̬ɚ/","The editor reviewed the article and requested some changes.","Biên tập viên đã xem xét bài viết và yêu cầu một vài chỉnh sửa."
"Listening_Topics","Bao-chi-LC","author","tác giả","noun","/ˈɑː.θɚ/","The author of the opinion piece is a well-known journalist.","Tác giả của bài xã luận là một nhà báo nổi tiếng."
"Listening_Topics","Bao-chi-LC","chapter","chương sách","noun","/ˈtʃæp.tɚ/","Each chapter covers a different aspect of investigative journalism.","Mỗi chương đề cập đến một khía cạnh khác nhau của báo chí điều tra."
"Listening_Topics","Bao-chi-LC","content","nội dung","noun","/ˈkɑːn.tent/","The editor reviewed the article’s content before approval.","Biên tập viên đã xem lại nội dung bài viết trước khi duyệt."
"Listening_Topics","Bao-chi-LC","edit","chỉnh sửa nội dung","verb","/ˈed.ɪt/","She was asked to edit the article for grammar and tone.","Cô ấy được yêu cầu chỉnh sửa bài viết về ngữ pháp và giọng văn."
"Listening_Topics","Bao-chi-LC","fiction","truyện hư cấu","noun","/ˈfɪk.ʃən/","The magazine features short fiction by new writers.","Tạp chí đăng truyện ngắn hư cấu của các cây bút mới."
"Listening_Topics","Bao-chi-LC","hardback","sách bìa cứng","noun","/ˈhɑːrd.bæk/","The publisher released the novel in hardback and paperback editions.","Nhà xuất bản phát hành tiểu thuyết dưới dạng bìa cứng và bìa mềm."
"Listening_Topics","Bao-chi-LC","title","tựa đề","noun","/ˈtaɪ.t̬əl/","The article’s title attracted a lot of reader attention.","Tựa đề của bài viết thu hút rất nhiều sự chú ý từ độc giả."
"Listening_Topics","Bao-chi-LC","circulation","số lượng phát hành","noun","/ˌsɝː.kjəˈleɪ.ʃən/","The magazine’s circulation increased significantly after the redesign.","Lượng phát hành của tạp chí đã tăng đáng kể sau khi được thiết kế lại."
"Listening_Topics","Bao-chi-LC","proofreading","rà soát lỗi trước khi xuất bản","noun","/ˈpruːfˌriː.dɪŋ/","Proofreading is the final step before the article goes to print.","Rà soát là bước cuối cùng trước khi bài báo được in."
"Listening_Topics","Bao-chi-LC","proposal","bản đề xuất ý tưởng hoặc kế hoạch","noun","/prəˈpoʊ.zəl/","The editor reviewed the writer’s proposal for a new column.","Biên tập viên đã xem xét đề xuất của tác giả về một chuyên mục mới."
"Listening_Topics","Bao-chi-LC","approve","phê duyệt, đồng ý chính thức","verb","/əˈpruːv/","The editor must approve all articles before publication.","Biên tập viên phải phê duyệt tất cả bài viết trước khi xuất bản."
"Listening_Topics","Bao-chi-LC","contributor","người đóng góp nội dung","noun","/kənˈtrɪb.jə.t̬ɚ/","The magazine relies on freelance contributors for content.","Tạp chí dựa vào các cộng tác viên tự do để có nội dung."
"Listening_Topics","Bao-chi-LC","genre","thể loại","noun","/ˈʒɑːn.rə/","She specializes in writing articles in the lifestyle genre.","Cô ấy chuyên viết bài thuộc thể loại phong cách sống."
"Listening_Topics","Bao-chi-LC","edition","phiên bản ấn phẩm được phát hành theo kỳ","noun","/ɪˈdɪʃ.ən/","The morning edition of the newspaper includes international news.","Ấn bản buổi sáng của tờ báo có tin tức quốc tế."
"Listening_Topics","Bao-chi-LC","press","báo chí","noun","/pres/","The press gathered outside the building for the announcement.","Giới báo chí đã tập trung bên ngoài tòa nhà để đưa tin về thông báo."
"Listening_Topics","Bao-chi-LC","volume","tập sách hoặc tạp chí","noun","/ˈvɑːl.juːm/","The library just received the latest volume of the science journal.","Thư viện vừa nhận được tập mới nhất của tạp chí khoa học."
"Listening_Topics","Bao-chi-LC","issue","số báo","noun","/ˈɪʃ.uː/","The latest issue of the magazine features an exclusive interview.","Số báo mới nhất của tạp chí có bài phỏng vấn độc quyền."
"Listening_Topics","Bao-chi-LC","take a look","xem qua","phrase","/teɪk ə lʊk/","Could you take a look at this article before we publish it?","Bạn có thể xem qua bài viết này trước khi chúng tôi xuất bản không?"
"Listening_Topics","Bao-chi-LC","journalist","nhà báo","noun","/ˈdʒɝː.nə.lɪst/","The journalist interviewed the mayor for the Sunday edition.","Nhà báo đã phỏng vấn thị trưởng cho ấn bản Chủ nhật."
"Listening_Topics","Bao-chi-LC","publish","xuất bản","verb","/ˈpʌb.lɪʃ/","The newspaper plans to publish the interview tomorrow.","Tờ báo dự định sẽ đăng bài phỏng vấn vào ngày mai."
"Listening_Topics","Bao-chi-LC","publication","ấn phẩm","noun","/ˌpʌb.ləˈkeɪ.ʃən/","The article appeared in a leading international publication.","Bài viết đã xuất hiện trên một ấn phẩm quốc tế hàng đầu."
"Listening_Topics","Bao-chi-LC","photographer","nhiếp ảnh gia","noun","/fəˈtɑː.ɡrə.fɚ/","The photographer captured several images for the feature story.","Nhiếp ảnh gia đã chụp nhiều hình ảnh cho bài viết chính."
"Listening_Topics","Bao-chi-LC","layout","bố cục sắp xếp văn bản, hình ảnh trên trang","noun","/ˈleɪ.aʊt/","The layout of the front page was changed to highlight the main story.","Bố cục trang nhất đã được thay đổi để làm nổi bật bài viết chính."
"Listening_Topics","Bao-chi-LC","design","thiết kế","noun","/dɪˈzaɪn/","The graphic design team prepared the cover for next month’s issue.","Nhóm thiết kế đồ họa đã chuẩn bị bìa cho số báo tháng sau."
"Listening_Topics","Giao-duc-LC","degree","bằng cấp đại học hoặc cao đẳng","noun","/dɪˈɡriː/","She earned a degree in communications from a top university.","Cô ấy đã lấy bằng truyền thông từ một trường đại học hàng đầu."
"Listening_Topics","Giao-duc-LC","diploma","bằng tốt nghiệp","noun","/dɪˈploʊ.mə/","She received her high school diploma last summer.","Cô ấy đã nhận bằng tốt nghiệp trung học vào mùa hè năm ngoái."
"Listening_Topics","Giao-duc-LC","certificate","chứng chỉ xác nhận hoàn thành khóa học hoặc kỹ năng","noun","/sɚˈtɪf.ɪ.kət/","She received a certificate in digital marketing after the course.","Cô ấy đã nhận chứng chỉ marketing số sau khóa học."
"Listening_Topics","Giao-duc-LC","teacher","giáo viên","noun","/ˈtiː.tʃɚ/","The teacher explained the topic clearly to the students.","Giáo viên đã giải thích rõ ràng chủ đề cho học sinh."
"Listening_Topics","Giao-duc-LC","learning","quá trình tiếp thu kiến thức hoặc kỹ năng","noun","/ˈlɝː.nɪŋ/","Online platforms have changed the way learning happens.","Các nền tảng trực tuyến đã thay đổi cách việc học diễn ra."
"Listening_Topics","Giao-duc-LC","exam","bài kiểm tra","noun","/ɪɡˈzæm/","Students must pass the final exam to complete the course.","Học sinh phải vượt qua kỳ thi cuối kỳ để hoàn thành khóa học."
"Listening_Topics","Giao-duc-LC","instruction","hướng dẫn","noun","/ɪnˈstrʌk.ʃən/","Students must follow the instructions before starting the exam.","Học sinh phải làm theo hướng dẫn trước khi bắt đầu bài thi."
"Listening_Topics","Giao-duc-LC","instructor","người hướng dẫn, giảng viên","noun","/ɪnˈstrʌk.tɚ/","The language instructor helped students improve their pronunciation.","Giảng viên ngôn ngữ đã giúp học sinh cải thiện phát âm."
"Listening_Topics","Giao-duc-LC","paper","bài viết học thuật hoặc bài thi bằng giấy","noun","/ˈpeɪ.pɚ/","He submitted his final research paper last Friday.","Anh ấy đã nộp bài nghiên cứu cuối cùng vào thứ Sáu tuần trước."
"Listening_Topics","Giao-duc-LC","education","giáo dục, quá trình học tập và tiếp thu kiến thức","noun","/ˌed.jʊˈkeɪ.ʃən/","Education plays a key role in shaping a person’s future.","Giáo dục đóng vai trò then chốt trong việc hình thành tương lai của một người."
"Listening_Topics","Giao-duc-LC","undergraduate","sinh viên đại học chưa tốt nghiệp","noun","/ˌʌn.dɚˈɡrædʒ.u.ət/","The university has over 10,000 undergraduate students enrolled.","Trường đại học có hơn 10.000 sinh viên đại học đang theo học."
"Listening_Topics","Giao-duc-LC","tutor","gia sư","noun","/ˈtuː.t̬ɚ/","The tutor helped the student prepare for the math exam.","Gia sư đã giúp học sinh chuẩn bị cho kỳ thi toán."
"Listening_Topics","Giao-duc-LC","professor","giáo sư","noun","/prəˈfes.ɚ/","The professor gave a detailed explanation of the theory.","Giáo sư đã đưa ra lời giải thích chi tiết về lý thuyết đó."
"Listening_Topics","Giao-duc-LC","lesson","bài học","noun","/ˈles.ən/","The teacher prepared an interactive lesson for the students.","Giáo viên đã chuẩn bị một bài học có tính tương tác cho học sinh."
"Listening_Topics","Giao-duc-LC","lecture","bài giảng","noun","/ˈlek.tʃɚ/","The history lecture covered events from the 18th century.","Bài giảng lịch sử bao quát các sự kiện từ thế kỷ 18."
"Listening_Topics","Giao-duc-LC","scholarship","học bổng","noun","/ˈskɑː.lɚ.ʃɪp/","She received a full scholarship to study abroad.","Cô ấy đã nhận được học bổng toàn phần để du học."
"Listening_Topics","Giao-duc-LC","course","khóa học","noun","/kɔːrs/","She enrolled in a business management course this semester.","Cô ấy đã đăng ký một khóa học quản trị kinh doanh trong học kỳ này."
"Listening_Topics","Giao-duc-LC","graduate","tốt nghiệp","verb","/ˈɡrædʒ.u.eɪt/","He will graduate from college next June.","Anh ấy sẽ tốt nghiệp đại học vào tháng Sáu tới."
"Listening_Topics","Giao-duc-LC","public school","trường công","noun","/ˈpʌb.lɪk skuːl/","Most children in the city attend public schools.","Hầu hết trẻ em trong thành phố đều học ở các trường công."
"Listening_Topics","Giao-duc-LC","class","lớp học","noun","/klæs/","The history class starts at 10 a.m. every Monday.","Lớp học lịch sử bắt đầu lúc 10 giờ sáng mỗi thứ Hai."
"Listening_Topics","Giao-duc-LC","assignment","bài tập được giao","noun","/əˈsaɪn.mənt/","The professor gave us a reading assignment for next week.","Giáo sư đã giao bài đọc cho tuần sau."
"Listening_Topics","Giao-duc-LC","thesis","luận văn thạc sĩ hoặc tiến sĩ","noun","/ˈθiː.sɪs/","She is writing her master’s thesis on environmental policy.","Cô ấy đang viết luận văn thạc sĩ về chính sách môi trường."
"Listening_Topics","Giao-duc-LC","fellowship","học bổng nghiên cứu","noun","/ˈfel.oʊ.ʃɪp/","She received a research fellowship at a top university.","Cô ấy nhận được học bổng nghiên cứu tại một trường đại học hàng đầu."
"Listening_Topics","Giao-duc-LC","principal","hiệu trưởng","noun","/ˈprɪn.sə.pəl/","The principal welcomed all students on the first day of school.","Hiệu trưởng đã chào đón tất cả học sinh vào ngày đầu tiên đi học."
"Listening_Topics","Giao-duc-LC","take night classes","tham gia lớp học buổi tối","phrase","/teɪk naɪt ˈklæs.ɪz/","Many full-time employees take night classes to earn extra qualifications.","Nhiều nhân viên toàn thời gian tham gia lớp học ban đêm để lấy thêm bằng cấp."
"Listening_Topics","Giao-duc-LC","beginner","người mới bắt đầu","noun","/bɪˈɡɪn.ɚ/","The course is designed for beginners with no prior experience.","Khóa học được thiết kế cho người mới bắt đầu chưa có kinh nghiệm."
"Listening_Topics","Giao-duc-LC","teach","dạy học","verb","/tiːtʃ/","She teaches math at a local high school.","Cô ấy dạy toán tại một trường trung học địa phương."
"Listening_Topics","Giao-duc-LC","university","trường đại học","noun","/ˌjuː.nəˈvɝː.sə.t̬i/","She plans to attend a university in Canada next year.","Cô ấy dự định theo học một trường đại học ở Canada vào năm tới."
"Listening_Topics","Giao-duc-LC","cooking class","lớp học nấu ăn","noun","/ˈkʊ.kɪŋ klæs/","They joined a weekend cooking class to learn new recipes.","Họ tham gia lớp học nấu ăn cuối tuần để học công thức mới."
"Listening_Topics","Giao-duc-LC","gardening class","lớp học làm vườn","noun","/ˈɡɑːr.dən.ɪŋ klæs/","The community center offers a free gardening class every spring.","Trung tâm cộng đồng tổ chức lớp học làm vườn miễn phí mỗi mùa xuân."
"Listening_Topics","Giao-duc-LC","register for a class","đăng ký lớp học","phrase","/ˈredʒ.ɪ.stɚ fər ə klæs/","Students must register for a class before the deadline.","Sinh viên phải đăng ký lớp học trước thời hạn."
"Listening_Topics","Giao-duc-LC","enroll in a class","ghi danh vào lớp học","phrase","/ɪnˈroʊl ɪn ə klæs/","He decided to enroll in a class to improve his computer skills.","Anh ấy quyết định ghi danh một lớp học để cải thiện kỹ năng máy tính."
"Listening_Topics","Giao-duc-LC","advanced class","lớp nâng cao","noun","/ədˈvænst klæs/","He was placed in an advanced class due to his high test scores.","Anh ấy được xếp vào lớp nâng cao nhờ điểm thi cao."
"Listening_Topics","Giao-duc-LC","a class for professionals","lớp học cho người đi làm","phrase","/ə klæs fɔːr prəˈfeʃ.ə.nəlz/","The institute offers a class for professionals in digital marketing.","Viện đào tạo cung cấp lớp học cho chuyên gia trong lĩnh vực tiếp thị số."
"Listening_Topics","Giao-duc-LC","a class for amateurs","lớp học cho người mới bắt đầu","phrase","/ə klæs fɔːr ˈæm.ə.tʃɚz/","They offer a class for amateurs interested in photography.","Họ cung cấp lớp học cho người mới bắt đầu quan tâm đến nhiếp ảnh."
"Listening_Topics","Giao-duc-LC","a free class","lớp học miễn phí","phrase","/ə friː klæs/","The language center offers a free class every Monday evening.","Trung tâm ngoại ngữ tổ chức một lớp miễn phí vào tối thứ Hai hàng tuần."
"Listening_Topics","Giao-duc-LC","we also offer classes on weekends","chúng tôi có lớp học vào cuối tuần","phrase","/wi ˈɑːl.soʊ ˈɑː.fɚ ˈklæs.ɪz ɑn ˈwiːk.endz/","We also offer classes on weekends for working adults.","Chúng tôi cũng mở lớp học vào cuối tuần cho người đi làm."
"Listening_Topics","Giao-duc-LC","knowledge","kiến thức, sự hiểu biết tích lũy từ học tập hoặc kinh nghiệm","noun","/ˈnɑː.lɪdʒ/","The training improved their knowledge of safety procedures.","Khóa đào tạo đã nâng cao kiến thức về quy trình an toàn của họ."
"Listening_Topics","Giao-duc-LC","a class for computer programmers","lớp học cho lập trình viên","phrase","/ə klæs fɚ kəmˈpjuː.t̬ɚ ˈproʊ.ɡræm.ɚz/","We offer a class for computer programmers to learn Python.","Chúng tôi cung cấp lớp học cho lập trình viên để học Python."
"Listening_Topics","Giao-duc-LC","he registered for an online class","anh ấy đã đăng ký lớp học trực tuyến","phrase","/hi ˈredʒ.ɪ.stɚd fɔːr ən ˈɑːn.laɪn klæs/","He registered for an online class to improve his English.","Anh ấy đã đăng ký một lớp học trực tuyến để cải thiện tiếng Anh của mình."
"Listening_Topics","Ban-hang-LC","order","đơn đặt hàng","noun","/ˈɔːr.dɚ/","The customer placed an order for 50 units of the product.","Khách hàng đã đặt đơn hàng gồm 50 đơn vị sản phẩm."
"Listening_Topics","Ban-hang-LC","inventory","hàng tồn kho","noun","/ˈɪn.vən.tɔːr.i/","The manager checked the inventory before placing a new order.","Quản lý đã kiểm tra hàng tồn kho trước khi đặt đơn hàng mới."
"Listening_Topics","Ban-hang-LC","warehouse","kho hàng","noun","/ˈwer.haʊs/","The goods are stored in a central warehouse before shipping.","Hàng hóa được lưu trữ tại kho trung tâm trước khi vận chuyển."
"Listening_Topics","Ban-hang-LC","order number","mã đơn hàng","noun","/ˈɔːr.dɚ ˌnʌm.bɚ/","Please keep your order number for future reference.","Vui lòng giữ mã đơn hàng để tra cứu sau này."
"Listening_Topics","Ban-hang-LC","tracking number","mã theo dõi đơn hàng","noun","/ˈtræk.ɪŋ ˌnʌm.bɚ/","The tracking number allows customers to monitor the shipment.","Mã theo dõi cho phép khách hàng theo dõi lô hàng."
"Listening_Topics","Ban-hang-LC","large order","đơn hàng lớn","noun","/lɑːrdʒ ˈɔːr.dɚ/","We offer discounts for customers placing a large order.","Chúng tôi cung cấp giảm giá cho khách đặt đơn hàng lớn."
"Listening_Topics","Ban-hang-LC","replace","thay thế","verb","/rɪˈpleɪs/","The company will replace any damaged items free of charge.","Công ty sẽ thay thế bất kỳ mặt hàng nào bị hỏng miễn phí."
"Listening_Topics","Ban-hang-LC","order status","tình trạng đơn hàng","noun","/ˈɔːr.dɚ ˈstæ.t̬əs/","You can check your order status online at any time.","Bạn có thể kiểm tra tình trạng đơn hàng của mình trực tuyến bất cứ lúc nào."
"Listening_Topics","Ban-hang-LC","standard","tiêu chuẩn","noun","/ˈstæn.dɚd/","All products must meet safety standards before shipment.","Tất cả sản phẩm phải đáp ứng tiêu chuẩn an toàn trước khi vận chuyển."
"Listening_Topics","Ban-hang-LC","extra","thêm, vượt mức thông thường","adj","/ˈek.strə/","There will be an extra charge for express shipping.","Sẽ có phụ phí cho dịch vụ giao hàng nhanh."
"Listening_Topics","Ban-hang-LC","supplier","nhà cung cấp","noun","/səˈplaɪ.ɚ/","We are looking for a new supplier for office equipment.","Chúng tôi đang tìm nhà cung cấp mới cho thiết bị văn phòng."
"Listening_Topics","Ban-hang-LC","manufacturer","nhà sản xuất","noun","/ˌmæn.jəˈfæk.tʃɚ.ɚ/","The manufacturer guarantees all products for one year.","Nhà sản xuất bảo hành tất cả sản phẩm trong một năm."
"Listening_Topics","Ban-hang-LC","in bulk","số lượng lớn","phrase","/ɪn bʌlk/","Buying in bulk can help reduce overall costs.","Mua với số lượng lớn có thể giúp giảm tổng chi phí."
"Listening_Topics","Ban-hang-LC","be shipped separately","được gửi riêng","phrase","/bi ʃɪpt ˈsep.ɚ.ət.li/","Some items in your purchase may be shipped separately.","Một số mặt hàng trong đơn mua của bạn có thể được gửi riêng."
"Listening_Topics","Ban-hang-LC","track the order status","theo dõi tình trạng đơn hàng","phrase","/træk ði ˈɔːr.dɚ ˈstæ.t̬əs/","Customers can track the order status online using a tracking number.","Khách hàng có thể theo dõi tình trạng đơn hàng trực tuyến bằng mã theo dõi."
"Listening_Topics","Ban-hang-LC","place an order","đặt hàng","phrase","/pleɪs ən ˈɔːr.dɚ/","Customers can place an order by phone or through the website.","Khách hàng có thể đặt đơn hàng qua điện thoại hoặc trang web."
"Listening_Topics","Ban-hang-LC","inquire about an order","hỏi về đơn hàng","phrase","/ɪnˈkwaɪɚ əˈbaʊt ən ˈɔːr.dɚ/","Customers can call the hotline to inquire about an order.","Khách hàng có thể gọi đường dây nóng để hỏi về đơn hàng."
"Listening_Topics","Ban-hang-LC","complaint","lời phàn nàn về sản phẩm hoặc dịch vụ","noun","/kəmˈpleɪnt/","The company received a complaint about the delayed shipment.","Công ty đã nhận được lời phàn nàn về việc giao hàng chậm trễ."
"Listening_Topics","Ban-hang-LC","notice","thông báo","noun","/ˈnoʊ.t̬ɪs/","We received a notice regarding the change in delivery schedule.","Chúng tôi đã nhận được thông báo về việc thay đổi lịch giao hàng."
"Listening_Topics","Ban-hang-LC","charge","khoản phí","noun","/tʃɑːrdʒ/","There will be an additional charge for international shipping.","Sẽ có thêm phí cho việc vận chuyển quốc tế."
"Listening_Topics","Ban-hang-LC","warranty","bảo hành","noun","/ˈwɔːr.ən.ti/","The product comes with a two-year warranty.","Sản phẩm đi kèm với bảo hành hai năm."
"Listening_Topics","Ban-hang-LC","dissatisfied","không hài lòng","adj","/ˌdɪsˈsæt̬.ɪs.faɪd/","The customer was dissatisfied with the slow delivery service.","Khách hàng không hài lòng với dịch vụ giao hàng chậm."
"Listening_Topics","Ban-hang-LC","quality","chất lượng","noun","/ˈkwɑː.lə.t̬i/","We are committed to providing high-quality products to our customers.","Chúng tôi cam kết cung cấp sản phẩm chất lượng cao cho khách hàng."
"Listening_Topics","Ban-hang-LC","customer service department","bộ phận chăm sóc khách hàng","noun","/ˈkʌs.tə.mɚ ˈsɝː.vɪs dɪˈpɑːrt.mənt/","Please contact our customer service department if you have any issues.","Vui lòng liên hệ bộ phận chăm sóc khách hàng nếu bạn gặp vấn đề."
"Listening_Topics","Ban-hang-LC","representative","người đại diện","noun","/ˌrep.rɪˈzen.tə.t̬ɪv/","A sales representative will contact you within 24 hours.","Một đại diện bán hàng sẽ liên hệ với bạn trong vòng 24 giờ."
"Listening_Topics","Ban-hang-LC","valid coupon","phiếu giảm giá còn hiệu lực","noun","/ˈvæ.lɪd ˈkuː.pɑːn/","You must present a valid coupon to receive the discount.","Bạn phải xuất trình phiếu giảm giá còn hiệu lực để được giảm giá."
"Listening_Topics","Ban-hang-LC","from the date of purchase","kể từ ngày mua","phrase","/frʌm ðə deɪt əv ˈpɝː.tʃəs/","The warranty is valid for one year from the date of purchase.","Bảo hành có hiệu lực trong một năm kể từ ngày mua."
"Listening_Topics","Ban-hang-LC","original receipt","hóa đơn gốc","noun","/əˈrɪ.dʒən.əl rɪˈsiːt/","Customers must provide the original receipt for a refund.","Khách hàng phải cung cấp hóa đơn gốc để được hoàn tiền."
"Listening_Topics","Ban-hang-LC","correct","sửa cho đúng","verb","/kəˈrekt/","Please contact support to correct the billing information.","Vui lòng liên hệ hỗ trợ để sửa thông tin thanh toán."
"Listening_Topics","Ban-hang-LC","billing error","lỗi thanh toán","noun","/ˈbɪl.ɪŋ ˈer.ɚ/","We apologize for the billing error on your last invoice.","Chúng tôi xin lỗi vì lỗi thanh toán trong hóa đơn gần đây của bạn."
"Listening_Topics","Ban-hang-LC","be overcharged","bị tính phí quá mức","phrase","/bi ˌoʊ.vɚˈtʃɑːrdʒd/","If you believe you were overcharged, please contact customer service.","Nếu bạn nghĩ mình bị tính phí quá cao, vui lòng liên hệ bộ phận chăm sóc khách hàng."
"Listening_Topics","Ban-hang-LC","complaint about","lời phàn nàn về","phrase","/kəmˈpleɪnt əˈbaʊt/","The customer made a complaint about the defective item.","Khách hàng đã phàn nàn về mặt hàng bị lỗi."
"Listening_Topics","Ban-hang-LC","file a complaint","nộp đơn khiếu nại","phrase","/faɪl ə kəmˈpleɪnt/","You can file a complaint through our support center.","Bạn có thể nộp đơn khiếu nại thông qua trung tâm hỗ trợ của chúng tôi."
"Listening_Topics","Ban-hang-LC","I have some questions about","tôi có vài câu hỏi về","phrase","/aɪ hæv səm ˈkwes.tʃənz əˈbaʊt/","I have some questions about the return policy.","Tôi có một vài câu hỏi về chính sách hoàn trả."
"Listening_Topics","Trien-lam-bao-tang-LC","museum","bảo tàng","noun","/mjuˈziː.əm/","The museum features a new exhibition on ancient Egypt.","Bảo tàng có một triển lãm mới về Ai Cập cổ đại."
"Listening_Topics","Trien-lam-bao-tang-LC","art gallery","phòng triển lãm nghệ thuật","noun","/ɑːrt ˈɡæl.ɚ.i/","She spent the afternoon exploring the art gallery downtown.","Cô ấy đã dành cả chiều để khám phá phòng triển lãm nghệ thuật ở trung tâm thành phố."
"Listening_Topics","Trien-lam-bao-tang-LC","admission","phí vào cửa","noun","/ədˈmɪʃ.ən/","General admission to the museum is $12 per person.","Phí vào cửa chung cho bảo tàng là 12 đô mỗi người."
"Listening_Topics","Trien-lam-bao-tang-LC","exhibit","hiện vật trưng bày","noun","/ɪɡˈzɪb.ɪt/","The dinosaur skeleton is the most popular exhibit in the museum.","Bộ xương khủng long là hiện vật được yêu thích nhất trong bảo tàng."
"Listening_Topics","Trien-lam-bao-tang-LC","exhibit","trưng bày","verb","/ɪɡˈzɪb.ɪt/","The museum will exhibit contemporary paintings next month.","Bảo tàng sẽ trưng bày các bức tranh đương đại vào tháng tới."
"Listening_Topics","Trien-lam-bao-tang-LC","exhibition","cuộc triển lãm","noun","/ˌek.səˈbɪʃ.ən/","The museum is hosting an exhibition of Impressionist paintings.","Bảo tàng đang tổ chức triển lãm tranh trường phái ấn tượng."
"Listening_Topics","Trien-lam-bao-tang-LC","display","sự trưng bày","noun","/dɪˈspleɪ/","The display of ancient tools was very informative.","Việc trưng bày các công cụ cổ xưa rất hữu ích."
"Listening_Topics","Trien-lam-bao-tang-LC","display","trưng bày","verb","/dɪˈspleɪ/","The museum displays items from various time periods.","Bảo tàng trưng bày các hiện vật từ nhiều thời kỳ khác nhau."
"Listening_Topics","Trien-lam-bao-tang-LC","artwork","tác phẩm nghệ thuật","noun","/ˈɑːrt.wɝːk/","The gallery is showcasing artwork from local students.","Phòng tranh đang trưng bày tác phẩm nghệ thuật của học sinh địa phương."
"Listening_Topics","Trien-lam-bao-tang-LC","painting","bức tranh vẽ bằng sơn","noun","/ˈpeɪn.t̬ɪŋ/","The museum acquired a famous painting by Van Gogh.","Bảo tàng đã mua một bức tranh nổi tiếng của Van Gogh."
"Listening_Topics","Trien-lam-bao-tang-LC","sculpture","tác phẩm điêu khắc","noun","/ˈskʌlp.tʃɚ/","The sculpture in the center of the room is made of marble.","Tác phẩm điêu khắc ở giữa phòng được làm bằng đá cẩm thạch."
"Listening_Topics","Trien-lam-bao-tang-LC","curator","người phụ trách triển lãm","noun","/ˈkjʊr.eɪ.t̬ɚ/","The curator gave a guided tour of the new exhibit.","Người phụ trách đã dẫn tour tham quan triển lãm mới."
"Listening_Topics","Trien-lam-bao-tang-LC","museum director","giám đốc bảo tàng","noun","/mjuˈziː.əm dəˈrek.tɚ/","The museum director welcomed guests at the opening ceremony.","Giám đốc bảo tàng đã chào đón khách tại lễ khai mạc."
"Listening_Topics","Trien-lam-bao-tang-LC","be interested in","quan tâm đến","phrase","/bi ˈɪn.trə.stɪd ɪn/","Many visitors are interested in historical exhibits.","Nhiều khách tham quan quan tâm đến các triển lãm lịch sử."
"Listening_Topics","Trien-lam-bao-tang-LC","the museum is closed on weekends","bảo tàng đóng cửa vào cuối tuần","phrase","/ðə mjuˈziː.əm ɪz kloʊzd ɑːn ˈwiːk.endz/","Please note that the museum is closed on weekends.","Lưu ý rằng bảo tàng đóng cửa vào cuối tuần."
